Date,Open,High,Low,Close,Adj Close,Volume
2020-05-08,6656.34,6899.86,6656.34,6737.51,6570.53,35230590.0
2020-05-11,6859.27,6899.86,6696.92,6818.69,6649.69,36640560.0
2020-05-12,6818.69,6981.04,6737.51,6981.04,6808.02,29425389.0
2020-05-13,7062.21,7163.68,6899.86,7102.8,6926.76,27190610.0
2020-05-14,7021.62,7123.09,6940.45,7021.62,6847.6,18579763.0
2020-05-15,7062.21,7082.5,6879.57,6879.57,6709.06,19836558.0
2020-05-18,6879.57,6940.45,6818.69,6920.16,6748.64,11809193.0
2020-05-19,7062.21,7102.8,7001.33,7062.21,6887.18,24897316.0
2020-05-20,7001.33,7062.21,6960.74,7021.62,6847.6,10494920.0
2020-05-21,7041.92,7163.68,7001.33,7143.39,6966.34,21517721.0
2020-05-22,7102.8,7163.68,6981.04,7001.33,6827.81,19230608.0
2020-05-25,7001.33,7082.5,6981.04,7021.62,6847.6,11197057.0
2020-05-26,7062.21,7143.39,7041.92,7143.39,6966.34,24167504.0
2020-05-27,7224.56,7224.56,7021.62,7021.62,6847.6,28871229.0
2020-05-28,7041.92,7102.8,7001.33,7021.62,6847.6,8474444.0
2020-05-29,7021.62,7021.62,6960.74,6981.04,6808.02,11246652.0
2020-06-01,7001.33,7326.03,7001.33,7244.85,7065.29,43143558.0
2020-06-02,7305.74,7427.5,7265.15,7265.15,7085.09,34611035.0
2020-06-03,7305.74,7346.32,7265.15,7326.03,7144.46,13776676.0
2020-06-04,7366.62,7427.5,7305.74,7305.74,7124.67,23769696.0
2020-06-05,7285.44,7305.74,7224.56,7265.15,7085.09,17051779.0
2020-06-08,7366.62,7427.5,7326.03,7346.32,7164.25,20780276.0
2020-06-09,7366.62,7386.91,7326.03,7346.32,7164.25,16443169.0
2020-06-10,7326.03,7650.73,7285.44,7549.26,7362.16,25364920.0
2020-06-11,7589.85,7650.73,7102.8,7102.8,6926.76,24281112.0
2020-06-12,6940.45,7163.68,6940.45,7163.68,6986.13,26270203.0
2020-06-15,7183.97,7204.27,6859.27,6899.86,6728.85,22231809.0
2020-06-16,7001.33,7102.8,6960.74,7062.21,6887.18,15711684.0
2020-06-17,7062.21,7102.8,7001.33,7021.62,6847.6,7378463.0
2020-06-18,7041.92,7062.21,6981.04,7021.62,6847.6,9154308.0
2020-06-19,7062.21,7102.8,7021.62,7102.8,6926.76,7667075.0
2020-06-22,7123.09,7204.27,7082.5,7102.8,6926.76,6462291.0
2020-06-23,7102.8,7163.68,7082.5,7102.8,6926.76,21767919.0
2020-06-24,7143.39,7224.56,7102.8,7123.09,6946.55,14140337.0
2020-06-25,7062.21,7082.5,7021.62,7041.92,6867.39,6674796.0
2020-06-26,7082.5,7102.8,7001.33,7041.92,6867.39,4925905.0
2020-06-29,6981.04,7021.62,6798.39,6838.98,6669.48,14735742.0
2020-06-30,6899.86,6940.45,6717.22,6737.51,6570.53,8375765.0
2020-07-01,6757.81,6859.27,6737.51,6859.27,6689.27,30134229.0
2020-07-02,6859.27,6879.57,6798.39,6838.98,6669.48,6475300.0
2020-07-03,6859.27,6879.57,6818.69,6838.98,6669.48,3058751.0
2020-07-06,6859.27,6960.74,6838.98,6899.86,6728.85,8305350.0
2020-07-07,6960.74,6981.04,6899.86,6940.45,6768.43,14160427.0
2020-07-08,6920.16,6981.04,6920.16,6960.74,6788.22,4475371.0
2020-07-09,7001.33,7102.8,6981.04,7082.5,6906.97,9307950.0
2020-07-10,7062.21,7062.21,6981.04,7001.33,6827.81,5674128.0
2020-07-13,7001.33,7062.21,6960.74,6981.04,6808.02,6216081.0
2020-07-14,6960.74,6981.04,6899.86,6960.74,6788.22,9796363.0
2020-07-15,7021.62,7062.21,6981.04,7021.62,6847.6,7246205.0
2020-07-16,7102.8,7102.8,7021.62,7102.8,6926.76,9322982.0
2020-07-17,7102.8,7123.09,7062.21,7102.8,6926.76,11600289.0
2020-07-20,7102.8,7123.09,6981.04,6981.04,6808.02,7530185.0
2020-07-21,7021.62,7021.62,6960.74,7021.62,6847.6,10020094.0
2020-07-22,7062.21,7062.21,6960.74,6960.74,6788.22,6836299.0
2020-07-23,6960.74,6981.04,6879.57,6920.16,6748.64,10369264.0
2020-07-24,6899.86,6899.86,6656.34,6696.92,6530.94,20420409.0
2020-07-27,6453.4,6534.57,6230.17,6230.17,6075.76,27511328.0
2020-07-28,6453.4,6636.04,6291.05,6615.75,6451.78,17312006.0
2020-07-29,6453.4,6453.4,6230.17,6351.93,6194.5,12051856.0
2020-07-30,6412.81,6453.4,6372.23,6433.11,6273.67,7492241.0
2020-07-31,6372.23,6453.4,6291.05,6392.52,6234.08,6954860.0
2020-08-03,6372.23,6575.16,6372.23,6575.16,6412.2,10336274.0
2020-08-04,6615.75,6696.92,6575.16,6656.34,6491.36,6299978.0
2020-08-05,6656.34,6717.22,6575.16,6717.22,6550.74,8741986.0
2020-08-06,6696.92,6717.22,6636.04,6636.04,6471.57,7515279.0
2020-08-07,6636.04,6676.63,6615.75,6615.75,6451.78,5034656.0
2020-08-10,6696.92,6717.22,6636.04,6676.63,6511.15,9104217.0
2020-08-11,6717.22,6737.51,6656.34,6696.92,6530.94,10666599.0
2020-08-12,6696.92,6859.27,6696.92,6838.98,6669.48,16337077.0
2020-08-13,6879.57,6899.86,6818.69,6879.57,6709.06,6728384.0
2020-08-14,6859.27,6981.04,6838.98,6960.74,6788.22,14005588.0
2020-08-17,6960.74,6981.04,6838.98,6940.45,6768.43,9505178.0
2020-08-18,6940.45,6960.74,6859.27,6899.86,6728.85,6686993.0
2020-08-19,6899.86,6920.16,6859.27,6920.16,6748.64,9606493.0
2020-08-20,6920.16,6960.74,6879.57,6920.16,6748.64,10338983.0
2020-08-21,6920.16,7021.62,6899.86,7021.62,6847.6,20044432.0
2020-08-24,7062.21,7244.85,7062.21,7224.56,7045.5,20558753.0
2020-08-25,7265.15,7427.5,7244.85,7326.03,7144.46,30432475.0
2020-08-26,7305.74,7366.62,7265.15,7265.15,7085.09,14368954.0
2020-08-27,7265.15,7305.74,7204.27,7265.15,7085.09,8863849.0
2020-08-28,7305.74,7366.62,7265.15,7265.15,7085.09,14882904.0
2020-08-31,7305.74,7386.91,7265.15,7285.44,7104.88,9648647.0
2020-09-01,7326.03,7346.32,7265.15,7346.32,7164.25,19841940.0
2020-09-03,7386.91,7447.79,7346.32,7386.91,7203.83,12198182.0
2020-09-04,7244.85,7346.32,7244.85,7326.03,7144.46,13252378.0
2020-09-07,7366.62,7366.62,7183.97,7183.97,7005.92,18858815.0
2020-09-08,7224.56,7244.85,7123.09,7224.56,7045.5,8575584.0
2020-09-09,7143.39,7224.56,7143.39,7204.27,7025.71,9153275.0
2020-09-10,7265.15,7305.74,7224.56,7224.56,7045.5,7709674.0
2020-09-11,7224.56,7265.15,7163.68,7244.85,7065.29,10424257.0
2020-09-14,7305.74,7407.2,7285.44,7366.62,7184.04,11285953.0
2020-09-15,7366.62,7407.2,7326.03,7346.32,7164.25,13808066.0
2020-09-16,7326.03,7366.62,7305.74,7346.32,7164.25,6440364.0
2020-09-17,7326.03,7488.38,7326.03,7346.32,7164.25,18258215.0
2020-09-18,7386.91,7630.44,7366.62,7610.14,7421.53,29426649.0
2020-09-21,7711.61,7813.08,7650.73,7731.9,7540.27,28619772.0
2020-09-22,7731.9,7813.08,7711.61,7792.79,7599.65,24563784.0
2020-09-23,7833.37,7873.96,7752.2,7792.79,7599.65,24689121.0
2020-09-24,7853.67,7975.43,7792.79,7955.13,7757.97,36734973.0
2020-09-25,7995.72,8016.02,7853.67,7955.13,7757.97,16100796.0
2020-09-28,8016.02,8158.07,7975.43,8117.48,7916.3,23444055.0
2020-09-29,8117.48,8137.78,7975.43,7975.43,7777.76,21181705.0
2020-09-30,7975.43,8036.31,7934.84,8016.02,7817.34,14540709.0
2020-10-01,8076.9,8117.48,7995.72,8056.6,7856.92,19627628.0
2020-10-02,8076.9,8117.48,7975.43,8056.6,7856.92,32369677.0
2020-10-05,8168.22,8308.25,8168.22,8261.57,8056.81,29458059.0
2020-10-06,8378.26,8378.26,8261.57,8331.58,8125.09,21157139.0
2020-10-07,8284.91,8308.25,8214.89,8214.89,8011.29,19997818.0
2020-10-08,8354.92,8354.92,8214.89,8238.23,8034.05,17313603.0
2020-10-09,8238.23,8261.57,8191.56,8191.56,7988.53,9197941.0
2020-10-12,8238.23,8284.91,8144.88,8191.56,7988.53,11629599.0
2020-10-13,8214.89,8214.89,8098.21,8168.22,7965.77,9078497.0
2020-10-14,8121.54,8284.91,8121.54,8238.23,8034.05,10548606.0
2020-10-15,8261.57,8261.57,8191.56,8214.89,8011.29,17056935.0
2020-10-16,8284.91,8354.92,8261.57,8331.58,8125.09,20289726.0
2020-10-19,8401.6,8564.96,8401.6,8518.29,8307.16,23223765.0
2020-10-20,8541.62,8751.66,8518.29,8728.33,8512.0,27636249.0
2020-10-21,8821.68,8891.69,8658.31,8658.31,8443.72,22496663.0
2020-10-22,8704.99,8775.0,8588.3,8775.0,8557.52,15546105.0
2020-10-23,8868.35,8868.35,8704.99,8798.34,8580.28,14516643.0
2020-10-26,8775.0,8798.34,8588.3,8588.3,8375.44,19853821.0
2020-10-27,8588.3,8588.3,8354.92,8354.92,8147.85,21122558.0
2020-10-28,8284.91,8378.26,8168.22,8191.56,7988.53,17284918.0
2020-10-29,8168.22,8354.92,8168.22,8308.25,8102.33,13369055.0
2020-10-30,8354.92,8378.26,8214.89,8308.25,8102.33,13409931.0
2020-11-02,8378.26,8401.6,8308.25,8401.6,8193.37,7910371.0
2020-11-03,8448.27,8564.96,8401.6,8518.29,8307.16,8844715.0
2020-11-04,8681.65,8681.65,8494.95,8611.64,8398.2,11053303.0
2020-11-05,8634.97,8658.31,8494.95,8541.62,8329.92,15389255.0
2020-11-06,8541.62,8588.3,8378.26,8401.6,8193.37,8553898.0
2020-11-09,8448.27,8541.62,8424.93,8518.29,8307.16,10734635.0
2020-11-10,8588.3,8634.97,8448.27,8448.27,8238.89,15116756.0
2020-11-11,8494.95,8564.96,8424.93,8518.29,8307.16,20039016.0
2020-11-12,8541.62,8728.33,8518.29,8728.33,8512.0,26710475.0
2020-11-13,8775.0,9008.38,8775.0,9008.38,8785.11,34516131.0
2020-11-16,9101.73,9148.41,8868.35,8891.69,8671.31,42994894.0
2020-11-17,8938.37,9125.07,8915.03,9125.07,8898.91,21308268.0
2020-11-18,9171.74,9335.11,9078.39,9171.74,8944.42,24234213.0
2020-11-19,9218.42,9241.76,9055.05,9101.73,8876.15,28724165.0
2020-11-20,9078.39,9101.73,8985.04,9008.38,8785.11,17541947.0
2020-11-23,9008.38,9055.05,8891.69,8961.7,8739.59,19310966.0
2020-11-24,9055.05,9101.73,8961.7,9031.72,8807.87,18564305.0
2020-11-25,9148.41,9148.41,9008.38,9078.39,8853.39,15035346.0
2020-11-26,8985.04,9101.73,8961.7,9101.73,8876.15,26668075.0
2020-11-27,9101.73,9335.11,9055.05,9335.11,9103.74,37867863.0
2020-11-30,9521.81,9615.16,9428.46,9498.47,9263.06,40027922.0
2020-12-01,9358.44,9731.85,9358.44,9731.85,9490.65,45189835.0
2020-12-02,9755.19,9988.56,9731.85,9965.23,9718.24,40944762.0
2020-12-03,10058.58,10058.58,9731.85,9801.86,9558.93,48091846.0
2020-12-04,9801.86,9871.88,9731.85,9778.52,9536.17,41597931.0
2020-12-07,9778.52,9825.2,9708.51,9755.19,9513.41,17682211.0
2020-12-08,9755.19,10058.58,9708.51,9965.23,9718.24,40870569.0
2020-12-09,10035.24,10151.93,9965.23,9988.56,9741.0,27627336.0
2020-12-10,10011.9,10058.58,9801.86,9825.2,9581.69,31713738.0
2020-12-11,9871.88,10035.24,9731.85,10035.24,9786.52,18706002.0
2020-12-14,10081.92,10221.94,10081.92,10198.6,9945.84,30044237.0
2020-12-15,10198.6,10198.6,9988.56,10035.24,9786.52,29530477.0
2020-12-16,10105.25,10455.32,10035.24,10385.31,10127.91,42861830.0
2020-12-17,10315.29,10408.64,10175.27,10315.29,10059.63,36860823.0
2020-12-18,10502.0,10782.05,10338.63,10782.05,10514.82,38568742.0
2020-12-21,10875.4,11062.1,10758.71,10852.06,10583.1,58909442.0
2020-12-22,10922.08,11062.1,10735.37,10828.72,10560.34,49072920.0
2020-12-23,10875.4,10898.74,10688.7,10688.7,10423.78,30076522.0
2020-12-24,10758.71,10805.39,10315.29,10642.02,10378.27,35160555.0
2020-12-25,10642.02,10805.39,10548.67,10782.05,10514.82,27654031.0
2020-12-28,10968.75,10968.75,10665.36,10758.71,10492.06,35708914.0
2020-12-29,10758.71,10758.71,10665.36,10712.04,10446.54,24530855.0
2020-12-30,10688.7,10805.39,10688.7,10688.7,10423.78,28918979.0
2020-12-31,10758.71,10782.05,10712.04,10735.37,10469.3,30561315.0
2021-01-04,10922.08,11365.49,10782.05,11178.79,10901.73,92781790.0
2021-01-05,11272.14,11738.9,11178.79,11738.9,11447.96,73153740.0
2021-01-06,11902.26,12135.64,11668.88,11808.91,11516.23,48332171.0
2021-01-07,11902.26,12112.3,11785.57,12088.96,11789.34,43432603.0
2021-01-08,12228.99,12765.76,12135.64,12415.69,12107.98,55407612.0
2021-01-11,12602.39,12695.75,12228.99,12299.0,11994.18,50222455.0
2021-01-12,12299.0,12369.02,11995.61,12205.65,11903.14,36425077.0
2021-01-13,12205.65,12415.69,12088.96,12135.64,11834.86,40186791.0
2021-01-14,12275.67,12322.34,12065.63,12322.34,12016.94,45288821.0
2021-01-15,12555.72,12695.75,12392.35,12485.71,12176.25,45897063.0
2021-01-18,12485.71,12532.38,12228.99,12228.99,11925.9,30719089.0
2021-01-19,12228.99,12228.99,11388.83,11388.83,11106.56,51324317.0
2021-01-20,11388.83,11552.2,10688.7,11388.83,11106.56,51123355.0
2021-01-21,11668.88,12042.29,11388.83,12042.29,11743.83,32639367.0
2021-01-22,11995.61,12112.3,11808.91,11948.94,11652.79,26567450.0
2021-01-25,11855.59,12042.29,11738.9,11762.23,11470.71,23406051.0
2021-01-26,11738.9,11948.94,11085.44,11948.94,11652.79,43399823.0
2021-01-27,11575.53,11785.57,11132.12,11202.13,10924.49,48843575.0
2021-01-28,10502.0,10735.37,10431.98,10431.98,10173.43,55456246.0
2021-01-29,9941.89,10968.75,9941.89,10945.41,10674.14,42627684.0
2021-02-01,10735.37,10968.75,10245.28,10268.62,10014.12,34824452.0
2021-02-02,10548.67,10922.08,10245.28,10898.74,10628.62,32714782.0
2021-02-03,11062.1,11365.49,10922.08,11318.82,11038.29,43809459.0
2021-02-04,11342.16,11365.49,11108.78,11225.47,10947.25,23758912.0
2021-02-05,11295.48,11575.53,11225.47,11552.2,11265.88,26268793.0
2021-02-08,11575.53,11762.23,11132.12,11155.45,10878.97,49841313.0
2021-02-09,11202.13,11552.2,11108.78,11552.2,11265.88,36279819.0
2021-02-17,11738.9,12042.29,11668.88,12042.29,11743.83,39571051.0
2021-02-18,12135.64,12275.67,11948.94,12228.99,11925.9,50061942.0
2021-02-19,12088.96,12789.1,12042.29,12532.38,12221.77,64754308.0
2021-02-22,12532.38,12672.41,12275.67,12462.37,12153.49,42639467.0
2021-02-23,12485.71,12835.77,12415.69,12789.1,12472.13,78677661.0
2021-02-24,12905.79,12975.8,12555.72,12602.39,12290.05,45503280.0
2021-02-25,12742.42,12812.43,12532.38,12742.42,12426.61,41247731.0
2021-02-26,12509.04,12975.8,12462.37,12905.79,12585.92,51750064.0
2021-03-01,13092.49,13279.19,13022.47,13232.51,12904.55,47274016.0
2021-03-02,13372.54,13395.88,13069.15,13115.83,12790.76,31992519.0
2021-03-03,13069.15,13255.85,13022.47,13069.15,12745.24,38497469.0
2021-03-04,13069.15,13162.5,12555.72,12672.41,12358.33,56031494.0
2021-03-05,12649.07,12835.77,12509.04,12765.76,12449.37,42154244.0
2021-03-08,12929.12,12999.14,12719.08,12882.45,12563.16,31728612.0
2021-03-09,12695.75,12859.11,12602.39,12742.42,12426.61,26787909.0
2021-03-10,12789.1,13115.83,12649.07,13045.81,12722.48,55318272.0
2021-03-11,13185.84,13302.53,13115.83,13185.84,12859.03,36488493.0
2021-03-12,13255.85,13279.19,13139.16,13185.84,12859.03,36127276.0
2021-03-15,13255.85,13489.23,13162.5,13489.23,13154.91,52647280.0
2021-03-16,13582.58,13605.92,13232.51,13372.54,13041.11,27465993.0
2021-03-17,13372.54,13535.91,13372.54,13535.91,13200.42,30390867.0
2021-03-18,13675.93,13699.27,13535.91,13629.26,13291.46,29682572.0
2021-03-19,13535.91,13699.27,13535.91,13629.26,13291.46,21394505.0
2021-03-22,13629.26,13652.59,13302.53,13372.54,13041.11,34641059.0
2021-03-23,13372.54,13395.88,13185.84,13232.51,12904.55,34119157.0
2021-03-24,13069.15,13139.16,12789.1,12882.45,12563.16,34978495.0
2021-03-25,12929.12,13069.15,12835.77,12859.11,12540.4,28279911.0
2021-03-26,12742.42,12952.46,12485.71,12835.77,12517.64,31089305.0
2021-03-29,12905.79,13209.18,12835.77,13185.84,12859.03,36534128.0
2021-03-30,13185.84,13395.88,13045.81,13209.18,12881.79,28481515.0
2021-03-31,13232.51,13325.87,13115.83,13139.16,12813.52,22570067.0
2021-04-01,13185.84,13629.26,13162.5,13629.26,13291.46,42506635.0
2021-04-02,13815.96,13862.63,13652.59,13815.96,13473.54,38329287.0
2021-04-05,14119.35,14189.36,13909.31,14189.36,13837.69,56962388.0
2021-04-06,14329.39,14679.46,14236.04,14656.12,14292.87,72051450.0
2021-04-07,14702.79,14959.51,14679.46,14842.82,14474.95,50742642.0
2021-04-08,14842.82,14842.82,14469.42,14562.77,14201.84,48261876.0
2021-04-09,14516.09,14679.46,14399.4,14632.78,14270.11,37183719.0
2021-04-12,14749.47,14819.48,14632.78,14772.81,14406.67,35890536.0
2021-04-13,14842.82,14842.82,14422.74,14516.09,14156.32,48612618.0
2021-04-14,14376.06,14632.78,14282.71,14586.1,14224.59,32619871.0
2021-04-15,14586.1,14586.1,14259.38,14282.71,13928.72,40767823.0
2021-04-16,14189.36,14306.05,13909.31,14096.01,13746.65,39766871.0
2021-04-19,14212.7,14376.06,13979.32,14236.04,13883.21,30400293.0
2021-04-20,14329.39,14469.42,14049.34,14236.04,13883.21,28346540.0
2021-04-22,14189.36,14236.04,13629.26,13629.26,13291.46,29446474.0
2021-04-23,13629.26,14142.69,13582.58,14142.69,13792.17,36239755.0
2021-04-26,14142.69,14142.69,13769.28,13815.96,13473.54,31110730.0
2021-04-27,13815.96,13979.32,13629.26,13815.96,13473.54,22114153.0
2021-04-28,13815.96,14376.06,13815.96,14119.35,13769.41,37873373.0
2021-04-29,14236.04,14446.08,14166.02,14166.02,13814.93,41145966.0
2021-05-04,13815.96,14632.78,13815.96,14586.1,14224.59,67609227.0
2021-05-05,14726.13,15122.87,14702.79,14796.14,14429.43,60941494.0
2021-05-06,14796.14,14982.85,14632.78,14749.47,14383.91,40840452.0
2021-05-07,14609.44,14796.14,14562.77,14749.47,14383.91,53202175.0
2021-05-10,14749.47,15612.97,14726.13,15496.28,15112.21,78670548.0
2021-05-11,15496.28,15589.63,15262.9,15262.9,14884.62,54386307.0
2021-05-12,15192.89,15496.28,15146.21,15496.28,15112.21,45398515.0
2021-05-13,15309.58,15776.33,15309.58,15379.59,14998.41,57625048.0
2021-05-14,15589.63,15589.63,15332.91,15402.93,15021.17,46844454.0
2021-05-17,15636.3,15636.3,15309.58,15356.25,14975.65,41226736.0
2021-05-18,15332.91,15636.3,15216.22,15542.95,15157.73,50214314.0
2021-05-19,15729.66,16103.06,15589.63,16103.06,15703.95,63638691.0
2021-05-20,16196.41,16219.75,15986.37,16103.06,15703.95,38876682.0
2021-05-21,16056.38,16453.13,15986.37,16173.07,15772.23,43936935.0
2021-05-24,16243.09,16336.44,16056.38,16219.75,15817.75,44671452.0
2021-05-25,16243.09,16709.84,16219.75,16709.84,16295.7,49391613.0
2021-05-26,17153.26,17503.33,17083.25,17503.33,17069.52,74249817.0
2021-05-27,17503.33,17620.01,16826.53,17036.57,16614.33,61442894.0
2021-05-28,17083.25,17596.68,16896.54,17596.68,17160.55,56995382.0
2021-05-31,17736.7,17876.73,17269.95,17736.7,17297.11,66854893.0
2021-06-01,18016.76,18133.45,17783.38,17830.05,17388.15,34989207.0
2021-06-02,17690.03,18063.43,17550.0,17970.08,17524.7,51747665.0
2021-06-03,18670.21,19206.98,18600.2,19206.98,18730.95,65705084.0
2021-06-04,19230.32,19930.45,19183.64,19393.69,18913.02,70478249.0
2021-06-07,19370.35,19370.35,18203.46,18553.53,18093.69,67908165.0
2021-06-08,18436.84,18646.88,17316.62,17409.97,16978.48,65204607.0
2021-06-09,17316.62,18110.11,17153.26,17993.42,17547.46,65615958.0
2021-06-10,17970.08,18180.12,17596.68,17690.03,17251.59,34079523.0
2021-06-11,17830.05,18646.88,17620.01,18390.16,17934.37,53600241.0
2021-06-14,18390.16,18623.54,18156.78,18343.48,17888.85,53539909.0
2021-06-15,18343.48,18646.88,18040.09,18343.48,17888.85,53326651.0
2021-06-16,18320.15,18460.17,18040.09,18063.43,17615.74,44417701.0
2021-06-17,17736.7,18670.21,17690.03,18623.54,18161.96,57094106.0
2021-06-18,19136.97,19136.97,18880.25,18926.93,18457.84,55968720.0
2021-06-21,18856.92,19113.63,18716.89,18973.61,18503.35,40703549.0
2021-06-22,19136.97,19813.76,19090.29,19603.72,19117.86,79962661.0
2021-06-23,19720.41,19813.76,19370.35,19557.05,19072.34,50831768.0
2021-06-24,19813.76,19953.79,19463.7,19603.72,19117.86,48253758.0
2021-06-25,19603.72,19697.08,19277.0,19650.4,19163.38,40178006.0
2021-06-28,19883.78,20210.51,19837.1,20117.16,19618.56,39944908.0
2021-06-29,20163.83,20443.88,19837.1,20280.52,19777.88,40320480.0
2021-06-30,20303.86,20747.28,20233.84,20233.84,19732.36,55693844.0
2021-07-01,20257.18,20397.21,19953.79,20280.52,19777.88,54548276.0
2021-07-02,20443.88,20443.88,20233.84,20280.52,19777.88,38052054.0
2021-07-05,20303.86,20327.2,19720.41,20117.16,19618.56,55155874.0
2021-07-06,20210.51,20280.52,18716.89,18716.89,18253.0,47072625.0
2021-07-07,19136.97,19650.4,18436.84,19650.4,19163.38,67338060.0
2021-07-08,19650.4,19930.45,19417.02,19650.4,19163.38,44945386.0
2021-07-09,19440.36,19883.78,19230.32,19533.71,19049.58,75751246.0
2021-07-12,19911.78,20037.81,18210.46,18777.57,18312.18,53555060.0
2021-07-13,18966.6,19281.66,18462.51,18777.57,18312.18,22616813.0
2021-07-14,18777.57,18809.07,17832.39,18178.95,17728.4,32645224.0
2021-07-15,18021.42,18557.03,17958.41,18462.51,18004.92,25608308.0
2021-07-16,18588.53,18651.54,18241.97,18336.48,17882.02,21251358.0
2021-07-19,17643.35,18084.44,17076.24,17107.75,16683.74,34545974.0
2021-07-20,17454.32,17580.34,16698.17,17580.34,17144.62,24164455.0
2021-07-21,17706.36,18021.42,17580.34,17643.35,17206.07,19440273.0
2021-07-22,17643.35,17958.41,17328.29,17863.89,17421.15,16659532.0
2021-07-23,17706.36,17895.4,17485.82,17485.82,17052.45,17629983.0
2021-07-26,17202.27,17422.81,16887.21,17139.26,16714.47,25367084.0
2021-07-27,17265.28,17485.82,17202.27,17265.28,16837.37,18514100.0
2021-07-28,17296.79,17548.83,17233.78,17391.3,16960.27,9778776.0
2021-07-29,17580.34,17895.4,17517.33,17895.4,17451.87,25933167.0
2021-07-30,17958.41,18399.5,17895.4,18210.46,17759.12,29928280.0
2021-08-02,18210.46,18336.48,18021.42,18147.45,17697.67,19599481.0
2021-08-03,18210.46,18525.52,18147.45,18462.51,18004.92,28284783.0
2021-08-04,18588.53,18809.07,18557.03,18714.56,18250.73,26142016.0
2021-08-05,18651.54,18903.59,18525.52,18903.59,18435.08,26453068.0
2021-08-06,18903.59,18966.6,18651.54,18683.05,18220.0,20484361.0
2021-08-09,18462.51,18840.58,18336.48,18840.58,18373.63,19575645.0
2021-08-10,18935.1,19029.62,18588.53,18683.05,18220.0,21900123.0
2021-08-11,18714.56,19029.62,18588.53,18714.56,18250.73,30997601.0
2021-08-12,18777.57,18903.59,18588.53,18588.53,18127.82,15585768.0
2021-08-13,18588.53,18714.56,18336.48,18651.54,18189.27,17868826.0
2021-08-16,18651.54,19659.73,18588.53,19533.71,19049.58,50744483.0
2021-08-17,19817.27,20037.81,19533.71,19659.73,19172.48,29452974.0
2021-08-18,19533.71,19754.25,19533.71,19596.72,19111.03,19773543.0
2021-08-19,19407.69,19596.72,19092.63,19596.72,19111.03,33647891.0
2021-08-20,19533.71,19533.71,18557.03,18840.58,18373.63,53410326.0
2021-08-23,18588.53,18746.06,17989.92,18021.42,17574.77,34906858.0
2021-08-24,18021.42,18115.94,17706.36,17989.92,17544.05,22480489.0
2021-08-25,17769.38,18021.42,17548.83,18021.42,17574.77,33625197.0
2021-08-26,18021.42,18052.93,17643.35,17706.36,17267.52,23460271.0
2021-08-27,17485.82,17674.86,17170.76,17643.35,17206.07,34703801.0
2021-08-30,17706.36,18210.46,17643.35,17895.4,17451.87,25774005.0
2021-08-31,18021.42,18084.44,17580.34,17580.34,17144.62,16557805.0
2021-09-01,17580.34,17769.38,17454.32,17580.34,17144.62,20231076.0
2021-09-06,17611.85,17863.89,17454.32,17832.39,17390.42,28429359.0
2021-09-07,17958.41,18178.95,17863.89,18021.42,17574.77,32468433.0
2021-09-08,18147.45,18147.45,17769.38,17832.39,17390.42,14845432.0
2021-09-09,17769.38,17958.41,17643.35,17895.4,17451.87,16656993.0
2021-09-10,17895.4,17895.4,17769.38,17769.38,17328.97,13451253.0
2021-09-13,17611.85,17832.39,17485.82,17580.34,17144.62,22008198.0
2021-09-14,17454.32,17643.35,17391.3,17391.3,16960.27,17567296.0
2021-09-15,17328.29,17391.3,17139.26,17296.79,16868.1,19010355.0
2021-09-16,17328.29,17517.33,17328.29,17517.33,17083.17,15506894.0
2021-09-17,17643.35,17643.35,17422.81,17548.83,17113.89,15420402.0
2021-09-20,17737.87,17958.41,17706.36,17800.88,17359.7,28937675.0
2021-09-21,17580.34,17706.36,17422.81,17643.35,17206.07,18172578.0
2021-09-22,17643.35,17737.87,17454.32,17643.35,17206.07,14763543.0
2021-09-23,17643.35,17769.38,17517.33,17580.34,17144.62,18708984.0
2021-09-24,17643.35,18178.95,17580.34,18084.44,17636.22,49399025.0
2021-09-27,18210.46,18273.47,17643.35,17643.35,17206.07,15185050.0
2021-09-28,17643.35,17706.36,17517.33,17643.35,17206.07,12045964.0
2021-09-29,17643.35,17769.38,17485.82,17517.33,17083.17,18530446.0
2021-09-30,17517.33,17737.87,17485.82,17548.83,17113.89,11715710.0
2021-10-01,17580.34,17611.85,17170.76,17296.79,16868.1,28720747.0
2021-10-04,17296.79,17328.29,16950.22,17076.24,16653.02,19413771.0
2021-10-05,17044.74,17265.28,17044.74,17265.28,16837.37,15017939.0
2021-10-06,17328.29,17359.8,17107.75,17328.29,16898.82,15959982.0
2021-10-07,17580.34,17580.34,17359.8,17422.81,16990.99,10328037.0
2021-10-08,17422.81,17517.33,17359.8,17454.32,17021.72,12903897.0
2021-10-11,17517.33,18147.45,17485.82,18147.45,17697.67,40005572.0
2021-10-12,18367.99,18367.99,17989.92,18115.94,17666.95,26025054.0
2021-10-13,18336.48,18336.48,18021.42,18021.42,17574.77,17102622.0
2021-10-14,18115.94,18147.45,17958.41,17958.41,17513.32,21121383.0
2021-10-15,18115.94,18115.94,17863.89,17895.4,17451.87,12995625.0
2021-10-18,18115.94,18115.94,17863.89,17895.4,17451.87,13380790.0
2021-10-19,17958.41,17958.41,17706.36,17769.38,17328.97,16058535.0
2021-10-20,17958.41,17958.41,17517.33,17769.38,17328.97,14184447.0
2021-10-21,17958.41,17958.41,17580.34,17580.34,17144.62,16170736.0
2021-10-22,17737.87,17737.87,17548.83,17580.34,17144.62,12027396.0
2021-10-25,17611.85,17643.35,17391.3,17391.3,16960.27,14845115.0
2021-10-26,17454.32,17611.85,17391.3,17611.85,17175.35,10850160.0
2021-10-27,17643.35,17895.4,17611.85,17895.4,17451.87,16198826.0
2021-10-28,18052.93,18052.93,17863.89,17958.41,17513.32,14448682.0
2021-10-29,17958.41,18021.42,17769.38,17958.41,17513.32,17380030.0
2021-11-01,18021.42,18084.44,17832.39,17895.4,17451.87,16905358.0
2021-11-02,17832.39,17958.41,17800.88,17895.4,17451.87,16584626.0
2021-11-03,17895.4,18588.53,17895.4,18367.99,17912.75,44571529.0
2021-11-04,18431.0,18494.01,18178.95,18210.46,17759.12,17162928.0
2021-11-05,18241.97,18241.97,18021.42,18052.93,17605.5,13193841.0
2021-11-08,18052.93,18147.45,17895.4,17958.41,17513.32,22160074.0
2021-11-09,18021.42,18241.97,17958.41,18021.42,17574.77,19619604.0
2021-11-10,18147.45,18147.45,17989.92,18021.42,17574.77,17009148.0
2021-11-11,18021.42,18021.42,17643.35,17706.36,17267.52,25389936.0
2021-11-12,17643.35,17989.92,17643.35,17989.92,17544.05,16453857.0
2021-11-15,18084.44,18273.47,17926.91,18021.42,17574.77,19996041.0
2021-11-16,18147.45,18241.97,17958.41,18052.93,17605.5,22893585.0
2021-11-17,18052.93,18084.44,17895.4,18084.44,17636.22,11150262.0
2021-11-18,18084.44,18084.44,17832.39,17832.39,17390.42,24968271.0
2021-11-19,17769.38,18241.97,17643.35,17832.39,17390.42,29315381.0
2021-11-22,17926.91,18588.53,17895.4,18399.5,17943.47,38064512.0
2021-11-23,18494.01,18525.52,18178.95,18210.46,17759.12,18972902.0
2021-11-24,18210.46,19470.7,18115.94,19470.7,18988.13,68235604.0
2021-11-25,19722.75,19817.27,19376.18,19470.7,18988.13,34668015.0
2021-11-26,19596.72,19628.23,18998.11,19092.63,18619.43,36932568.0
2021-11-29,18714.56,18872.09,18525.52,18777.57,18312.18,29656110.0
2021-11-30,18998.11,19029.62,18210.46,18273.47,17820.57,38554419.0
2021-12-01,18273.47,18588.53,18147.45,18588.53,18127.82,17854702.0
2021-12-02,18683.05,18714.56,18336.48,18336.48,17882.02,13293029.0
2021-12-03,18462.51,18525.52,17832.39,17832.39,17390.42,19745612.0
2021-12-06,17832.39,17989.92,17013.23,17328.29,16898.82,26393714.0
2021-12-07,17454.32,17769.38,17422.81,17737.87,17298.25,12811057.0
2021-12-08,17769.38,18084.44,17674.86,17895.4,17451.87,12168639.0
2021-12-09,17706.36,18021.42,17706.36,17989.92,17544.05,7863902.0
2021-12-10,18052.93,18084.44,17800.88,17863.89,17421.15,10039679.0
2021-12-13,17863.89,17958.41,17832.39,17895.4,17451.87,14409801.0
2021-12-14,17863.89,18021.42,17769.38,17800.88,17359.7,10709552.0
2021-12-15,17800.88,18052.93,17769.38,17958.41,17513.32,11204061.0
2021-12-16,18147.45,18147.45,17769.38,17800.88,17359.7,12682669.0
2021-12-17,17832.39,17895.4,17706.36,17769.38,17328.97,12442714.0
2021-12-20,17769.38,17800.88,17580.34,17580.34,17144.62,14015749.0
2021-12-21,17706.36,17769.38,17548.83,17611.85,17175.35,10743196.0
2021-12-22,17611.85,17674.86,17359.8,17422.81,16990.99,14656421.0
2021-12-23,17517.33,17548.83,17076.24,17202.27,16775.92,16655088.0
2021-12-24,17170.76,17737.87,17170.76,17737.87,17298.25,12285522.0
2021-12-27,17832.39,17895.4,17580.34,17737.87,17298.25,6912019.0
2021-12-28,17863.89,17895.4,17674.86,17832.39,17390.42,12128647.0
2021-12-29,17926.91,18178.95,17800.88,17832.39,17390.42,15975218.0
2021-12-30,18021.42,18115.94,17832.39,17926.91,17482.6,8944490.0
2021-12-31,18084.44,18494.01,17958.41,18210.46,17759.12,21153599.0
2022-01-04,18399.5,18525.52,18304.98,18336.48,17882.02,15999181.0
2022-01-05,18336.48,18367.99,18052.93,18084.44,17636.22,16491151.0
2022-01-06,17958.41,18021.42,17737.87,17863.89,17421.15,21029178.0
2022-01-07,17863.89,18178.95,17832.39,18021.42,17574.77,16388949.0
2022-01-10,17989.92,18115.94,17706.36,17706.36,17267.52,20628302.0
2022-01-11,17800.88,17958.41,17580.34,17580.34,17144.62,14306560.0
2022-01-12,17769.38,18399.5,17674.86,18399.5,17943.47,24422819.0
2022-01-13,18714.56,19439.19,18620.04,18714.56,18250.73,56089341.0
2022-01-14,18588.53,18998.11,18431.0,18683.05,18220.0,15861588.0
2022-01-17,18714.56,19376.18,18588.53,18588.53,18127.82,48757718.0
2022-01-18,18714.56,19124.13,18588.53,18840.58,18373.63,23183689.0
2022-01-19,19029.62,19407.69,18651.54,18651.54,18189.27,20246152.0
2022-01-20,18714.56,19218.65,18431.0,19029.62,18557.98,26677152.0
2022-01-21,19029.62,20352.87,18966.6,20037.81,19541.18,82097097.0
2022-01-24,20069.31,20793.95,19943.29,20226.84,19725.53,54209380.0
2022-01-25,20163.83,20604.91,20100.82,20541.9,20032.78,33513472.0
2022-01-26,20762.45,21361.06,20667.93,20982.99,20462.93,47839638.0
2022-01-27,20793.95,21014.49,20510.4,20793.95,20278.58,32455419.0
2022-01-28,20982.99,21550.09,20919.97,21235.04,20708.73,40286312.0
2022-02-07,21613.11,21739.13,21140.52,21298.05,20770.19,28645667.0
2022-02-08,21172.02,21518.59,20982.99,21298.05,20770.19,30173789.0
2022-02-09,21298.05,21518.59,20982.99,20982.99,20462.93,35342013.0
2022-02-10,20919.97,21550.09,20825.46,21266.54,20739.46,37955644.0
2022-02-11,21266.54,21518.59,21235.04,21392.56,20862.36,22746312.0
2022-02-14,21109.01,21298.05,20163.83,20163.83,19664.08,45241561.0
2022-02-15,20258.35,20730.94,20132.32,20604.91,20094.23,32915649.0
2022-02-16,20762.45,20825.46,20321.36,20573.41,20063.51,15557540.0
2022-02-17,20573.41,20919.97,20541.9,20919.97,20401.48,14869872.0
2022-02-18,20730.94,20825.46,20510.4,20573.41,20063.51,24730697.0
2022-02-21,20541.9,20730.94,20069.31,20573.41,20063.51,29864642.0
2022-02-22,20478.89,21676.12,20226.84,21676.12,21138.89,60734648.0
2022-02-23,21802.14,21991.18,21518.59,21644.61,21108.16,27666805.0
2022-02-24,21424.07,21928.17,20919.97,21424.07,20893.09,47948665.0
2022-02-25,21707.63,21991.18,21487.08,21487.08,20954.54,26756978.0
2022-02-28,21455.58,21928.17,21424.07,21676.12,21138.89,20836675.0
2022-03-01,21802.14,21991.18,21329.55,21424.07,20893.09,27661251.0
2022-03-02,21298.05,21298.05,20415.88,20478.89,19971.33,82913767.0
2022-03-03,20730.94,20982.99,19911.78,20856.96,20340.03,48360809.0
2022-03-04,20793.95,20982.99,20541.9,20730.94,20217.13,27289734.0
2022-03-07,20289.86,20573.41,20163.83,20289.86,19786.98,31926155.0
2022-03-08,20037.81,20163.83,19533.71,19533.71,19049.58,44866553.0
2022-03-09,19533.71,19722.75,19061.12,19376.18,18895.95,38365407.0
2022-03-10,19722.75,20006.3,19533.71,19565.22,19080.3,19589610.0
2022-03-11,19565.22,19974.79,19565.22,19817.27,19326.11,17901201.0
2022-03-14,19848.77,20163.83,19659.73,19943.29,19449.0,28313508.0
2022-03-15,20100.82,20100.82,19754.25,19911.78,19418.28,13832926.0
2022-03-16,20258.35,20415.88,20100.82,20226.84,19725.53,17816138.0
2022-03-17,20447.38,20636.42,20289.86,20321.36,19817.71,17781541.0
2022-03-18,20478.89,20510.4,20163.83,20226.84,19725.53,22494138.0
2022-03-21,20352.87,20352.87,20037.81,20289.86,19786.98,18874032.0
2022-03-22,20289.86,20604.91,20289.86,20447.38,19940.61,18238597.0
2022-03-23,20478.89,20604.91,20258.35,20258.35,19756.26,17725837.0
2022-03-24,20195.34,20384.37,20163.83,20195.34,19694.81,15941415.0
2022-03-25,20195.34,20289.86,20037.81,20037.81,19541.18,14895470.0
2022-03-28,20037.81,20132.32,19596.72,19848.77,19356.83,25299477.0
2022-03-29,19943.29,20163.83,19848.77,20163.83,19664.08,14084963.0
2022-03-30,20100.82,21046.0,20037.81,20573.41,20063.51,51268669.0
2022-03-31,20573.41,20856.96,20573.41,20762.45,20247.86,30477224.0
2022-04-01,20793.95,21109.01,20667.93,20982.99,20462.93,25807159.0
2022-04-04,21266.54,21266.54,20793.95,20793.95,20278.58,19381872.0
2022-04-05,20762.45,20919.97,20573.41,20573.41,20063.51,15852701.0
2022-04-06,20573.41,21109.01,20478.89,21014.49,20493.66,26737458.0
2022-04-07,21140.52,21676.12,21109.01,21235.04,20708.73,38255745.0
2022-04-08,21266.54,21424.07,20856.96,20919.97,20401.48,18137823.0
2022-04-12,20919.97,20951.48,20289.86,20321.36,19817.71,25116893.0
2022-04-13,20321.36,20667.93,20289.86,20541.9,20032.78,21838707.0
2022-04-14,20604.91,20730.94,20352.87,20352.87,19848.43,12547774.0
2022-04-15,20352.87,20384.37,19722.75,19785.76,19295.38,27660299.0
2022-04-18,19722.75,19722.75,18998.11,19092.63,18619.43,29660236.0
2022-04-19,19218.65,19439.19,18462.51,18462.51,18004.92,20870637.0
2022-04-20,18525.52,18935.1,18367.99,18588.53,18127.82,20690353.0
2022-04-21,18588.53,19250.16,18336.48,18903.59,18435.08,20003817.0
2022-04-22,19092.63,19407.69,18777.57,18903.59,18435.08,18176704.0
2022-04-25,19029.62,19218.65,17580.34,17706.36,17267.52,30106865.0
2022-04-26,17643.35,18557.03,17013.23,18494.01,18035.65,23457764.0
2022-04-27,18431.0,18746.06,18178.95,18714.56,18250.73,11698579.0
2022-04-28,18777.57,18840.58,18525.52,18557.03,18097.1,10685429.0
2022-04-29,18494.01,18840.58,18462.51,18777.57,18312.18,13547901.0
2022-05-04,18777.57,18809.07,18210.46,18210.46,17759.12,12497307.0
2022-05-05,18462.51,18462.51,17800.88,18273.47,17820.57,11004892.0
2022-05-06,17958.41,18147.45,17643.35,17643.35,17206.07,14047965.0
2022-05-09,17391.3,17517.33,16477.63,16509.14,16099.97,28482999.0
2022-05-10,16257.09,17044.74,15816.0,17044.74,16622.29,17364477.0
2022-05-11,17044.74,17328.29,16824.2,17328.29,16898.82,10607984.0
2022-05-12,17013.23,17202.27,16162.57,16162.57,15761.99,22576344.0
2022-05-13,16383.11,16509.14,15185.89,15185.89,14809.51,33250982.0
2022-05-16,15879.02,15973.54,15437.93,15500.95,15116.76,11951855.0
2022-05-17,15532.45,16572.15,15469.44,16572.15,16161.42,19452493.0
2022-05-18,16887.21,17328.29,16635.16,16792.69,16376.49,13943382.0
2022-05-19,16509.14,17044.74,16383.11,16855.7,16437.94,10022381.0
2022-05-20,16887.21,17170.76,16761.19,17013.23,16591.57,9205869.0
2022-05-23,17013.23,17076.24,16446.13,16572.15,16161.42,15584340.0
2022-05-24,16698.17,16918.71,16477.63,16918.71,16499.39,12421023.0
2022-05-25,17013.23,17800.88,17013.23,17674.86,17236.79,17628872.0
2022-05-26,17832.39,17832.39,17422.81,17422.81,16990.99,12205349.0
2022-05-27,17454.32,17737.87,17359.8,17643.35,17206.07,13510131.0
2022-05-30,17800.88,17800.88,17580.34,17706.36,17267.52,13202094.0
2022-05-31,17643.35,17643.35,17328.29,17485.82,17052.45,8479182.0
2022-06-01,17391.3,17643.35,17359.8,17391.3,16960.27,7237354.0
2022-06-02,17359.8,17548.83,17139.26,17139.26,16714.47,11105826.0
2022-06-03,17170.76,17265.28,16792.69,17265.28,16837.37,8203837.0
2022-06-06,17265.28,17359.8,16950.22,17170.76,16745.19,11016795.0
2022-06-07,17202.27,17202.27,16635.16,16981.73,16560.84,9901610.0
2022-06-08,17139.26,17706.36,16981.73,17611.85,17175.35,19252055.0
2022-06-09,17737.87,17737.87,17328.29,17517.33,17083.17,8792297.0
2022-06-10,17328.29,17643.35,17296.79,17328.29,16898.82,10021746.0
2022-06-13,16887.21,16887.21,16131.06,16162.57,15761.99,28955291.0
2022-06-14,15752.99,16320.1,15752.99,16068.05,15669.81,14195556.0
2022-06-15,15910.52,16068.05,15248.9,15689.98,15301.11,29066539.0
2022-06-16,15752.99,16005.04,15689.98,15689.98,15301.11,12620300.0
2022-06-17,14902.33,15185.89,14618.78,14681.79,14317.91,49169703.0
2022-06-20,14681.79,14902.33,13768.12,14177.69,13826.31,15550695.0
2022-06-21,14177.69,14429.74,13894.14,14146.19,13795.58,25710034.0
2022-06-22,14272.21,15059.86,14272.21,14776.31,14410.08,18810552.0
2022-06-23,14650.28,15154.38,14650.28,15154.38,14778.79,9203489.0
2022-06-24,15248.9,15248.9,14933.84,14933.84,14563.71,6114393.0
2022-06-27,14996.85,15248.9,14870.83,15185.89,14809.51,11349430.0
2022-06-28,14933.84,15879.02,14902.33,15563.96,15178.21,23493313.0
2022-06-29,15469.44,15816.0,15343.42,15563.96,15178.21,15805885.0
2022-06-30,15595.46,15689.98,15248.9,15248.9,14870.96,13889582.0
2022-07-01,14965.34,15374.92,14776.31,15248.9,14870.96,13079895.0
2022-07-04,15343.42,15532.45,15185.89,15500.95,15116.76,10601636.0
2022-07-05,15532.45,16257.09,15437.93,16036.55,15639.09,37687282.0
2022-07-06,15752.99,16099.56,15658.48,15689.98,15301.11,20980616.0
2022-07-07,15689.98,15973.54,15437.93,15816.0,15424.01,10430716.0
2022-07-08,15942.03,15942.03,15721.49,15784.5,15393.29,9509780.0
2022-07-11,15689.98,15784.5,15311.91,15374.92,14993.86,17212125.0
2022-07-12,15437.93,15879.02,15343.42,15784.5,15393.29,9864474.0
2022-07-13,15942.03,16225.58,15816.0,15942.03,15546.91,16955984.0
2022-07-14,15847.51,16099.56,15847.51,16068.05,15669.81,13723106.0
2022-07-15,16068.05,16194.08,16005.04,16036.55,15639.09,29050193.0
2022-07-18,16068.05,16194.08,16005.04,16005.04,15608.36,11338480.0
2022-07-19,15973.54,16005.04,15752.99,15879.02,15485.46,8172256.0
2022-07-20,16068.05,16162.57,16005.04,16099.56,15700.54,11556216.0
2022-07-21,16068.05,16225.58,16068.05,16131.06,15731.26,10602588.0
2022-07-22,16131.06,16320.1,16099.56,16099.56,15700.54,12299408.0
2022-07-25,16036.55,16099.56,15879.02,15910.52,15516.19,5990607.0
2022-07-26,15910.52,16036.55,15816.0,15847.51,15454.74,5916812.0
2022-07-27,15752.99,15816.0,15595.46,15689.98,15301.11,10325180.0
2022-07-28,15910.52,16225.58,15816.0,16099.56,15700.54,15034444.0
2022-07-29,16194.08,16225.58,16068.05,16162.57,15761.99,16502419.0
2022-08-01,16194.08,16698.17,16162.57,16698.17,16284.32,19465824.0
2022-08-02,16666.67,16918.71,16572.15,16824.2,16407.22,17316550.0
2022-08-03,16761.19,16950.22,16509.14,16950.22,16530.12,16713173.0
2022-08-04,16981.73,17139.26,16887.21,16981.73,16560.84,20492613.0
2022-08-05,16950.22,16981.73,16729.68,16981.73,16560.84,11889804.0
2022-08-08,17013.23,17139.26,16887.21,17076.24,16653.02,15943795.0
2022-08-09,17265.28,17391.3,17139.26,17233.78,16806.64,18220823.0
2022-08-10,17265.28,17296.79,17076.24,17139.26,16714.47,10294392.0
2022-08-11,17296.79,17328.29,16855.7,16887.21,16468.67,19517243.0
2022-08-12,16887.21,17076.24,16824.2,17044.74,16622.29,11323245.0
2022-08-15,17202.27,17391.3,17170.76,17233.78,16806.64,13854033.0
2022-08-16,17202.27,17265.28,17107.75,17170.76,16745.19,12280047.0
2022-08-17,17202.27,17548.83,17202.27,17485.82,17052.45,25081900.0
2022-08-18,17454.32,17548.83,17359.8,17422.81,16990.99,15418519.0
2022-08-19,17454.32,17454.32,17328.29,17391.3,16960.27,14561201.0
2022-08-22,17618.15,17731.57,17391.3,17466.92,17034.01,14468546.0
2022-08-23,17240.08,17580.34,17240.08,17542.53,17107.75,8900292.0
2022-08-24,17580.34,17693.76,17504.73,17618.15,17181.49,9674881.0
2022-08-25,17693.76,17882.8,17580.34,17882.8,17439.58,15475498.0
2022-08-26,17958.41,18071.83,17844.99,17844.99,17402.71,19669674.0
2022-08-29,17429.11,17769.38,17315.69,17693.76,17255.23,17722293.0
2022-08-30,17807.18,18071.83,17731.57,17882.8,17439.58,20477986.0
2022-08-31,17882.8,18109.64,17807.18,17958.41,17513.32,9519487.0
2022-09-05,17920.61,18071.83,17807.18,17844.99,17402.71,8887596.0
2022-09-06,17844.99,18071.83,17807.18,17882.8,17439.58,9111099.0
2022-09-07,17920.61,17996.22,17391.3,17391.3,16960.27,30190823.0
2022-09-08,17466.92,17580.34,17202.27,17240.08,16812.79,10581190.0
2022-09-09,17353.5,17353.5,16824.2,17164.46,16739.05,11438963.0
2022-09-12,17391.3,17391.3,17088.85,17088.85,16665.31,4300902.0
2022-09-13,17126.65,17202.27,17013.23,17051.04,16628.44,6916280.0
2022-09-14,16672.97,16975.43,16635.16,16937.62,16517.83,9435587.0
2022-09-15,16975.43,17051.04,16672.97,16748.58,16333.48,7344900.0
2022-09-16,16824.2,16899.81,16446.13,16483.93,16075.39,9860163.0
2022-09-19,16408.32,16483.93,15879.02,15879.02,15485.46,12517462.0
2022-09-20,16143.67,16143.67,15841.21,16143.67,15743.55,14871644.0
2022-09-21,16030.25,16030.25,15841.21,16030.25,15632.94,7039403.0
2022-09-22,15879.02,16068.05,15765.6,16068.05,15669.81,13853187.0
2022-09-23,16030.25,16143.67,15879.02,15879.02,15485.46,7827613.0
2022-09-26,15576.56,15803.4,15047.26,15198.49,14821.8,16090593.0
2022-09-27,15387.52,15387.52,15122.87,15274.1,14895.54,6120133.0
2022-09-28,15122.87,15311.91,15085.07,15085.07,14711.19,4716035.0
2022-09-29,15274.1,15311.91,14971.64,14971.64,14600.58,6337552.0
2022-09-30,14896.03,15122.87,14593.57,15122.87,14748.06,12335354.0
2022-10-03,15047.26,15047.26,14064.27,14139.89,13789.44,16505593.0
2022-10-04,14517.96,14517.96,13988.66,14215.5,13863.18,25479681.0
2022-10-05,14442.34,14706.99,14404.54,14517.96,14158.14,7947037.0
2022-10-06,14480.15,14480.15,13648.39,13686.2,13346.99,14101024.0
2022-10-07,13270.32,13459.36,12741.02,12816.63,12498.98,66010339.0
2022-10-10,12816.63,13156.9,12514.18,13043.48,12720.2,22349192.0
2022-10-11,13081.29,13081.29,12136.11,12136.11,11835.32,32305381.0
2022-10-12,12211.72,12967.86,12211.72,12967.86,12646.46,22761692.0
2022-10-13,12967.86,13270.32,12854.44,13156.9,12830.81,21911444.0
2022-10-14,13534.97,13837.43,13308.13,13459.36,13125.77,22743826.0
2022-10-17,13383.74,13459.36,12930.06,13232.51,12904.55,14089200.0
2022-10-18,13572.78,13761.81,13194.71,13270.32,12941.42,17138674.0
2022-10-19,13383.74,13459.36,13043.48,13232.51,12904.55,7392642.0
2022-10-20,13194.71,13232.51,12967.86,12967.86,12646.46,10200971.0
2022-10-21,13043.48,13043.48,12173.91,12173.91,11872.19,29367964.0
2022-10-24,12325.14,12438.56,11682.42,11795.84,11503.49,26878357.0
2022-10-25,11909.26,12589.79,11720.23,12400.76,12093.41,22530242.0
2022-10-26,12400.76,12703.21,12287.33,12400.76,12093.41,9647505.0
2022-10-27,12476.37,13232.51,12476.37,13232.51,12904.55,25582651.0
2022-10-28,13459.36,13724.01,13156.9,13345.94,13015.16,26610419.0
2022-10-31,13383.74,13534.97,12854.44,13383.74,13052.03,21620044.0
2022-11-01,13610.59,13913.04,13497.16,13610.59,13273.25,27823019.0
2022-11-02,13610.59,13761.81,13459.36,13534.97,13199.51,13876728.0
2022-11-03,13345.94,13610.59,13308.13,13345.94,13015.16,14256285.0
2022-11-04,13119.09,13534.97,12476.37,13534.97,13199.51,36898411.0
2022-11-07,13308.13,13421.55,12816.63,12816.63,12498.98,28137245.0
2022-11-08,12665.41,13194.71,12551.99,13005.67,12683.33,20939539.0
2022-11-09,13081.29,13270.32,12778.83,12816.63,12498.98,12733902.0
2022-11-10,12741.02,12778.83,11947.07,11947.07,11650.97,26629992.0
2022-11-11,12287.33,12627.6,12060.49,12098.3,11798.45,21070863.0
2022-11-14,12060.49,12060.49,11417.77,11493.38,11208.53,18257641.0
2022-11-15,11342.16,11493.38,10699.43,10699.43,10434.25,35680692.0
2022-11-16,10170.13,11417.77,9981.1,11417.77,11134.79,35071377.0
2022-11-17,11606.81,12022.68,11417.77,11871.46,11577.23,20753595.0
2022-11-18,11720.23,12249.53,11342.16,11871.46,11577.23,18661929.0
2022-11-21,12022.68,12173.91,11795.84,11871.46,11577.23,18651878.0
2022-11-22,11871.46,12438.56,11795.84,11947.07,11650.97,27341629.0
2022-11-23,11947.07,12173.91,11871.46,11871.46,11577.23,10357291.0
2022-11-24,11833.65,11984.88,11644.61,11871.46,11577.23,12421184.0
2022-11-25,11947.07,12249.53,11909.26,12249.53,11945.93,13536184.0
2022-11-28,12438.56,13005.67,12400.76,13005.67,12683.33,20505098.0
2022-11-29,13005.67,13194.71,12703.21,13005.67,12683.33,21979950.0
2022-11-30,13081.29,13270.32,12816.63,13156.9,12830.81,18209502.0
2022-12-01,13383.74,13913.04,13194.71,13459.36,13125.77,36740504.0
2022-12-02,13459.36,14215.5,13270.32,14215.5,13863.18,21595234.0
2022-12-05,14366.73,14593.57,14177.69,14366.73,14010.66,26360599.0
2022-12-06,14366.73,14404.54,13383.74,13383.74,13052.03,29279224.0
2022-12-07,13345.94,13534.97,13043.48,13081.29,12757.07,16716400.0
2022-12-08,13383.74,13988.66,13270.32,13686.2,13346.99,18842318.0
2022-12-09,13761.81,13837.43,13421.55,13761.81,13420.73,13341512.0
2022-12-12,13761.81,13913.04,13345.94,13383.74,13052.03,20380783.0
2022-12-13,13421.55,13610.59,13232.51,13610.59,13273.25,11244820.0
2022-12-14,13875.24,13913.04,13610.59,13724.01,13383.87,21463910.0
2022-12-15,13610.59,14517.96,13610.59,14328.92,13973.79,32127624.0
2022-12-16,14139.89,14442.34,14139.89,14215.5,13863.18,15692520.0
2022-12-19,14215.5,14555.77,13875.24,13875.24,13531.35,19259964.0
2022-12-20,13837.43,13950.85,13156.9,13308.13,12978.29,24271710.0
2022-12-21,13497.16,13534.97,12930.06,13383.74,13052.03,13360424.0
2022-12-22,13534.97,13837.43,13383.74,13610.59,13273.25,10980453.0
2022-12-23,13572.78,13572.78,13308.13,13421.55,13088.9,7317524.0
2022-12-26,13383.74,13421.55,12703.21,12703.21,12388.37,17478160.0
2022-12-27,12741.02,13081.29,12665.41,13043.48,12720.2,8869214.0
2022-12-28,13081.29,13308.13,12892.25,13194.71,12867.68,6659316.0
2022-12-29,13081.29,13308.13,13081.29,13156.9,12830.81,5928370.0
2022-12-30,13270.32,13270.32,12930.06,12930.06,12609.59,5526595.0
2023-01-03,13005.67,13610.59,13005.67,13610.59,13273.25,11350488.0
2023-01-04,13686.2,13799.62,13572.78,13572.78,13236.38,10289314.0
2023-01-05,13610.59,13799.62,13459.36,13761.81,13420.73,10245275.0
2023-01-06,13648.39,14177.69,13610.59,13799.62,13457.61,14832498.0
2023-01-09,13988.66,13988.66,13761.81,13799.62,13457.61,7870065.0
2023-01-10,13761.81,13875.24,13686.2,13761.81,13420.73,8464793.0
2023-01-11,13799.62,13950.85,13761.81,13799.62,13457.61,8551814.0
2023-01-12,13837.43,13913.04,13724.01,13799.62,13457.61,10566907.0
2023-01-13,13913.04,14026.46,13799.62,13799.62,13457.61,10579338.0
2023-01-16,13837.43,14026.46,13761.81,13988.66,13641.96,10425928.0
2023-01-17,14139.89,14669.19,14064.27,14669.19,14305.62,25195741.0
2023-01-18,14744.8,14782.61,14517.96,14782.61,14416.23,13291257.0
2023-01-19,14744.8,14933.84,14669.19,14820.42,14453.1,14769944.0
2023-01-27,15047.26,15198.49,14858.22,14896.03,14526.84,12926644.0
2023-01-30,14971.64,14971.64,14555.77,14555.77,14195.01,17017533.0
2023-01-31,14517.96,14782.61,14177.69,14782.61,14416.23,19962476.0
2023-02-01,14896.03,15085.07,14291.12,14291.12,13936.92,20975775.0
2023-02-02,14442.34,14442.34,14026.46,14328.92,13973.79,16363133.0
2023-02-03,14328.92,14442.34,14064.27,14064.27,13715.7,16143493.0
2023-02-06,14064.27,14291.12,13988.66,14139.89,13789.44,9464868.0
2023-02-07,14253.31,14253.31,13875.24,13875.24,13531.35,13580447.0
2023-02-08,13988.66,14139.89,13799.62,13913.04,13568.22,9403504.0
2023-02-09,13913.04,14139.89,13875.24,13950.85,13605.09,8476960.0
2023-02-10,14026.46,14064.27,13837.43,13837.43,13494.47,9917427.0
2023-02-13,13761.81,13761.81,13421.55,13610.59,13273.25,15300928.0
2023-02-14,13610.59,13724.01,13459.36,13497.16,13162.64,10918956.0
2023-02-15,13421.55,13799.62,13421.55,13610.59,13273.25,30895451.0
2023-02-16,13686.2,13875.24,13648.39,13799.62,13457.61,15983999.0
2023-02-17,13799.62,13913.04,13686.2,13686.2,13346.99,16416310.0
2023-02-20,13686.2,14291.12,13686.2,14291.12,13936.92,13743076.0
2023-02-21,14366.73,14442.34,14064.27,14064.27,13715.7,11719730.0
2023-02-22,13913.04,13988.66,13799.62,13799.62,13457.61,15043569.0
2023-02-23,13610.59,13761.81,13383.74,13724.01,13383.87,22296027.0
2023-02-24,13724.01,13799.62,13383.74,13383.74,13052.03,15066052.0
2023-02-27,13194.71,13232.51,13043.48,13043.48,12720.2,13571362.0
2023-02-28,13119.09,13345.94,12967.86,13043.48,12720.2,11794187.0
2023-03-01,12967.86,13345.94,12854.44,13345.94,13015.16,8898309.0
2023-03-02,13345.94,13383.74,13119.09,13156.9,12830.81,5165817.0
2023-03-03,13232.51,13232.51,12967.86,12967.86,12646.46,8809437.0
2023-03-06,13156.9,13383.74,13081.29,13081.29,12757.07,9771275.0
2023-03-07,13156.9,13308.13,13119.09,13156.9,12830.81,12336876.0
2023-03-08,13081.29,13308.13,13005.67,13308.13,12978.29,10329386.0
2023-03-09,13345.94,13572.78,13308.13,13459.36,13125.77,14386366.0
2023-03-10,13459.36,13459.36,13308.13,13421.55,13088.9,8919733.0
2023-03-13,13119.09,13308.13,13119.09,13232.51,12904.55,15616873.0
2023-03-14,13232.51,13270.32,13005.67,13005.67,12683.33,18009805.0
2023-03-15,13308.13,13497.16,13232.51,13459.36,13125.77,16393392.0
2023-03-16,13383.74,13383.74,13156.9,13194.71,12867.68,10447194.0
2023-03-17,13383.74,13383.74,13194.71,13194.71,12867.68,6871181.0
2023-03-20,13308.13,13308.13,13081.29,13081.29,12757.07,8467041.0
2023-03-21,13194.71,13232.51,13005.67,13119.09,12793.94,10662259.0
2023-03-22,13232.51,13270.32,13119.09,13156.9,12830.81,10248449.0
2023-03-23,13081.29,13194.71,13081.29,13156.9,12830.81,8724003.0
2023-03-24,13383.74,13572.78,13308.13,13421.55,13088.9,27253815.0
2023-03-27,13459.36,13610.59,13383.74,13572.78,13236.38,10763166.0
2023-03-28,13648.39,13837.43,13610.59,13610.59,13273.25,16688495.0
2023-03-29,13724.01,13913.04,13686.2,13837.43,13494.47,16117704.0
2023-03-30,13913.04,13988.66,13799.62,13799.62,13457.61,11874066.0
2023-03-31,13837.43,13913.04,13724.01,13799.62,13457.61,17382278.0
2023-04-03,13988.66,14139.89,13913.04,14139.89,13789.44,27159918.0
2023-04-04,14177.69,14215.5,14064.27,14177.69,13826.31,15490442.0
2023-04-05,14177.69,14253.31,14064.27,14215.5,13863.18,13079921.0
2023-04-06,14253.31,14291.12,13988.66,13988.66,13641.96,16537598.0
2023-04-07,13988.66,14064.27,13875.24,14064.27,13715.7,11299043.0
2023-04-10,14139.89,14366.73,14064.27,14064.27,13715.7,18086642.0
2023-04-11,14064.27,14215.5,13950.85,14177.69,13826.31,8777300.0
2023-04-12,14215.5,14215.5,14026.46,14139.89,13789.44,10983494.0
2023-04-13,14139.89,14177.69,13988.66,14026.46,13678.83,9061770.0
2023-04-14,14064.27,14139.89,13837.43,13837.43,13494.47,12108281.0
2023-04-17,13761.81,13875.24,13724.01,13799.62,13457.61,8064472.0
2023-04-18,13875.24,13913.04,13648.39,13724.01,13383.87,8277342.0
2023-04-19,13799.62,13837.43,13686.2,13686.2,13346.99,5497897.0
2023-04-20,13686.2,13761.81,13648.39,13724.01,13383.87,5438649.0
2023-04-21,13724.01,13799.62,13648.39,13648.39,13310.13,9119695.0
2023-04-24,13648.39,13837.43,13610.59,13799.62,13457.61,7544333.0
2023-04-25,13913.04,13913.04,13724.01,13799.62,13457.61,9178017.0
2023-04-26,13799.62,13875.24,13686.2,13875.24,13531.35,11881075.0
2023-04-27,13913.04,13950.85,13837.43,13913.04,13568.22,5004736.0
2023-04-28,13988.66,14026.46,13875.24,13950.85,13605.09,9291620.0
2023-05-04,13875.24,13950.85,13724.01,13761.81,13420.73,9830595.0
2023-05-05,13761.81,13799.62,13686.2,13686.2,13346.99,15034853.0
2023-05-08,13761.81,13837.43,13724.01,13799.62,13457.61,9056574.0
2023-05-09,13837.43,13875.24,13761.81,13837.43,13494.47,7942406.0
2023-05-10,13837.43,13988.66,13799.62,13988.66,13641.96,9096817.0
2023-05-11,14064.27,14102.08,13950.85,13988.66,13641.96,10116728.0
2023-05-12,14026.46,14102.08,13913.04,14102.08,13752.57,9758595.0
2023-05-15,14177.69,14442.34,14139.89,14253.31,13900.05,23634926.0
2023-05-16,14253.31,14328.92,14139.89,14215.5,13863.18,13486722.0
2023-05-17,14177.69,14215.5,13950.85,13950.85,13605.09,12413646.0
2023-05-18,14026.46,14102.08,13950.85,14064.27,13715.7,8807188.0
2023-05-19,14064.27,14139.89,14026.46,14102.08,13752.57,5334568.0
2023-05-22,14139.89,14291.12,14102.08,14253.31,13900.05,10920015.0
2023-05-23,14291.12,14366.73,14139.89,14177.69,13826.31,9830274.0
2023-05-24,14215.5,14253.31,14026.46,14064.27,13715.7,7333660.0
2023-05-25,14064.27,14064.27,13950.85,13950.85,13605.09,6750893.0
2023-05-26,13988.66,13988.66,13913.04,13950.85,13605.09,5269633.0
2023-05-29,14064.27,14177.69,13988.66,14177.69,13826.31,9456800.0
2023-05-30,14215.5,14253.31,14102.08,14177.69,13826.31,8816049.0
2023-05-31,14215.5,14253.31,14064.27,14064.27,13715.7,9182911.0
2023-06-01,14064.27,14215.5,14026.46,14215.5,13863.18,11685874.0
2023-06-02,14442.34,15009.45,14404.54,14896.03,14526.84,46671289.0
2023-06-05,15047.26,15198.49,14933.84,14971.64,14600.58,27057688.0
2023-06-06,15047.26,15463.14,14971.64,15463.14,15079.89,30454926.0
2023-06-07,15463.14,15538.75,15311.91,15387.52,15006.15,18719194.0
2023-06-08,15387.52,15463.14,15122.87,15122.87,14748.06,20788377.0
2023-06-09,15198.49,15311.91,15122.87,15311.91,14932.41,14997017.0
2023-06-12,15349.72,15425.33,15122.87,15387.52,15006.15,12172026.0
2023-06-13,15425.33,15425.33,15236.29,15349.72,14969.28,15928454.0
2023-06-14,15198.49,15274.1,14933.84,14933.84,14563.71,14733046.0
2023-06-15,14933.84,15009.45,14858.22,14896.03,14526.84,12563088.0
2023-06-16,15009.45,15274.1,14896.03,14896.03,14526.84,18436708.0
2023-06-19,14896.03,14971.64,14782.61,14782.61,14416.23,9304845.0
2023-06-20,14820.42,14858.22,14706.99,14858.22,14489.97,8645051.0
2023-06-21,14896.03,15009.45,14858.22,15009.45,14637.45,9515916.0
2023-06-22,15198.49,15387.52,15047.26,15047.26,14674.32,19585167.0
2023-06-23,15236.29,15349.72,15160.68,15274.1,14895.54,16278652.0
2023-06-26,15274.1,15538.75,15085.07,15274.1,14895.54,19683164.0
2023-06-27,15311.91,15349.72,15122.87,15198.49,14821.8,18700679.0
2023-06-28,15274.1,15727.79,15198.49,15652.17,15264.24,29717104.0
2023-06-29,15652.17,15652.17,15349.72,15349.72,14969.28,20114854.0
2023-06-30,15349.72,15425.33,15236.29,15274.1,14895.54,8840780.0
2023-07-03,15349.72,15387.52,15198.49,15274.1,14895.54,14640868.0
2023-07-04,15274.1,15387.52,15198.49,15387.52,15006.15,10153890.0
2023-07-05,15500.95,15614.37,15349.72,15425.33,15043.02,17395107.0
2023-07-06,15463.14,15538.75,15236.29,15274.1,14895.54,21408233.0
2023-07-07,15274.1,15463.14,15198.49,15463.14,15079.89,15760100.0
2023-07-10,15576.56,15765.6,15538.75,15689.98,15301.11,22254765.0
2023-07-11,15689.98,16030.25,15689.98,16030.25,15632.94,22999068.0
2023-07-12,16030.25,16105.86,15803.4,15879.02,15485.46,17371434.0
2023-07-13,15916.82,16068.05,15803.4,15954.63,15559.2,23728295.0
2023-07-14,16217.39,16304.35,16000.0,16217.39,15815.45,21304555.0
2023-07-17,16304.35,16391.3,16086.96,16173.91,15773.05,12657245.0
2023-07-18,16173.91,16217.39,16043.48,16173.91,15773.05,8881220.0
2023-07-19,16173.91,16260.87,16000.0,16000.0,15603.45,13738360.0
2023-07-20,16000.0,16086.96,15913.04,16043.48,15645.85,7418207.0
2023-07-21,16130.43,16217.39,16000.0,16217.39,15815.45,9873621.0
2023-07-24,16217.39,16304.35,16130.43,16304.35,15900.25,10287893.0
2023-07-25,16304.35,16608.7,16260.87,16347.83,15942.65,11640794.0
2023-07-26,16347.83,16391.3,16217.39,16304.35,15900.25,6821859.0
2023-07-27,16304.35,16347.83,16086.96,16173.91,15773.05,10881592.0
2023-07-28,16130.43,16260.87,16130.43,16260.87,15857.85,8076868.0
2023-07-31,16391.3,16434.78,16260.87,16391.3,15985.05,11472286.0
2023-08-01,16434.78,16826.09,16391.3,16391.3,15985.05,20726185.0
2023-08-02,16391.3,16478.26,16304.35,16434.78,16027.46,7081000.0
2023-08-03,16478.26,16608.7,16347.83,16391.3,15985.05,14410144.0
2023-08-04,16391.3,16652.17,16347.83,16521.74,16112.25,17121717.0
2023-08-07,16652.17,16869.56,16565.22,16826.09,16409.06,17955858.0
2023-08-08,16956.52,16956.52,16652.17,16695.65,16281.86,10686945.0
2023-08-09,16695.65,16739.13,16521.74,16652.17,16239.46,12309956.0
2023-08-10,16695.65,16695.65,16434.78,16434.78,16027.46,10718109.0
2023-08-11,16521.74,16565.22,16217.39,16434.78,16027.46,9975077.0
2023-08-14,16478.26,16608.7,16304.35,16478.26,16069.86,9304825.0
2023-08-15,16478.26,16521.74,16347.83,16478.26,16069.86,6584449.0
2023-08-16,16434.78,16695.65,16347.83,16521.74,16112.25,11284356.0
2023-08-17,16521.74,16521.74,16391.3,16391.3,15985.05,9100037.0
2023-08-18,16347.83,16347.83,15565.22,15739.13,15349.04,26537411.0
2023-08-21,15652.17,15956.52,15521.74,15782.61,15391.44,11261119.0
2023-08-22,15913.04,15913.04,15434.78,15826.09,15433.84,10414156.0
2023-08-23,15913.04,15913.04,15652.17,15652.17,15264.24,7327135.0
2023-08-24,15739.13,15956.52,15652.17,15869.57,15476.25,7698932.0
2023-08-25,15826.09,15826.09,15739.13,15739.13,15349.04,5692299.0
2023-08-28,15869.57,15913.04,15695.65,15826.09,15433.84,8850648.0
2023-08-29,15869.57,15956.52,15782.61,15869.57,15476.25,11041980.0
2023-08-30,15913.04,16086.96,15869.57,16000.0,15603.45,8514072.0
2023-08-31,16000.0,16130.43,16000.0,16086.96,15688.25,8585031.0
2023-09-05,16173.91,16739.13,16130.43,16652.17,16239.46,25618745.0
2023-09-06,16695.65,16739.13,16434.78,16739.13,16324.26,16392951.0
2023-09-07,16739.13,17043.48,16652.17,16782.61,16366.66,26294692.0
2023-09-08,16782.61,16826.09,16608.7,16608.7,16197.06,13013089.0
2023-09-11,16826.09,16826.09,16304.35,16304.35,15900.25,17702525.0
2023-09-12,16391.3,16739.13,16304.35,16739.13,16324.26,12785803.0
2023-09-13,16782.61,16826.09,16434.78,16565.22,16154.66,18038969.0
2023-09-14,16608.7,16826.09,16521.74,16652.17,16239.46,19684803.0
2023-09-15,16695.65,17130.44,16608.7,16869.56,16451.46,31431788.0
2023-09-18,16869.56,16869.56,16521.74,16652.17,16239.46,18153417.0
2023-09-19,16652.17,16695.65,16434.78,16521.74,16112.25,13274956.0
2023-09-20,16565.22,16695.65,16478.26,16695.65,16281.86,12941870.0
2023-09-21,16695.65,16826.09,16391.3,16478.26,16069.86,14796728.0
2023-09-22,16304.35,16347.83,15913.04,16260.87,15857.85,30573382.0
2023-09-25,16260.87,16304.35,15739.13,15739.13,15349.04,15989841.0
2023-09-26,15782.61,16043.48,15739.13,15869.57,15476.25,12914615.0
2023-09-27,15782.61,16086.96,15782.61,16086.96,15688.25,10216393.0
2023-09-28,15956.52,16130.43,15826.09,16086.96,15688.25,13266308.0
2023-09-29,16086.96,16217.39,16086.96,16086.96,15688.25,5424584.0
2023-10-02,16130.43,16260.87,16000.0,16173.91,15773.05,5249806.0
2023-10-03,16000.0,16086.96,15652.17,15695.65,15306.64,18301790.0
2023-10-04,15695.65,15869.57,15608.7,15782.61,15391.44,8524346.0
2023-10-05,15826.09,15913.04,15652.17,15695.65,15306.64,9249651.0
2023-10-06,15695.65,15826.09,15608.7,15782.61,15391.44,5653764.0
2023-10-09,15782.61,15913.04,15652.17,15913.04,15518.65,13624314.0
2023-10-10,16000.0,16130.43,15956.52,16043.48,15645.85,9625190.0
2023-10-11,16000.0,16086.96,15913.04,16086.96,15688.25,8502874.0
2023-10-12,16086.96,16130.43,15956.52,15956.52,15561.05,6663583.0
2023-10-13,15913.04,16086.96,15869.57,16043.48,15645.85,7474106.0
2023-10-16,16043.48,16043.48,15826.09,15826.09,15433.84,7467881.0
2023-10-17,15913.04,16043.48,15739.13,15739.13,15349.04,7025746.0
2023-10-18,15739.13,15826.09,15304.35,15434.78,15052.24,13743558.0
2023-10-19,15434.78,15565.22,15304.35,15347.83,14967.44,7246759.0
2023-10-20,15347.83,15652.17,15217.39,15608.7,15221.84,8483946.0
2023-10-23,15608.7,15652.17,15391.3,15478.26,15094.64,4495034.0
2023-10-24,15478.26,15652.17,15434.78,15565.22,15179.44,5943316.0
2023-10-25,15608.7,15695.65,15478.26,15478.26,15094.64,6195625.0
2023-10-26,15347.83,15347.83,14826.09,14956.52,14585.83,18767333.0
2023-10-27,15000.0,15217.39,14913.04,15173.91,14797.83,12016235.0
2023-10-30,15000.0,15173.91,14782.61,14782.61,14416.23,5189260.0
2023-10-31,14956.52,15043.48,14739.13,14869.57,14501.03,7578615.0
2023-11-01,14956.52,15043.48,14869.57,14956.52,14585.83,7014771.0
2023-11-02,15086.96,15434.78,15043.48,15391.3,15009.84,7966280.0
2023-11-03,15478.26,15521.74,15130.43,15130.43,14755.43,15181380.0
2023-11-06,15304.35,15652.17,15260.87,15608.7,15221.84,9969810.0
2023-11-07,15608.7,15652.17,15391.3,15478.26,15094.64,6039685.0
2023-11-08,15478.26,16000.0,15391.3,15956.52,15561.05,13028580.0
2023-11-09,16000.0,16086.96,15869.57,15956.52,15561.05,12470025.0
2023-11-10,15826.09,16000.0,15608.7,15652.17,15264.24,37988007.0
2023-11-13,15652.17,15782.61,15521.74,15739.13,15349.04,8741758.0
2023-11-14,15782.61,16217.39,15782.61,16043.48,15645.85,15909560.0
2023-11-15,16260.87,16304.35,16043.48,16130.43,15730.65,17031845.0
2023-11-16,16043.48,16130.43,15956.52,16086.96,15688.25,8132570.0
2023-11-17,16173.91,16173.91,15565.22,15826.09,15433.84,21065585.0
2023-11-20,15434.78,15869.57,15434.78,15652.17,15264.24,15268550.0
2023-11-21,15826.09,15869.57,15608.7,15739.13,15349.04,7026385.0
2023-11-22,15782.61,15782.61,15608.7,15695.65,15306.64,9712095.0
2023-11-23,15739.13,15782.61,15565.22,15565.22,15179.44,8081395.0
2023-11-24,15565.22,15652.17,15304.35,15521.74,15137.04,10239255.0
2023-11-27,15521.74,15608.7,15260.87,15304.35,14925.04,8199156.0
2023-11-28,15304.35,15565.22,15173.91,15521.74,15137.04,9274290.0
2023-11-29,15478.26,15565.22,15391.3,15521.74,15137.04,6308325.0
2023-11-30,15521.74,15608.7,15434.78,15478.26,15094.64,6516590.0
2023-12-01,15521.74,15521.74,15391.3,15478.26,15094.64,5071845.0
2023-12-04,15478.26,15739.13,15478.26,15695.65,15306.64,20107635.0
2023-12-05,15695.65,15739.13,15608.7,15695.65,15306.64,9449090.0
2023-12-06,15695.65,15782.61,15652.17,15739.13,15349.04,8282584.0
2023-12-07,15782.61,15956.52,15695.65,15869.57,15476.25,21384020.0
2023-12-08,15869.57,15956.52,15782.61,15826.09,15433.84,9797310.0
2023-12-11,15826.09,15869.57,15695.65,15782.61,15391.44,21471569.0
2023-12-12,15782.61,15869.57,15739.13,15869.57,15476.25,8113480.0
2023-12-13,15869.57,15956.52,15695.65,15695.65,15306.64,11664565.0
2023-12-14,15782.61,15826.09,15652.17,15695.65,15306.64,12115365.0
2023-12-15,15695.65,15826.09,15652.17,15695.65,15306.64,14531676.0
2023-12-18,15695.65,15782.61,15608.7,15652.17,15264.24,33798270.0
2023-12-19,15652.17,15826.09,15608.7,15782.61,15391.44,9198194.0
2023-12-20,15782.61,15826.09,15695.65,15782.61,15391.44,14413295.0
2023-12-21,15739.13,15782.61,15652.17,15782.61,15391.44,5128195.0
2023-12-22,15782.61,16043.48,15739.13,15913.04,15518.65,11314045.0
2023-12-25,15956.52,16130.43,15913.04,16000.0,15603.45,7824255.0
2023-12-26,16000.0,16086.96,15913.04,16043.48,15645.85,7864160.0
2023-12-27,16086.96,16086.96,15956.52,16000.0,15603.45,6652175.0
2023-12-28,16000.0,16173.91,15956.52,16130.43,15730.65,13503415.0
2023-12-29,16173.91,16391.3,16130.43,16217.39,15815.45,16731591.0
2024-01-02,16260.87,16521.74,16217.39,16391.3,15985.05,17382710.0
2024-01-03,16304.35,16695.65,16260.87,16652.17,16239.46,15932905.0
2024-01-04,16652.17,17782.61,16652.17,17478.26,17045.07,57172135.0
2024-01-05,17478.26,17826.09,17478.26,17826.09,17384.28,29740725.0
2024-01-08,17913.04,18130.44,17739.13,18000.0,17553.88,23169395.0
2024-01-09,18043.48,18173.91,17826.09,18130.44,17681.08,31165345.0
2024-01-10,18130.44,18391.3,17956.52,18173.91,17723.48,29537405.0
2024-01-11,18173.91,18347.83,17826.09,17956.52,17511.48,36201482.0
2024-01-12,17826.09,18739.13,17739.13,18565.22,18105.09,53091475.0
2024-01-15,18695.65,19043.48,18608.7,18652.17,18189.89,29481745.0
2024-01-16,18652.17,18695.65,18391.3,18695.65,18232.29,20690110.0
2024-01-17,18782.61,18956.52,18521.74,18695.65,18232.29,24704392.0
2024-01-18,18608.7,18913.04,18521.74,18869.56,18401.89,27258795.0
2024-01-19,18956.52,19260.87,18869.56,19173.91,18698.7,25395795.0
2024-01-22,19391.3,19608.7,19130.44,19217.39,18741.1,43069144.0
2024-01-23,19217.39,19434.78,19043.48,19086.96,18613.9,27359305.0
2024-01-24,19000.0,19260.87,18956.52,19043.48,18571.5,23218155.0
2024-01-25,19086.96,19086.96,18869.56,19043.48,18571.5,17030465.0
2024-01-26,19043.48,19260.87,19043.48,19130.44,18656.3,10956280.0
2024-01-29,19130.44,19521.74,19130.44,19260.87,18783.5,18040050.0
2024-01-30,19260.87,19347.83,19000.0,19217.39,18741.1,16772865.0
2024-01-31,19347.83,19347.83,18826.09,18913.04,18444.29,32050615.0
2024-02-01,18869.56,19086.96,18782.61,19043.48,18571.5,15540180.0
2024-02-02,19043.48,19130.44,18913.04,18913.04,18444.29,22139685.0
2024-02-05,18913.04,20130.44,18913.04,19956.52,19461.91,43049560.0
2024-02-06,20000.0,20130.44,19956.52,20043.48,19546.71,13534695.0
2024-02-07,20086.96,20608.7,20086.96,20434.78,19928.32,25195695.0
2024-02-15,20608.7,21043.48,20478.26,21000.0,20479.53,28833375.0
2024-02-16,20956.52,20956.52,20608.7,20869.56,20352.32,18900480.0
2024-02-19,20869.56,20956.52,20521.74,20826.09,20309.92,24296395.0
2024-02-20,20739.13,20956.52,20565.22,20739.13,20225.12,26304858.0
2024-02-21,20739.13,21043.48,20608.7,20869.56,20352.32,30226830.0
2024-02-22,20869.56,20956.52,20739.13,20826.09,20309.92,17472985.0
2024-02-23,20869.56,21478.26,20652.17,20782.61,20267.52,63705664.0
2024-02-26,20782.61,20913.04,20565.22,20869.56,20352.32,28041025.0
2024-02-27,20913.04,21260.87,20739.13,21086.96,20564.33,29272215.0
2024-02-28,21173.91,21347.83,21000.0,21217.39,20691.53,22297580.0
2024-02-29,21304.35,21347.83,20826.09,21000.0,20479.53,28904330.0
2024-03-01,20956.52,21000.0,20695.65,20869.56,20352.32,31534265.0
2024-03-04,20956.52,21260.87,20652.17,21043.48,20521.93,42632915.0
2024-03-05,21043.48,21434.78,20956.52,21391.3,20861.13,33084235.0
2024-03-06,21391.3,21869.56,21173.91,21391.3,20861.13,34350615.0
2024-03-07,21478.26,21565.22,21173.91,21217.39,20691.53,29919423.0
2024-03-08,21304.35,21304.35,20521.74,20521.74,20013.12,58883680.0
2024-03-11,20478.26,20521.74,19826.09,19956.52,19461.91,44172995.0
2024-03-12,19913.04,20217.39,19782.61,20086.96,19589.11,28244230.0
2024-03-13,20086.96,20739.13,20086.96,20739.13,20225.12,20751980.0
2024-03-14,20826.09,20826.09,20347.83,20391.3,19885.92,23835130.0
2024-03-15,20391.3,20739.13,20130.44,20695.65,20182.72,29458515.0
2024-03-18,20652.17,20695.65,19478.26,20173.91,19673.91,37906760.0
2024-03-19,20173.91,20304.35,19956.52,20173.91,19673.91,24489135.0
2024-03-20,20173.91,21217.39,20086.96,21000.0,20479.53,46201595.0
2024-03-21,21130.44,21521.74,20956.52,21521.74,20988.33,39714560.0
2024-03-22,21739.13,22347.83,21608.7,21782.61,21242.74,48004105.0
2024-03-25,21782.61,22043.48,21391.3,21478.26,20945.93,27334005.0
2024-03-26,21478.26,21956.52,21391.3,21956.52,21412.34,19752170.0
2024-03-27,21956.52,22086.96,21739.13,22000.0,21454.74,16803570.0
2024-03-28,22304.35,22347.83,21913.04,22173.91,21624.34,18387235.0
2024-03-29,22217.39,22217.39,21869.56,22086.96,21539.54,15578360.0
2024-04-01,21913.04,21956.52,21478.26,21652.17,21115.54,33474476.0
2024-04-02,21391.3,21565.22,21043.48,21565.22,21030.73,39183720.0
2024-04-03,21565.22,21565.22,21043.48,21043.48,20521.93,29052956.0
2024-04-04,21043.48,21086.96,20695.65,20695.65,20182.72,38551105.0
2024-04-05,20478.26,20652.17,20260.87,20304.35,19801.12,30387140.0
2024-04-08,20347.83,20695.65,20130.44,20434.78,19928.32,30005800.0
2024-04-09,20434.78,20869.56,20347.83,20869.56,20352.32,19909835.0
2024-04-10,21130.44,21173.91,20695.65,20695.65,20182.72,46175145.0
2024-04-11,20434.78,20739.13,20347.83,20652.17,20140.32,14428590.0
2024-04-12,20739.13,21478.26,20652.17,21434.78,20903.53,34144880.0
2024-04-15,21260.87,21782.61,20000.0,20347.83,19843.52,68898581.0
2024-04-16,20347.83,20782.61,20043.48,20782.61,20267.52,56778685.0
2024-04-17,20869.56,20913.04,20086.96,20086.96,19589.11,36232141.0
2024-04-19,19652.17,20260.87,19652.17,19739.13,19249.91,36334560.0
2024-04-22,19826.09,20043.48,19608.7,19652.17,19165.1,30828970.0
2024-04-23,19652.17,19739.13,18913.04,19130.44,18656.3,36884180.0
2024-04-24,19304.35,19695.65,19086.96,19608.7,19122.7,22092420.0
2024-04-25,19652.17,19652.17,19260.87,19347.83,18868.3,14953680.0
2024-04-26,19130.44,19521.74,19130.44,19347.83,18868.3,16194530.0
2024-05-02,19391.3,19608.7,19304.35,19478.26,18995.5,12970045.0
2024-05-03,19652.17,19826.09,19391.3,19478.26,18995.5,14153395.0
2024-05-06,19608.7,19956.52,19608.7,19913.04,19419.51,19438910.0
2024-05-07,20000.0,20043.48,19695.65,19782.61,19292.31,12557310.0
2024-05-08,19478.26,19739.13,19391.3,19608.7,19122.7,27735585.0
2024-05-09,19652.17,19826.09,19434.78,19695.65,19207.51,19674430.0
2024-05-10,19782.61,19913.04,19565.22,19652.17,19165.1,16320915.0
2024-05-13,19652.17,20000.0,19652.17,19695.65,19207.51,17320725.0
2024-05-14,19913.04,20173.91,19739.13,19869.56,19377.11,21902612.0
2024-05-15,19956.52,20043.48,19826.09,19913.04,19419.51,21505575.0
2024-05-16,20130.44,20478.26,20000.0,20347.83,19843.52,38232555.0
2024-05-17,20391.3,20391.3,20130.44,20217.39,19716.31,18015785.0
2024-05-20,20521.74,20521.74,20347.83,20391.3,19885.92,21476825.0
2024-05-21,20391.3,20521.74,20217.39,20521.74,20013.12,18862645.0
2024-05-22,20521.74,20565.22,20173.91,20173.91,19673.91,23980375.0
2024-05-23,19739.13,19869.56,19565.22,19826.09,19826.09,15042690.0
2024-05-24,19608.7,20260.87,19260.87,19521.74,19521.74,42111620.0
2024-05-27,19652.17,19652.17,19434.78,19521.74,19521.74,9192870.0
2024-05-28,19739.13,19782.61,19434.78,19652.17,19652.17,15418395.0
2024-05-29,19652.17,19695.65,19391.3,19391.3,19391.3,23953810.0
2024-05-30,19217.39,19260.87,18869.56,19000.0,19000.0,33304000.0
2024-05-31,19000.0,19130.44,18913.04,18913.04,18913.04,17702525.0
2024-06-03,19086.96,19826.09,19086.96,19652.17,19652.17,28478025.0
2024-06-04,19782.61,19826.09,19565.22,19565.22,19565.22,11245390.0
2024-06-05,19608.7,19739.13,19304.35,19304.35,19304.35,15774665.0
2024-06-06,19478.26,19652.17,19391.3,19434.78,19434.78,12456225.0
2024-06-07,19608.7,19695.65,19391.3,19521.74,19521.74,10510425.0
2024-06-10,19608.7,19913.04,19565.22,19695.65,19695.65,16251800.0
2024-06-11,19695.65,19739.13,19521.74,19608.7,19608.7,12227605.0
2024-06-12,19608.7,20086.96,19478.26,20086.96,20086.96,29644700.0
2024-06-13,20173.91,20608.7,20130.44,20478.26,20478.26,46731400.0
2024-06-14,20869.56,20869.56,20086.96,20086.96,20086.96,29964400.0
2024-06-17,20347.83,20347.83,19956.52,20217.39,20217.39,20937590.0
2024-06-18,20434.78,20478.26,20217.39,20217.39,20217.39,14334980.0
2024-06-19,20347.83,20391.3,20043.48,20260.87,20260.87,15677605.0
2024-06-20,20347.83,20391.3,20130.44,20217.39,20217.39,16887531.0
2024-06-21,20217.39,20304.35,20086.96,20173.91,20173.91,12262910.0
2024-06-24,20086.96,20173.91,19608.7,19695.65,19695.65,36764120.0
2024-06-25,19739.13,19869.56,19565.22,19652.17,19652.17,25427236.0
2024-06-26,19652.17,19695.65,19434.78,19565.22,19565.22,16354725.0
2024-06-27,19521.74,19652.17,19478.26,19565.22,19565.22,8068745.0
2024-06-28,19608.7,19608.7,19304.35,19304.35,19304.35,13249380.0
2024-07-01,19347.83,19521.74,19260.87,19521.74,19521.74,5948375.0
2024-07-02,19565.22,19869.56,19521.74,19739.13,19739.13,13263295.0
2024-07-03,19826.09,19956.52,19652.17,19913.04,19913.04,12762113.0
2024-07-04,19913.04,20000.0,19652.17,19826.09,19826.09,8238255.0
2024-07-05,19826.09,19869.56,19652.17,19826.09,19826.09,9120420.0
2024-07-08,19826.09,19956.52,19652.17,19739.13,19739.13,12357325.0
2024-07-09,19826.09,20130.44,19695.65,20130.44,20130.44,16423725.0
2024-07-10,20130.44,20521.74,20130.44,20260.87,20260.87,27844030.0
2024-07-11,20391.3,20434.78,20086.96,20086.96,20086.96,10015120.0
2024-07-12,19956.52,20173.91,19913.04,20000.0,20000.0,9800530.0
2024-07-15,20043.48,20173.91,19956.52,20043.48,20043.48,5900880.0
2024-07-16,20086.96,20826.09,20043.48,20478.26,20478.26,30706610.0
2024-07-17,20695.65,21869.56,20478.26,21304.35,21304.35,84048785.0
2024-07-18,21391.3,21739.13,20956.52,21652.17,21652.17,46279450.0
2024-07-19,21652.17,22304.35,21565.22,22086.96,22086.96,57508165.0
2024-07-22,22000.0,22391.3,21434.78,21913.04,21913.04,45157395.0
2024-07-23,22043.48,22043.48,20695.65,20782.61,20782.61,58243130.0
2024-07-24,20695.65,21086.96,20565.22,20826.09,20826.09,31431800.0
2024-07-25,20739.13,20956.52,20434.78,20826.09,20826.09,26783270.0
2024-07-26,20782.61,21173.91,20739.13,21130.44,21130.44,13984460.0
2024-07-29,21260.87,21260.87,20956.52,20956.52,20956.52,12239450.0
2024-07-30,20956.52,21304.35,20739.13,21304.35,21304.35,22507455.0
2024-07-31,21304.35,21652.17,21043.48,21217.39,21217.39,23541995.0
2024-08-01,21217.39,21347.83,20217.39,20347.83,20347.83,39820475.0
2024-08-02,20000.0,20695.65,20000.0,20695.65,20695.65,28291012.0
2024-08-05,20043.48,20478.26,19826.09,19956.52,19956.52,35905070.0
2024-08-06,20173.91,20434.78,20000.0,20347.83,20347.83,22073675.0
2024-08-07,20347.83,20434.78,20173.91,20304.35,20304.35,11805210.0
2024-08-08,20260.87,20434.78,20000.0,20043.48,20043.48,13197515.0
2024-08-09,20173.91,20434.78,20173.91,20391.3,20391.3,9850440.0
2024-08-12,20434.78,20608.7,20304.35,20608.7,20608.7,12341455.0
2024-08-13,20565.22,20652.17,20347.83,20521.74,20521.74,8724130.0
2024-08-14,20652.17,20652.17,20347.83,20347.83,20347.83,8032290.0
2024-08-15,20347.83,20478.26,20217.39,20217.39,20217.39,13711174.0
2024-08-16,20347.83,20956.52,20304.35,20913.04,20913.04,24344925.0
2024-08-19,20956.52,21086.96,20826.09,20913.04,20913.04,11454461.0
2024-08-20,20956.52,21304.35,20913.04,21086.96,21086.96,18975000.0
2024-08-21,21086.96,21565.22,20913.04,21521.74,21521.74,25264120.0
2024-08-22,21608.7,21652.17,21217.39,21217.39,21217.39,15059135.0
2024-08-23,21217.39,21434.78,21130.44,21347.83,21347.83,17962195.0
2024-08-26,21478.26,21565.22,21130.44,21260.87,21260.87,13437060.0
2024-08-27,21173.91,21304.35,21130.44,21217.39,21217.39,13108505.0
2024-08-28,21260.87,21478.26,21173.91,21434.78,21434.78,19741130.0
2024-08-29,21434.78,21913.04,21434.78,21608.7,21608.7,26171585.0
2024-08-30,21608.7,21739.13,21565.22,21608.7,21608.7,10199696.0
2024-09-04,21260.87,21391.3,21173.91,21217.39,21217.39,20607195.0
2024-09-05,21217.39,21478.26,20782.61,20826.09,20826.09,82147938.0
2024-09-06,20782.61,20913.04,20652.17,20869.56,20869.56,67914641.0
2024-09-09,20782.61,20826.09,20652.17,20826.09,20826.09,11770020.0
2024-09-10,20913.04,21043.48,20565.22,20652.17,20652.17,16971470.0
2024-09-11,20652.17,20913.04,20434.78,20782.61,20782.61,11962300.0
2024-09-12,20869.56,21000.0,20826.09,20869.56,20869.56,9652180.0
2024-09-13,20913.04,20913.04,20739.13,20782.61,20782.61,5842345.0
2024-09-16,20782.61,21086.96,20739.13,20782.61,20782.61,9987866.0
2024-09-17,20869.56,21086.96,20695.65,21086.96,21086.96,9987643.0
2024-09-18,21130.44,21391.3,21000.0,21217.39,21217.39,19426214.0
2024-09-19,21260.87,21347.83,21173.91,21217.39,21217.39,10064111.0
2024-09-20,21347.83,21739.13,21347.83,21521.74,21521.74,38356640.0
2024-09-23,21565.22,22086.96,21565.22,21565.22,21565.22,26943005.0
2024-09-24,21652.17,22000.0,21565.22,21956.52,21956.52,20435385.0
2024-09-25,22086.96,22521.74,22043.48,22391.3,22391.3,39316315.0
2024-09-26,22391.3,22565.22,22173.91,22347.83,22347.83,30791710.0
2024-09-27,22347.83,22739.13,22260.87,22347.83,22347.83,21282360.0
2024-09-30,22130.44,22434.78,22130.44,22347.83,22347.83,17070025.0
2024-10-01,22391.3,22739.13,22304.35,22304.35,22304.35,21583545.0
2024-10-02,22217.39,22478.26,22173.91,22347.83,22347.83,23196075.0
2024-10-03,22304.35,22695.65,22086.96,22173.91,22173.91,29134790.0
2024-10-04,22173.91,22173.91,21826.09,21826.09,21826.09,21929695.0
2024-10-07,22000.0,22086.96,21739.13,21913.04,21913.04,11714130.0
2024-10-08,21913.04,22173.91,21826.09,21913.04,21913.04,14240910.0
2024-10-09,22000.0,22304.35,21956.52,22260.87,22260.87,16832435.0
2024-10-10,22347.83,22565.22,22173.91,22173.91,22173.91,14608335.0
2024-10-11,22173.91,22260.87,22043.48,22217.39,22217.39,8533576.0
2024-10-14,22304.35,22695.65,22173.91,22478.26,22478.26,17908720.0
2024-10-15,22565.22,22695.65,22304.35,22304.35,22304.35,17725410.0
2024-10-16,22304.35,22304.35,22086.96,22173.91,22173.91,12453810.0
2024-10-17,22217.39,22521.74,22043.48,22521.74,22521.74,13712025.0
2024-10-18,22608.7,22782.61,22347.83,22391.3,22391.3,21249700.0
2024-10-21,22391.3,22521.74,22217.39,22217.39,22217.39,10822076.0
2024-10-22,22173.91,22304.35,21869.56,21956.52,21956.52,23376280.0
2024-10-23,21956.52,22043.48,21869.56,21956.52,21956.52,13454425.0
2024-10-24,21956.52,22086.96,21478.26,21478.26,21478.26,22133705.0
2024-10-25,21565.22,21565.22,21347.83,21434.78,21434.78,12294995.0
2024-10-28,21521.74,21608.7,21434.78,21565.22,21565.22,4575046.0
2024-10-29,21652.17,21826.09,21608.7,21739.13,21739.13,9831580.0
2024-10-30,21739.13,21869.56,21478.26,21739.13,21739.13,16694895.0
2024-10-31,21739.13,21913.04,21565.22,21782.61,21782.61,11744030.0
2024-11-01,21695.65,21782.61,21391.3,21391.3,21391.3,13598980.0
2024-11-04,21478.26,21521.74,21217.39,21260.87,21260.87,14261725.0
2024-11-05,21347.83,21391.3,21217.39,21260.87,21260.87,11100110.0
2024-11-06,21434.78,21652.17,21304.35,21608.7,21608.7,9866885.0
2024-11-07,21739.13,21739.13,21565.22,21565.22,21565.22,13785395.0
2024-11-08,21608.7,21652.17,21217.39,21347.83,21347.83,9607215.0
2024-11-11,21347.83,21391.3,20826.09,21130.44,21130.44,19920530.0
2024-11-12,21130.44,21173.91,20956.52,20956.52,20956.52,10483883.0
2024-11-13,20956.52,21086.96,20739.13,21000.0,21000.0,15994890.0
2024-11-14,20956.52,20956.52,20695.65,20695.65,20695.65,24355850.0
2024-11-15,20608.7,20695.65,20434.78,20434.78,20434.78,23079695.0
2024-11-18,20434.78,20565.22,20086.96,20347.83,20347.83,18787550.0
2024-11-19,20434.78,20521.74,20130.44,20130.44,20130.44,9052685.0
2024-11-20,20130.44,20608.7,20130.44,20478.26,20478.26,13063643.0
2024-11-21,20521.74,20869.56,20347.83,20869.56,20869.56,7567232.0
2024-11-22,20826.09,21043.48,20782.61,20869.56,20869.56,10588051.0
2024-11-25,20869.56,20913.04,20782.61,20826.09,20826.09,5939981.0
2024-11-26,20913.04,21043.48,20869.56,20956.52,20956.52,6172396.0
2024-11-27,20869.56,21086.96,20782.61,20956.52,20956.52,5064946.0
2024-11-28,21043.48,21086.96,20869.56,20869.56,20869.56,10250065.0
2024-11-29,20913.04,21000.0,20826.09,21000.0,21000.0,7794930.0
2024-12-02,21043.48,21130.44,20913.04,21000.0,21000.0,7177654.0
2024-12-03,21000.0,21043.48,20826.09,20826.09,20826.09,8530585.0
2024-12-04,20782.61,20869.56,20695.65,20739.13,20739.13,9867231.0
2024-12-05,20739.13,21391.3,20695.65,21347.83,21347.83,12287520.0
2024-12-06,21391.3,21391.3,21173.91,21173.91,21173.91,18306988.0
2024-12-09,21217.39,21347.83,21086.96,21217.39,21217.39,7640180.0
2024-12-10,21217.39,21304.35,21086.96,21086.96,21086.96,7897880.0
2024-12-11,21086.96,21217.39,20956.52,21130.44,21130.44,7966006.0
2024-12-12,21217.39,21347.83,21130.44,21130.44,21130.44,6696410.0
2024-12-13,21086.96,21173.91,21043.48,21086.96,21086.96,5403122.0
2024-12-16,21086.96,21173.91,20869.56,20956.52,20956.52,7355845.0
2024-12-17,20913.04,21043.48,20913.04,21000.0,21000.0,4796814.0
2024-12-18,21000.0,21043.48,20913.04,21043.48,21043.48,4807842.0
2024-12-19,20695.65,20913.04,20695.65,20739.13,20739.13,12106418.0
2024-12-20,20739.13,20869.56,20695.65,20869.56,20869.56,27464679.0
2024-12-23,20869.56,21000.0,20869.56,20913.04,20913.04,8605556.0
2024-12-24,20913.04,20913.04,20739.13,20782.61,20782.61,4395931.0
2024-12-25,20826.09,21565.22,20826.09,21260.87,21260.87,18192908.0
2024-12-26,21304.35,21652.17,21260.87,21652.17,21652.17,24438811.0
2024-12-27,21782.61,22000.0,21739.13,21782.61,21782.61,21272746.0
2024-12-30,21869.56,21869.56,21565.22,21565.22,21565.22,13334238.0
2024-12-31,21565.22,21826.09,21565.22,21826.09,21826.09,13537029.0
2025-01-02,21869.56,22130.44,21782.61,21913.04,21913.04,15481357.0
2025-01-03,21913.04,21913.04,21478.26,21478.26,21478.26,12915201.0
2025-01-06,21478.26,21652.17,21217.39,21217.39,21217.39,17406193.0
2025-01-07,21700.0,21700.0,21200.0,21650.0,21650.0,14558370.0
2025-01-08,21450.0,21700.0,21450.0,21600.0,21600.0,8416606.0
2025-01-09,21600.0,21700.0,21450.0,21500.0,21500.0,7521334.0
2025-01-10,21450.0,21500.0,21150.0,21150.0,21150.0,10415520.0
2025-01-13,21150.0,21500.0,20950.0,21500.0,21500.0,9021557.0
2025-01-14,21400.0,21500.0,21150.0,21300.0,21300.0,7936021.0
2025-01-15,21450.0,21500.0,21300.0,21350.0,21350.0,9917588.0
2025-01-16,21500.0,21600.0,21350.0,21400.0,21400.0,9901825.0
2025-01-17,21500.0,21500.0,21350.0,21500.0,21500.0,7965419.0
2025-01-20,21500.0,21950.0,21500.0,21850.0,21850.0,9424660.0
2025-01-21,21950.0,22050.0,21750.0,21850.0,21850.0,16803720.0
2025-01-22,21950.0,21950.0,21750.0,21800.0,21800.0,8167130.0
2025-01-23,21900.0,22250.0,21800.0,22200.0,22200.0,15239720.0
2025-01-24,22050.0,22450.0,22050.0,22400.0,22400.0,10552170.0
2025-02-03,22050.0,22250.0,21950.0,22050.0,22050.0,9831105.0
2025-02-04,22200.0,22600.0,22100.0,22450.0,22450.0,12433300.0
2025-02-05,22500.0,22550.0,22300.0,22500.0,22500.0,26174500.0
2025-02-06,22550.0,22950.0,22550.0,22600.0,22600.0,11107920.0
2025-02-07,22700.0,23000.0,22400.0,22750.0,22750.0,14237910.0
2025-02-10,22700.0,23250.0,22450.0,22900.0,22900.0,19859510.0
2025-02-11,23000.0,23000.0,22850.0,23000.0,23000.0,7784308.0
2025-02-12,23000.0,23050.0,22700.0,22700.0,22700.0,8361097.0
2025-02-13,22850.0,22900.0,22600.0,22900.0,22900.0,7558104.0
2025-02-14,23000.0,23000.0,22800.0,22850.0,22850.0,8323592.0
2025-02-17,22900.0,22900.0,22600.0,22650.0,22650.0,9304053.0
2025-02-18,22650.0,22950.0,22600.0,22700.0,22700.0,12498110.0
2025-02-19,22800.0,22950.0,22700.0,22850.0,22850.0,10350910.0
2025-02-20,23000.0,23000.0,22850.0,22850.0,22850.0,11621810.0
2025-02-21,22900.0,23150.0,22800.0,22900.0,22900.0,21152420.0
2025-02-24,22800.0,23050.0,22800.0,23000.0,23000.0,13739210.0
2025-02-25,23050.0,23550.0,23050.0,23400.0,23400.0,38636410.0
2025-02-26,23500.0,23550.0,23200.0,23200.0,23200.0,8767912.0
2025-02-27,23200.0,23250.0,22950.0,23200.0,23200.0,13556110.0
2025-02-28,23100.0,23150.0,22950.0,23000.0,23000.0,12262810.0
2025-03-03,23000.0,23100.0,22950.0,23100.0,23100.0,13220000.0
2025-03-04,23050.0,23600.0,22850.0,23400.0,23400.0,34307010.0
2025-03-05,23400.0,24100.0,23300.0,23550.0,23550.0,33892120.0
2025-03-06,23700.0,24100.0,23500.0,24100.0,24100.0,30549330.0
2025-03-07,24250.0,24900.0,24100.0,24500.0,24500.0,50980620.0
2025-03-10,24750.0,24900.0,24450.0,24500.0,24500.0,19469650.0
2025-03-11,24200.0,24800.0,24150.0,24800.0,24800.0,28304210.0
2025-03-12,24900.0,25000.0,24600.0,24600.0,24600.0,33557610.0
2025-03-13,24650.0,24700.0,24200.0,24300.0,24300.0,25644110.0
2025-03-14,24250.0,24450.0,24150.0,24300.0,24300.0,20034010.0
2025-03-17,24400.0,24450.0,24100.0,24300.0,24300.0,27206500.0
2025-03-18,24400.0,24400.0,23900.0,23900.0,23900.0,28146980.0
2025-03-19,23900.0,24000.0,23700.0,23850.0,23850.0,22227800.0
2025-03-20,24000.0,24350.0,23900.0,24250.0,24250.0,22462200.0
2025-03-21,24300.0,24500.0,24200.0,24300.0,24300.0,18167500.0
2025-03-24,24300.0,24400.0,23950.0,24400.0,24400.0,18367900.0
2025-03-25,24500.0,24550.0,24150.0,24200.0,24200.0,16673900.0
2025-03-26,24150.0,24400.0,24000.0,24000.0,24000.0,18277300.0
2025-03-27,24000.0,24100.0,23900.0,23900.0,23900.0,13025800.0
2025-03-28,24000.0,24100.0,23800.0,23900.0,23900.0,16254000.0
2025-03-31,23850.0,24100.0,23800.0,24100.0,24100.0,19358100.0
2025-04-01,24150.0,24600.0,24000.0,24600.0,24600.0,15642910.0
2025-04-02,24600.0,24650.0,24350.0,24350.0,24350.0,10558900.0
2025-04-03,23600.0,23700.0,22650.0,22650.0,22650.0,87853100.0
2025-04-04,21100.0,22450.0,21100.0,22450.0,22450.0,75397780.0
2025-04-08,21150.0,21900.0,20900.0,20900.0,20900.0,67764110.0
2025-04-09,19450.0,21400.0,19450.0,20650.0,20650.0,61224580.0
2025-04-10,22050.0,22050.0,22050.0,22050.0,22050.0,3818165.0
2025-04-11,22500.0,23500.0,22400.0,23450.0,23450.0,78980400.0
2025-04-14,23500.0,23550.0,23150.0,23450.0,23450.0,31742100.0
2025-04-15,23000.0,23400.0,22900.0,23000.0,23000.0,29512300.0
2025-04-16,23000.0,23250.0,22750.0,22900.0,22900.0,21927000.0
2025-04-17,22700.0,23000.0,22600.0,23000.0,23000.0,21593500.0
2025-04-18,23100.0,23450.0,23050.0,23250.0,23250.0,32262900.0
2025-04-21,23500.0,23500.0,22800.0,22950.0,22950.0,37143800.0
2025-04-22,22850.0,23150.0,21550.0,23100.0,23100.0,45405000.0
2025-04-23,23450.0,23700.0,23100.0,23400.0,23400.0,33860600.0
2025-04-24,23400.0,23400.0,23050.0,23250.0,23250.0,18099100.0
2025-04-25,23500.0,23750.0,23300.0,23550.0,23550.0,40909200.0
2025-04-28,23800.0,23850.0,23550.0,23700.0,23700.0,23070500.0
2025-04-29,23700.0,23750.0,23550.0,23550.0,23550.0,13327800.0
2025-05-05,23700.0,23750.0,23450.0,23550.0,23550.0,19587740.0
2025-05-06,23600.0,23700.0,23500.0,23550.0,23550.0,22810170.0
2025-05-07,23550.0,23600.0,23200.0,23250.0,23250.0,21946620.0
