Date;Open;High;Low;Close    ;Adj Close   ;Volume
May 7, 2025;109,600.00;111,200.00;108,900.00;109,700.00;109,700.00;4,391,567
May 6, 2025;108,600.00;111,000.00;108,600.00;109,700.00;109,700.00;6,745,106
May 5, 2025;109,500.00;109,700.00;106,900.00;108,600.00;108,600.00;7,639,587
Apr 29, 2025;109,600.00;110,500.00;109,100.00;109,400.00;109,400.00;6,209,900
Apr 28, 2025;112,000.00;112,400.00;109,200.00;109,500.00;109,500.00;4,126,000
Apr 25, 2025;112,000.00;112,400.00;110,200.00;112,400.00;112,400.00;6,714,100
Apr 24, 2025;111,500.00;113,700.00;110,600.00;112,000.00;112,000.00;8,259,900
Apr 23, 2025;111,700.00;111,700.00;107,700.00;110,400.00;110,400.00;7,275,800
Apr 22, 2025;111,000.00;111,200.00;104,000.00;110,400.00;110,400.00;10,242,300
Apr 21, 2025;112,000.00;112,500.00;110,000.00;111,700.00;111,700.00;4,362,300
Apr 18, 2025;110,500.00;115,000.00;110,500.00;111,600.00;111,600.00;8,432,500
Apr 17, 2025;105,000.00;111,300.00;104,900.00;109,400.00;109,400.00;12,137,200
Apr 16, 2025;114,500.00;115,900.00;107,900.00;107,900.00;107,900.00;18,892,200
Apr 15, 2025;116,100.00;117,000.00;113,700.00;116,000.00;116,000.00;7,849,400
Apr 14, 2025;120,000.00;120,000.00;114,000.00;118,500.00;118,500.00;9,389,300
Apr 11, 2025;117,000.00;118,500.00;114,300.00;118,500.00;118,500.00;19,261,500
Apr 10, 2025;112,600.00;112,600.00;112,600.00;112,600.00;112,600.00;2,040,200
Apr 9, 2025;97,800.00;108,000.00;97,800.00;105,300.00;105,300.00;18,389,300
Apr 8, 2025;106,000.00;108,000.00;105,100.00;105,100.00;105,100.00;16,589,700
Apr 4, 2025;105,600.00;113,900.00;105,600.00;113,000.00;113,000.00;21,849,500
Apr 3, 2025;114,700.00;117,600.00;113,500.00;113,500.00;113,500.00;11,574,900
Apr 2, 2025;121,200.00;122,300.00;120,800.00;122,000.00;122,000.00;3,920,200
Apr 1, 2025;122,000.00;122,200.00;118,800.00;120,500.00;120,500.00;8,304,728
Mar 31, 2025;123,400.00;123,400.00;121,000.00;121,000.00;121,000.00;5,519,302
Mar 28, 2025;126,100.00;126,400.00;124,000.00;124,000.00;124,000.00;3,027,000
Mar 27, 2025;122,000.00;126,500.00;121,100.00;126,200.00;126,200.00;7,224,400
Mar 26, 2025;126,500.00;126,500.00;122,700.00;123,000.00;123,000.00;11,419,200
Mar 25, 2025;129,800.00;129,900.00;126,500.00;126,500.00;126,500.00;5,629,200
Mar 24, 2025;128,500.00;129,300.00;127,300.00;129,000.00;129,000.00;5,090,200
Mar 21, 2025;125,000.00;129,000.00;125,000.00;128,000.00;128,000.00;6,424,800
Mar 20, 2025;124,600.00;126,800.00;124,500.00;125,000.00;125,000.00;8,708,600
Mar 19, 2025;130,100.00;130,600.00;123,500.00;124,600.00;124,600.00;19,264,400
Mar 18, 2025;130,100.00;132,200.00;130,000.00;130,000.00;130,000.00;5,628,500
Mar 17, 2025;131,600.00;132,100.00;129,600.00;130,000.00;130,000.00;7,623,000
Mar 14, 2025;135,600.00;136,300.00;130,800.00;131,400.00;131,400.00;16,251,000
Mar 13, 2025;136,100.00;138,000.00;136,100.00;136,500.00;136,500.00;3,710,200
Mar 12, 2025;137,700.00;138,700.00;135,900.00;135,900.00;135,900.00;6,365,000
Mar 11, 2025;138,000.00;138,500.00;137,000.00;137,500.00;137,500.00;6,164,400
Mar 10, 2025;141,500.00;141,500.00;139,200.00;139,300.00;139,300.00;5,681,800
Mar 7, 2025;141,700.00;142,700.00;141,100.00;141,400.00;141,400.00;3,436,000
Mar 6, 2025;139,500.00;143,500.00;139,500.00;141,600.00;141,600.00;6,511,200
Mar 5, 2025;140,000.00;140,100.00;139,100.00;139,100.00;139,100.00;2,851,100
Mar 4, 2025;139,500.00;140,600.00;139,300.00;140,000.00;140,000.00;4,024,595
Mar 3, 2025;140,500.00;141,400.00;140,300.00;140,500.00;140,500.00;2,933,900
Feb 28, 2025;140,100.00;141,100.00;139,000.00;140,300.00;140,300.00;6,943,200
Feb 27, 2025;142,000.00;142,200.00;140,700.00;141,300.00;141,300.00;3,921,700
Feb 26, 2025;139,100.00;141,800.00;138,900.00;141,800.00;141,800.00;3,973,500
Feb 25, 2025;140,400.00;140,400.00;138,200.00;139,000.00;139,000.00;7,334,400
Feb 24, 2025;142,000.00;142,000.00;139,500.00;140,500.00;140,500.00;7,517,901
Feb 21, 2025;142,800.00;142,900.00;141,500.00;142,000.00;142,000.00;5,332,600
Feb 20, 2025;144,200.00;144,600.00;143,000.00;143,000.00;143,000.00;3,385,400
Feb 19, 2025;143,900.00;144,900.00;143,100.00;144,000.00;144,000.00;3,469,801
Feb 18, 2025;143,800.00;144,400.00;143,100.00;143,900.00;143,900.00;1,664,100
Feb 17, 2025;145,000.00;145,000.00;143,400.00;143,600.00;143,600.00;2,816,300
Feb 14, 2025;144,000.00;145,000.00;143,600.00;144,900.00;144,900.00;3,251,709
Feb 13, 2025;145,000.00;145,000.00;142,700.00;143,100.00;143,100.00;3,248,100
Feb 12, 2025;145,600.00;145,700.00;144,300.00;145,000.00;145,000.00;2,035,451
Feb 11, 2025;142,200.00;145,400.00;140,100.00;145,400.00;145,400.00;7,361,400
Feb 10, 2025;145,500.00;145,500.00;142,000.00;142,000.00;142,000.00;7,749,600
Feb 7, 2025;146,500.00;146,700.00;145,800.00;146,100.00;146,100.00;4,365,900
Feb 6, 2025;147,000.00;147,300.00;145,600.00;146,500.00;146,500.00;3,724,601
Feb 5, 2025;146,900.00;147,500.00;145,800.00;146,300.00;146,300.00;5,344,100
Feb 4, 2025;146,000.00;147,000.00;145,300.00;146,200.00;146,200.00;7,250,700
Feb 3, 2025;148,000.00;149,200.00;145,300.00;145,500.00;145,500.00;12,863,200
Jan 24, 2025;154,100.00;154,500.00;153,400.00;153,400.00;153,400.00;3,950,706
Jan 23, 2025;150,100.00;156,000.00;150,000.00;154,300.00;154,300.00;8,459,101
Jan 22, 2025;149,600.00;150,600.00;149,200.00;149,700.00;149,700.00;4,066,602
Jan 21, 2025;150,500.00;151,400.00;149,000.00;149,900.00;149,900.00;3,475,801
Jan 20, 2025;149,000.00;150,400.00;148,200.00;150,000.00;150,000.00;2,297,711
Jan 17, 2025;146,600.00;150,100.00;146,000.00;149,000.00;149,000.00;3,900,004
Jan 16, 2025;146,200.00;147,000.00;145,200.00;146,500.00;146,500.00;3,856,703
Jan 15, 2025;146,000.00;146,500.00;144,800.00;145,500.00;145,500.00;3,450,803
Jan 14, 2025;147,600.00;148,000.00;145,100.00;145,100.00;145,100.00;4,304,503
Jan 13, 2025;146,100.00;148,500.00;144,700.00;147,600.00;147,600.00;5,156,707
Jan 10, 2025;148,800.00;149,100.00;147,200.00;147,300.00;147,300.00;2,737,703
Jan 9, 2025;148,300.00;149,200.00;148,000.00;148,800.00;148,800.00;1,964,401
Jan 8, 2025;150,000.00;150,000.00;148,100.00;148,300.00;148,300.00;3,879,902
Jan 7, 2025;149,500.00;151,300.00;149,500.00;150,100.00;150,100.00;4,053,304
Jan 6, 2025;149,100.00;150,200.00;148,400.00;149,300.00;149,300.00;3,467,104
Jan 3, 2025;151,300.00;151,300.00;149,000.00;149,000.00;149,000.00;6,446,104
Jan 2, 2025;152,500.00;152,700.00;150,100.00;152,000.00;152,000.00;6,190,801
Dec 31, 2024;150,700.00;153,900.00;150,300.00;152,500.00;152,500.00;4,803,202
Dec 30, 2024;149,400.00;150,800.00;148,500.00;150,500.00;150,500.00;3,195,406
Dec 27, 2024;149,500.00;149,900.00;148,700.00;149,600.00;149,600.00;4,611,705
Dec 26, 2024;151,000.00;151,400.00;149,100.00;149,800.00;149,800.00;2,943,303
Dec 25, 2024;150,600.00;151,200.00;150,400.00;150,800.00;150,800.00;4,668,104
Dec 24, 2024;150,000.00;150,800.00;149,400.00;150,400.00;150,400.00;4,037,903
Dec 23, 2024;149,500.00;149,900.00;148,700.00;149,800.00;149,800.00;4,310,913
Dec 20, 2024;148,500.00;150,600.00;148,300.00;149,500.00;149,500.00;4,735,802
Dec 19, 2024;147,300.00;149,000.00;147,200.00;148,100.00;148,100.00;5,824,454
Dec 18, 2024;148,000.00;149,800.00;148,000.00;148,700.00;148,700.00;3,539,440
Dec 17, 2024;150,100.00;150,500.00;147,700.00;148,000.00;148,000.00;7,365,505
Dec 16, 2024;149,600.00;150,600.00;149,500.00;149,900.00;149,900.00;5,670,912
Dec 13, 2024;149,500.00;150,900.00;149,400.00;149,500.00;149,500.00;4,864,805
Dec 12, 2024;151,900.00;151,900.00;149,200.00;150,200.00;150,200.00;5,652,707
Dec 11, 2024;150,000.00;151,700.00;149,700.00;150,500.00;150,500.00;9,266,607
Dec 10, 2024;147,100.00;149,500.00;147,000.00;149,500.00;149,500.00;4,287,206
Dec 9, 2024;149,200.00;149,500.00;146,100.00;147,000.00;147,000.00;5,899,005
Dec 6, 2024;151,900.00;151,900.00;148,000.00;149,500.00;149,500.00;5,003,200
Dec 5, 2024;144,000.00;148,500.00;143,600.00;148,500.00;148,500.00;8,805,101
Dec 4, 2024;145,000.00;146,300.00;142,800.00;143,500.00;143,500.00;7,748,901
Dec 3, 2024;141,700.00;145,900.00;141,700.00;145,000.00;145,000.00;6,971,700
Dec 2, 2024;1000 Dividend;;;;;
Dec 2, 2024;144,300.00;146,000.00;141,600.00;142,200.00;142,200.00;7,940,530
Nov 29, 2024;139,400.00;145,400.00;139,000.00;144,300.00;143,300.00;13,487,700
Nov 28, 2024;139,400.00;140,000.00;138,300.00;139,400.00;138,433.95;7,158,700
Nov 27, 2024;135,200.00;139,700.00;135,200.00;138,900.00;137,937.42;13,316,300
Nov 26, 2024;133,400.00;135,900.00;133,300.00;135,200.00;134,263.06;4,501,100
Nov 25, 2024;134,000.00;134,000.00;133,200.00;133,900.00;132,972.08;6,637,700
Nov 22, 2024;132,900.00;134,400.00;132,500.00;133,900.00;132,972.08;5,575,900
Nov 21, 2024;132,400.00;133,000.00;131,000.00;133,000.00;132,078.31;4,329,001
Nov 20, 2024;130,000.00;132,400.00;126,700.00;132,400.00;131,482.47;9,620,300
Nov 19, 2024;133,500.00;133,600.00;129,900.00;130,000.00;129,099.10;9,152,800
Nov 18, 2024;134,000.00;134,600.00;132,500.00;134,000.00;133,071.38;3,993,401
Nov 15, 2024;135,300.00;135,700.00;132,600.00;133,900.00;132,972.08;6,563,600
Nov 14, 2024;137,900.00;139,900.00;136,000.00;136,000.00;135,057.52;4,911,301
Nov 13, 2024;136,700.00;138,100.00;136,100.00;137,800.00;136,845.05;3,625,400
Nov 12, 2024;138,600.00;138,900.00;135,900.00;136,800.00;135,851.98;2,964,700
Nov 11, 2024;136,500.00;139,500.00;136,000.00;138,300.00;137,341.58;5,292,000
Nov 8, 2024;136,100.00;136,800.00;135,100.00;135,800.00;134,858.91;2,106,300
Nov 7, 2024;135,300.00;137,600.00;134,200.00;135,100.00;134,163.77;4,526,500
Nov 6, 2024;133,100.00;134,600.00;133,000.00;134,600.00;133,667.22;1,801,500
Nov 4, 2024;134,600.00;134,600.00;132,700.00;132,800.00;131,879.70;3,757,900
Nov 1, 2024;135,000.00;135,000.00;133,600.00;134,600.00;133,667.22;2,667,500
Oct 31, 2024;135,900.00;136,000.00;135,300.00;135,900.00;134,958.22;1,341,700
Oct 29, 2024;135,400.00;135,500.00;134,800.00;135,400.00;134,461.67;2,649,200
Oct 28, 2024;134,100.00;135,000.00;133,600.00;134,900.00;133,965.14;1,506,001
Oct 25, 2024;134,300.00;134,600.00;133,600.00;134,000.00;133,071.38;1,839,000
Oct 24, 2024;134,200.00;134,300.00;133,800.00;134,300.00;133,369.30;2,277,201
Oct 23, 2024;132,900.00;134,800.00;132,600.00;134,200.00;133,270.00;3,015,101
Oct 22, 2024;135,700.00;135,700.00;133,000.00;133,100.00;132,177.63;6,174,500
Oct 21, 2024;137,000.00;137,700.00;135,500.00;135,500.00;134,560.98;2,861,300
Oct 18, 2024;137,400.00;137,800.00;136,600.00;137,000.00;136,050.59;2,169,401
Oct 17, 2024;136,500.00;137,100.00;135,500.00;137,000.00;136,050.59;3,769,200
Oct 16, 2024;136,400.00;137,100.00;136,000.00;136,300.00;135,355.44;2,796,001
Oct 15, 2024;137,600.00;138,600.00;136,600.00;137,000.00;136,050.59;2,910,800
Oct 14, 2024;141,100.00;141,300.00;137,100.00;137,600.00;136,646.44;5,635,300
Oct 11, 2024;142,000.00;142,800.00;139,600.00;139,600.00;138,632.58;3,863,600
Oct 10, 2024;135,800.00;142,000.00;135,800.00;141,700.00;140,718.02;10,102,200
Oct 9, 2024;134,300.00;135,800.00;134,300.00;135,400.00;134,461.67;2,819,900
Oct 8, 2024;134,100.00;135,100.00;133,600.00;133,800.00;132,872.77;2,108,601
Oct 7, 2024;134,200.00;134,900.00;133,600.00;134,100.00;133,170.69;1,901,501
Oct 4, 2024;134,300.00;134,800.00;133,500.00;134,100.00;133,170.69;1,468,400
Oct 3, 2024;135,400.00;136,100.00;134,000.00;134,000.00;133,071.38;3,631,801
Oct 2, 2024;134,600.00;135,900.00;134,600.00;135,400.00;134,461.67;2,369,200
Oct 1, 2024;134,700.00;136,200.00;134,700.00;135,900.00;134,958.22;6,887,000
Sep 30, 2024;134,200.00;134,500.00;133,000.00;134,500.00;133,567.92;3,278,500
Sep 27, 2024;134,300.00;134,400.00;133,500.00;134,200.00;133,270.00;3,552,800
Sep 26, 2024;135,000.00;135,000.00;133,900.00;134,300.00;133,369.30;3,080,600
Sep 25, 2024;134,300.00;134,800.00;133,600.00;134,800.00;133,865.84;4,679,900
Sep 24, 2024;134,000.00;134,700.00;133,700.00;134,500.00;133,567.92;2,755,516
Sep 23, 2024;135,900.00;135,900.00;133,400.00;134,000.00;133,071.38;3,482,200
Sep 20, 2024;136,300.00;137,000.00;135,000.00;135,300.00;134,362.38;3,719,700
Sep 19, 2024;135,000.00;135,800.00;134,300.00;135,200.00;134,263.06;5,154,300
Sep 18, 2024;133,400.00;135,200.00;132,900.00;134,600.00;133,667.22;5,449,600
Sep 17, 2024;131,200.00;132,900.00;131,200.00;132,900.00;131,979.00;3,621,400
Sep 16, 2024;131,800.00;133,000.00;131,100.00;131,100.00;130,191.48;2,295,700
Sep 13, 2024;132,200.00;133,400.00;132,000.00;133,000.00;132,078.31;3,935,700
Sep 12, 2024;131,000.00;132,500.00;131,000.00;132,300.00;131,383.16;4,368,000
Sep 11, 2024;130,000.00;131,300.00;129,800.00;130,600.00;129,694.95;3,590,400
Sep 10, 2024;131,000.00;131,000.00;129,600.00;130,000.00;129,099.10;4,195,101
Sep 9, 2024;130,800.00;131,900.00;130,100.00;131,300.00;130,390.09;2,885,201
Sep 6, 2024;130,500.00;132,900.00;130,300.00;132,100.00;131,184.55;4,251,400
Sep 5, 2024;133,000.00;133,000.00;129,700.00;130,600.00;129,694.95;8,055,600
Sep 4, 2024;133,000.00;133,000.00;131,500.00;133,000.00;132,078.31;4,935,200
Aug 30, 2024;133,500.00;134,900.00;133,000.00;134,800.00;133,865.84;3,379,800
Aug 29, 2024;132,800.00;133,800.00;132,200.00;133,700.00;132,773.45;2,637,701
Aug 28, 2024;133,000.00;134,500.00;132,900.00;133,300.00;132,376.23;2,909,701
Aug 26, 2024;133,300.00;133,500.00;131,500.00;131,500.00;130,588.70;2,758,200
Aug 23, 2024;133,700.00;133,700.00;132,400.00;133,100.00;132,177.63;3,325,001
Aug 22, 2024;134,000.00;134,500.00;133,500.00;133,800.00;132,872.77;3,560,500
Aug 21, 2024;130,600.00;133,800.00;130,600.00;133,500.00;132,574.84;6,471,900
Aug 20, 2024;130,700.00;132,500.00;130,700.00;131,500.00;130,588.70;3,984,400
Aug 19, 2024;131,100.00;131,400.00;130,000.00;130,500.00;129,595.63;2,554,862
Aug 16, 2024;129,100.00;131,000.00;129,100.00;130,600.00;129,694.95;5,486,600
Aug 15, 2024;129,100.00;129,500.00;128,200.00;128,700.00;127,808.11;2,305,600
Aug 14, 2024;130,700.00;131,500.00;129,500.00;129,500.00;128,602.56;3,822,200
Aug 13, 2024;129,700.00;130,200.00;128,000.00;129,700.00;128,801.18;4,362,301
Aug 12, 2024;126,900.00;130,200.00;126,200.00;130,000.00;129,099.10;6,775,001
Aug 9, 2024;122,400.00;126,900.00;122,000.00;126,900.00;126,020.59;6,011,400
Aug 8, 2024;121,600.00;122,400.00;120,900.00;121,400.00;120,558.70;3,227,631
Aug 7, 2024;121,000.00;122,000.00;120,200.00;122,000.00;121,154.54;2,822,800
Aug 6, 2024;120,000.00;121,900.00;119,800.00;120,800.00;119,962.86;7,021,850
Aug 5, 2024;121,100.00;122,900.00;117,400.00;118,600.00;117,778.10;10,415,200
Aug 2, 2024;122,100.00;124,800.00;121,000.00;123,200.00;122,346.23;10,157,200
Aug 1, 2024;129,600.00;129,700.00;124,100.00;124,800.00;123,935.14;6,870,301
Jul 31, 2024;127,300.00;128,600.00;126,600.00;128,600.00;127,708.80;3,092,300
Jul 30, 2024;129,000.00;129,500.00;127,000.00;128,000.00;127,112.96;2,423,800
Jul 29, 2024;130,000.00;130,600.00;129,000.00;129,000.00;128,106.03;5,009,800
Jul 26, 2024;125,900.00;128,000.00;124,400.00;128,000.00;127,112.96;6,683,700
Jul 25, 2024;124,200.00;125,500.00;124,100.00;125,000.00;124,133.75;3,248,401
Jul 24, 2024;125,500.00;126,600.00;124,000.00;126,000.00;125,126.82;4,171,700
Jul 23, 2024;124,900.00;127,500.00;124,800.00;125,500.00;124,630.29;5,411,600
Jul 22, 2024;126,000.00;126,000.00;123,200.00;124,100.00;123,239.98;6,216,900
Jul 19, 2024;128,600.00;129,300.00;126,000.00;126,000.00;125,126.82;6,576,700
Jul 18, 2024;131,400.00;131,400.00;127,800.00;127,900.00;127,013.66;10,825,200
Jul 17, 2024;134,000.00;134,100.00;129,900.00;131,900.00;130,985.94;6,970,100
Jul 16, 2024;133,600.00;134,500.00;132,300.00;134,000.00;133,071.38;4,352,200
Jul 15, 2024;133,500.00;134,800.00;132,300.00;132,700.00;131,780.39;3,067,200
Jul 12, 2024;132,200.00;136,000.00;132,200.00;133,800.00;132,872.77;3,590,000
Jul 11, 2024;134,100.00;135,400.00;132,500.00;133,000.00;132,078.31;6,882,100
Jul 10, 2024;136,000.00;137,000.00;134,000.00;134,000.00;133,071.38;6,337,700
Jul 9, 2024;139,100.00;139,300.00;136,000.00;137,500.00;136,547.13;9,696,100
Jul 8, 2024;138,500.00;139,600.00;137,500.00;139,600.00;138,632.58;6,105,700
Jul 5, 2024;136,100.00;139,700.00;136,100.00;138,700.00;137,738.81;7,809,400
Jul 4, 2024;132,100.00;135,800.00;132,100.00;135,800.00;134,858.91;8,117,900
Jul 3, 2024;130,500.00;132,800.00;130,100.00;131,000.00;130,092.17;7,884,101
Jul 2, 2024;128,600.00;132,100.00;127,500.00;128,000.00;127,112.96;7,560,001
Jul 1, 2024;130,400.00;130,400.00;128,500.00;128,600.00;127,708.80;6,454,000
Jun 28, 2024;132,800.00;132,800.00;130,400.00;130,500.00;129,595.63;6,633,000
Jun 27, 2024;131,300.00;134,100.00;130,800.00;132,800.00;131,879.70;6,527,700
Jun 26, 2024;131,000.00;131,800.00;129,400.00;131,800.00;130,886.63;7,221,400
Jun 25, 2024;131,000.00;131,100.00;128,600.00;130,000.00;129,099.10;14,050,140
Jun 24, 2024;135,000.00;135,500.00;132,000.00;132,100.00;131,184.55;14,390,900
Jun 21, 2024;133,900.00;136,100.00;133,300.00;136,100.00;135,156.83;7,653,300
Jun 20, 2024;133,000.00;135,700.00;131,800.00;133,300.00;132,376.23;11,060,700
Jun 19, 2024;128,000.00;132,800.00;126,600.00;131,500.00;130,588.70;10,269,200
Jun 18, 2024;128,800.00;129,700.00;128,000.00;128,000.00;127,112.96;6,936,800
Jun 17, 2024;131,000.00;131,400.00;128,500.00;128,800.00;127,907.41;4,867,600
Jun 14, 2024;130,100.00;132,600.00;129,000.00;131,000.00;130,092.17;6,607,200
Jun 13, 2024;133,700.00;133,800.00;130,000.00;130,000.00;129,099.10;8,676,200
Jun 12, 2024;1000 Dividend;;;;;
Jun 12, 2024;127,900.00;132,700.00;127,800.00;132,000.00;131,085.23;11,215,500
Jun 12, 2024;1.15:1 Stock Splits;;;;;
Jun 11, 2024;125,478.26;127,391.30;124,434.78;127,391.30;125,515.41;9,681,274
Jun 10, 2024;124,782.61;126,086.95;124,347.83;125,217.39;123,373.52;4,341,709
Jun 7, 2024;122,608.70;123,478.26;122,173.91;123,478.26;121,659.99;4,573,089
Jun 6, 2024;122,000.00;123,217.39;120,695.65;121,391.30;119,603.77;6,016,569
Jun 5, 2024;121,739.13;126,000.00;121,478.26;121,826.09;120,032.15;7,293,070
Jun 4, 2024;120,869.56;121,130.44;119,826.09;120,956.52;119,175.39;8,107,269
Jun 3, 2024;117,391.30;119,652.17;117,130.44;119,043.48;117,290.52;8,939,639
May 31, 2024;117,391.30;118,956.52;116,347.83;117,043.48;115,319.97;3,101,089
May 30, 2024;116,347.83;117,391.30;114,695.65;117,391.30;115,662.67;8,396,494
May 29, 2024;119,217.39;120,173.91;117,217.39;118,000.00;116,262.40;7,023,739
May 28, 2024;116,521.74;119,130.44;115,739.13;119,130.44;117,376.20;6,232,424
May 27, 2024;115,652.17;116,086.95;113,565.22;115,478.26;113,777.79;7,039,264
May 24, 2024;120,000.00;120,000.00;113,565.22;114,695.65;113,006.71;16,254,789
May 23, 2024;119,565.22;119,826.09;117,391.30;119,565.22;117,804.58;4,334,349
May 22, 2024;119,913.05;121,478.26;118,347.83;120,000.00;118,232.95;8,202,259
May 21, 2024;116,521.74;118,260.87;116,086.95;118,260.87;116,519.42;4,837,244
May 20, 2024;117,565.22;118,347.83;115,652.17;115,652.17;113,949.14;3,615,024
May 17, 2024;117,739.13;118,260.87;116,260.87;116,956.52;115,234.29;3,506,350
May 16, 2024;117,913.05;119,391.30;116,695.65;117,739.13;116,005.38;4,650,484
May 15, 2024;114,347.83;116,956.52;114,173.91;116,608.70;114,891.58;5,425,354
May 14, 2024;113,043.48;114,521.74;112,695.65;113,478.26;111,807.24;3,624,684
May 13, 2024;114,173.91;114,347.83;112,000.00;112,782.61;111,121.84;5,014,229
May 10, 2024;114,173.91;114,956.52;112,347.83;113,913.05;112,235.63;4,794,004
May 9, 2024;113,565.22;115,478.26;113,043.48;113,304.35;111,635.91;3,497,839
May 8, 2024;113,130.44;113,913.05;112,434.78;113,913.05;112,235.63;4,398,174
May 7, 2024;111,304.35;114,434.78;110,608.70;114,173.91;112,492.66;4,455,292
May 6, 2024;110,000.00;110,956.52;108,260.87;110,956.52;109,322.65;3,156,289
May 3, 2024;111,391.30;111,652.17;109,217.39;109,478.26;107,866.15;5,365,324
May 2, 2024;107,652.17;112,173.91;107,391.30;110,695.65;109,065.61;7,921,199
Apr 26, 2024;106,956.52;109,043.48;106,260.87;107,130.44;105,552.90;6,960,949
Apr 25, 2024;106,521.74;111,304.35;106,000.00;107,130.44;105,552.90;10,597,824
Apr 24, 2024;98,782.61;104,434.78;98,434.78;104,434.78;102,896.93;12,587,554
Apr 23, 2024;96,434.78;98,521.74;95,565.22;97,652.17;96,214.20;4,868,754
Apr 22, 2024;95,652.17;96,869.56;94,695.65;95,913.05;94,500.69;2,880,999
Apr 19, 2024;96,086.95;96,695.65;94,782.61;94,782.61;93,386.90;9,028,764
Apr 17, 2024;98,347.83;98,347.83;97,043.48;97,217.39;95,785.82;3,447,814
Apr 16, 2024;97,391.30;98,434.78;96,956.52;98,260.87;96,813.94;5,201,679
Apr 15, 2024;100,434.78;100,521.74;96,956.52;97,043.48;95,614.47;4,932,694
Apr 12, 2024;100,782.61;100,782.61;99,391.30;100,434.78;98,955.84;2,141,897
Apr 11, 2024;98,695.65;100,347.83;98,521.74;99,913.05;98,441.79;1,866,794
Apr 10, 2024;98,695.65;100,521.74;98,521.74;98,956.52;97,499.35;2,279,322
Apr 9, 2024;97,913.05;98,434.78;97,826.09;98,260.87;96,813.94;1,647,374
Apr 8, 2024;98,869.56;98,869.56;97,913.05;97,913.05;96,471.23;2,244,799
Apr 5, 2024;98,347.83;99,739.13;97,913.05;98,869.56;97,413.66;3,266,970
Apr 4, 2024;100,000.00;100,695.65;99,130.44;99,130.44;97,670.70;3,369,499
Apr 3, 2024;100,956.52;101,739.13;100,086.95;100,086.95;98,613.13;3,306,249
Apr 2, 2024;100,347.83;101,739.13;100,347.83;101,739.13;100,240.98;3,157,324
Apr 1, 2024;100,869.56;102,260.87;100,173.91;101,565.22;100,069.63;3,730,139
Mar 29, 2024;101,217.39;101,913.05;100,869.56;101,304.35;99,812.60;2,983,444
Mar 28, 2024;100,782.61;102,086.95;100,260.87;101,826.09;100,326.66;3,282,559
Mar 27, 2024;99,739.13;100,260.87;99,217.39;100,173.91;98,698.81;1,687,969
Mar 26, 2024;99,130.44;100,434.78;98,782.61;100,000.00;98,527.45;3,576,832
Mar 25, 2024;99,217.39;100,086.95;98,956.52;99,130.44;97,670.70;3,452,530
Mar 22, 2024;101,130.44;101,130.44;99,565.22;99,913.05;98,441.79;3,280,923
Mar 21, 2024;100,173.91;101,043.48;99,652.17;101,043.48;99,555.57;4,874,274
Mar 20, 2024;97,652.17;100,000.00;96,608.70;99,565.22;98,099.08;4,444,289
Mar 19, 2024;98,260.87;98,260.87;96,608.70;97,391.30;95,957.18;4,673,829
Mar 18, 2024;100,695.65;100,695.65;96,608.70;98,260.87;96,813.94;9,080,744
Mar 15, 2024;101,565.22;101,565.22;99,565.22;100,869.56;99,384.22;5,393,614
Mar 14, 2024;103,043.48;103,043.48;100,608.70;101,739.13;100,240.98;7,147,711
Mar 13, 2024;98,086.95;101,739.13;97,391.30;101,739.13;100,240.98;7,282,604
Mar 12, 2024;95,652.17;98,695.65;95,652.17;97,304.35;95,871.51;3,596,969
Mar 11, 2024;95,652.17;98,695.65;95,652.17;95,652.17;94,243.66;4,695,736
Mar 8, 2024;96,782.61;97,913.05;95,217.39;95,652.17;94,243.66;3,887,459
Mar 7, 2024;94,869.56;99,043.48;94,086.95;96,782.61;95,357.45;6,037,211
Mar 6, 2024;95,652.17;96,000.00;94,260.87;94,869.56;93,472.57;4,257,989
Mar 5, 2024;96,869.56;96,869.56;95,565.22;96,260.87;94,843.38;5,475,285
Mar 4, 2024;96,521.74;97,217.39;96,347.83;96,869.56;95,443.12;3,635,839
Mar 1, 2024;94,956.52;96,869.56;94,869.56;96,347.83;94,929.07;5,705,609
Feb 29, 2024;94,086.95;95,130.44;93,652.17;94,782.61;93,386.90;3,420,215
Feb 28, 2024;93,913.05;94,347.83;92,434.78;94,347.83;92,958.52;5,811,984
Feb 27, 2024;94,347.83;95,217.39;93,391.30;93,826.09;92,444.46;5,171,779
Feb 26, 2024;90,347.83;93,913.05;90,000.00;93,913.05;92,530.13;5,719,754
Feb 23, 2024;91,739.13;92,782.61;89,826.09;90,347.83;89,017.42;5,931,745
Feb 22, 2024;92,086.95;92,173.91;90,956.52;90,956.52;89,617.15;2,606,778
Feb 21, 2024;90,434.78;92,956.52;90,000.00;92,086.95;90,730.93;4,491,669
Feb 20, 2024;91,478.26;91,478.26;90,434.78;90,695.65;89,360.12;4,466,944
Feb 19, 2024;91,739.13;93,043.48;91,304.35;91,304.35;89,959.86;3,413,314
Feb 16, 2024;90,434.78;91,391.30;90,260.87;91,391.30;90,045.53;2,711,814
Feb 15, 2024;91,478.26;91,739.13;90,260.87;90,434.78;89,103.09;4,019,962
Feb 7, 2024;91,043.48;91,304.35;90,347.83;91,217.39;89,874.18;2,789,784
Feb 6, 2024;90,086.95;91,304.35;89,478.26;90,521.74;89,188.77;4,155,984
Feb 5, 2024;88,695.65;90,521.74;88,608.70;90,000.00;88,674.71;3,702,884
Feb 2, 2024;87,130.44;88,869.56;87,043.48;88,695.65;87,389.57;4,425,774
Feb 1, 2024;83,391.30;86,869.56;83,217.39;86,869.56;85,590.38;9,456,564
Jan 31, 2024;83,130.44;83,478.26;83,043.48;83,217.39;81,991.98;2,684,554
Jan 30, 2024;83,391.30;83,391.30;82,956.52;83,130.44;81,906.31;1,467,903
Jan 29, 2024;83,391.30;83,565.22;82,869.56;83,391.30;82,163.33;3,307,974
Jan 26, 2024;83,043.48;83,652.17;82,869.56;83,391.30;82,163.33;1,690,993
Jan 25, 2024;82,695.65;83,217.39;82,434.78;82,695.65;81,477.92;1,727,299
Jan 24, 2024;83,304.35;83,304.35;82,521.74;82,608.70;81,392.25;3,064,519
Jan 23, 2024;83,565.22;83,826.09;82,956.52;83,130.44;81,906.31;4,785,966
Jan 22, 2024;84,173.91;84,173.91;83,304.35;83,826.09;82,591.72;1,405,069
Jan 19, 2024;83,478.26;84,260.87;83,217.39;83,739.13;82,506.04;2,460,309
Jan 18, 2024;83,217.39;83,478.26;82,782.61;83,130.44;81,906.31;1,872,544
Jan 17, 2024;83,130.44;83,478.26;82,608.70;83,217.39;81,991.98;2,378,774
Jan 16, 2024;82,347.83;83,217.39;82,347.83;83,217.39;81,991.98;1,370,684
Jan 15, 2024;82,608.70;83,391.30;82,521.74;82,956.52;81,734.95;2,424,175
Jan 12, 2024;82,434.78;83,130.44;81,826.09;82,347.83;81,135.23;3,148,124
Jan 11, 2024;82,347.83;82,956.52;82,347.83;82,608.70;81,392.25;1,808,259
Jan 10, 2024;84,086.95;84,260.87;82,173.91;82,347.83;81,135.23;4,381,499
Jan 9, 2024;84,608.70;84,608.70;84,000.00;84,000.00;82,763.07;2,087,249
Jan 8, 2024;84,695.65;85,478.26;84,434.78;84,608.70;83,362.80;1,786,409
Jan 5, 2024;84,608.70;84,782.61;83,913.05;84,695.65;83,448.47;1,726,494
Jan 4, 2024;83,739.13;85,565.22;83,652.17;84,521.74;83,277.13;3,450,689
Jan 3, 2024;83,130.44;83,913.05;82,956.52;83,739.13;82,506.04;1,792,734
Jan 2, 2024;84,260.87;84,260.87;83,217.39;83,391.30;82,163.33;2,550,442
Dec 29, 2023;84,000.00;84,347.83;83,565.22;83,565.22;82,334.69;2,805,453
Dec 28, 2023;84,347.83;84,347.83;83,739.13;84,000.00;82,763.07;1,829,879
Dec 27, 2023;84,695.65;85,043.48;84,260.87;84,260.87;83,020.09;2,635,454
Dec 26, 2023;83,913.05;85,739.13;83,826.09;84,521.74;83,277.13;4,933,385
Dec 25, 2023;82,521.74;83,652.17;82,434.78;83,478.26;82,249.01;3,150,769
Dec 22, 2023;82,608.70;82,695.65;82,086.95;82,260.87;81,049.54;1,979,494
Dec 21, 2023;82,260.87;82,695.65;81,739.13;82,695.65;81,477.92;2,279,577
Dec 20, 2023;82,000.00;82,608.70;81,826.09;82,347.83;81,135.23;5,768,974
Dec 19, 2023;81,652.17;82,260.87;81,391.30;82,260.87;81,049.54;2,485,521
Dec 18, 2023;83,391.30;83,652.17;81,478.26;81,739.13;80,535.48;7,543,884
Dec 15, 2023;83,652.17;83,739.13;82,608.70;83,652.17;82,420.36;2,747,810
Dec 14, 2023;83,304.35;83,826.09;82,782.61;83,652.17;82,420.36;7,045,860
Dec 13, 2023;84,695.65;84,695.65;82,782.61;82,782.61;81,563.60;5,397,488
Dec 12, 2023;82,956.52;84,173.91;82,869.56;84,173.91;82,934.42;6,098,550
Dec 11, 2023;83,043.48;83,217.39;82,260.87;82,608.70;81,392.25;2,095,069
Dec 8, 2023;82,000.00;82,695.65;81,304.35;81,913.05;80,706.84;2,258,795
Dec 7, 2023;82,695.65;82,869.56;80,695.65;82,000.00;80,792.52;5,797,069
Dec 6, 2023;82,608.70;82,956.52;81,826.09;82,608.70;81,392.25;2,422,014
Dec 5, 2023;81,565.22;83,304.35;81,478.26;82,434.78;81,220.90;4,222,454
Dec 4, 2023;80,521.74;81,739.13;80,521.74;81,391.30;80,192.78;4,227,862
Dec 1, 2023;80,173.91;80,782.61;79,391.30;80,347.83;79,164.67;2,156,614
Nov 30, 2023;79,478.26;81,478.26;79,391.30;79,913.05;78,736.29;3,277,614
Nov 29, 2023;79,652.17;80,000.00;79,217.39;79,739.13;78,564.94;1,075,019
Nov 28, 2023;78,956.52;79,913.05;78,173.91;79,217.39;78,050.88;3,631,469
Nov 27, 2023;79,478.26;79,478.26;78,347.83;78,869.56;77,708.18;2,509,069
Nov 24, 2023;78,956.52;80,000.00;78,434.78;79,304.35;78,136.56;2,876,034
Nov 23, 2023;81,130.44;81,478.26;78,956.52;78,956.52;77,793.85;3,026,224
Nov 22, 2023;79,913.05;80,956.52;79,913.05;80,869.56;79,678.73;3,903,444
Nov 21, 2023;80,000.00;80,000.00;78,869.56;79,913.05;78,736.29;1,901,409
Nov 20, 2023;78,347.83;80,521.74;77,478.26;78,869.56;77,708.18;2,546,789
Nov 17, 2023;81,217.39;81,304.35;78,782.61;79,130.44;77,965.21;4,428,994
Nov 16, 2023;80,173.91;80,869.56;79,652.17;80,869.56;79,678.73;2,824,861
Nov 15, 2023;81,478.26;81,565.22;80,000.00;80,347.83;79,164.67;3,391,695
Nov 14, 2023;80,000.00;81,217.39;79,391.30;80,521.74;79,336.03;2,562,544
Nov 13, 2023;79,652.17;80,000.00;78,695.65;79,478.26;78,307.91;2,310,924
Nov 10, 2023;79,565.22;80,608.70;79,391.30;79,565.22;78,393.59;3,395,720
Nov 9, 2023;80,000.00;81,130.44;79,826.09;80,434.78;79,250.34;3,462,419
Nov 8, 2023;76,695.65;80,521.74;76,521.74;80,521.74;79,336.03;4,785,264
Nov 7, 2023;76,956.52;77,217.39;76,434.78;76,782.61;75,651.95;1,541,229
Nov 6, 2023;76,695.65;77,304.35;76,347.83;76,956.52;75,823.30;2,295,486
Nov 3, 2023;77,391.30;77,565.22;75,652.17;75,652.17;74,538.16;6,266,470
Nov 2, 2023;75,130.44;77,391.30;74,695.65;77,391.30;76,251.69;4,300,194
Nov 1, 2023;73,304.35;74,260.87;71,826.09;74,260.87;73,167.34;5,810,376
Oct 31, 2023;74,000.00;74,173.91;72,173.91;72,173.91;71,111.12;3,550,279
Oct 30, 2023;75,652.17;75,739.13;73,913.05;73,913.05;72,824.65;2,285,394
Oct 27, 2023;76,086.95;76,521.74;75,043.48;75,652.17;74,538.16;2,846,019
Oct 26, 2023;76,782.61;78,173.91;74,782.61;75,478.26;74,366.80;7,013,762
Oct 25, 2023;79,826.09;80,608.70;79,043.48;79,043.48;77,879.53;2,956,304
Oct 24, 2023;80,347.83;80,347.83;78,956.52;80,000.00;78,821.97;3,074,529
Oct 23, 2023;81,565.22;81,565.22;78,956.52;79,130.44;77,965.21;3,506,926
Oct 20, 2023;80,434.78;80,869.56;78,347.83;80,782.61;79,593.05;4,448,745
Oct 19, 2023;81,739.13;82,000.00;80,000.00;80,000.00;78,821.97;6,901,812
Oct 18, 2023;82,521.74;82,521.74;79,130.44;80,869.56;79,678.73;9,088,104
Oct 17, 2023;85,043.48;85,043.48;80,956.52;80,956.52;79,764.41;3,154,909
Oct 16, 2023;84,173.91;86,000.00;83,739.13;84,173.91;82,934.42;8,018,259
Oct 13, 2023;83,478.26;83,739.13;82,869.56;83,565.22;82,334.69;3,415,499
Oct 12, 2023;84,347.83;85,043.48;83,478.26;83,826.09;82,591.72;2,529,194
Oct 11, 2023;83,391.30;85,217.39;83,391.30;84,347.83;83,105.77;3,354,319
Oct 10, 2023;83,913.05;84,521.74;82,956.52;83,739.13;82,506.04;6,679,314
Oct 9, 2023;80,347.83;83,130.44;80,173.91;83,130.44;81,906.31;5,720,099
Oct 6, 2023;79,565.22;80,695.65;79,130.44;80,608.70;79,421.70;1,540,539
Oct 5, 2023;80,695.65;81,130.44;79,652.17;79,652.17;78,479.26;1,700,964
Oct 4, 2023;79,391.30;81,217.39;79,391.30;80,434.78;79,250.34;3,114,430
Oct 3, 2023;80,173.91;81,304.35;79,565.22;80,173.91;78,993.32;3,275,889
Oct 2, 2023;81,217.39;81,565.22;80,000.00;81,043.48;79,850.08;1,826,360
Sep 29, 2023;81,739.13;82,521.74;80,695.65;80,695.65;79,507.38;3,946,799
Sep 28, 2023;81,826.09;82,000.00;79,478.26;81,739.13;80,535.48;2,422,819
Sep 27, 2023;81,652.17;82,000.00;78,608.70;82,000.00;80,792.52;5,980,461
Sep 26, 2023;81,913.05;83,043.48;80,956.52;81,304.35;80,107.11;2,953,199
Sep 25, 2023;84,347.83;84,869.56;82,000.00;82,000.00;80,792.52;3,623,626
Sep 22, 2023;82,695.65;84,347.83;80,521.74;84,086.95;82,848.73;8,979,889
Sep 21, 2023;85,652.17;86,000.00;83,739.13;84,173.91;82,934.42;5,149,584
Sep 20, 2023;85,913.05;86,695.65;85,652.17;85,652.17;84,390.91;3,063,024
Sep 19, 2023;84,173.91;85,565.22;83,391.30;85,565.22;84,305.23;5,055,169
Sep 18, 2023;84,260.87;84,260.87;83,217.39;84,260.87;83,020.09;3,046,924
Sep 15, 2023;83,478.26;85,043.48;82,869.56;84,782.61;83,534.15;3,223,449
Sep 14, 2023;85,217.39;85,217.39;83,043.48;83,391.30;82,163.33;3,662,404
Sep 13, 2023;86,000.00;86,086.95;84,695.65;85,217.39;83,962.53;5,492,537
Sep 12, 2023;84,695.65;86,000.00;84,695.65;86,000.00;84,733.61;4,613,239
Sep 11, 2023;85,826.09;86,521.74;82,869.56;84,695.65;83,448.47;6,761,781
Sep 8, 2023;84,782.61;85,652.17;84,347.83;84,869.56;83,619.82;3,030,938
Sep 7, 2023;86,086.95;87,652.17;84,869.56;85,130.44;83,876.86;4,187,265
Sep 6, 2023;84,434.78;86,086.95;83,739.13;86,086.95;84,819.29;3,146,861
Sep 5, 2023;84,434.78;85,826.09;84,173.91;84,173.91;82,934.42;2,292,640
Aug 31, 2023;84,000.00;84,782.61;83,565.22;84,086.95;82,848.73;1,890,254
Aug 30, 2023;81,043.48;85,391.30;80,956.52;84,000.00;82,763.07;3,675,859
Aug 29, 2023;81,739.13;81,739.13;80,695.65;81,391.30;80,192.78;4,101,819
Aug 28, 2023;80,000.00;82,000.00;79,130.44;81,739.13;80,535.48;4,099,405
Aug 25, 2023;77,826.09;79,130.44;77,478.26;78,782.61;77,622.50;4,233,609
Aug 24, 2023;1000 Dividend;;;;;
Aug 24, 2023;74,347.83;78,347.83;74,000.00;78,260.87;77,108.44;7,253,972
Aug 23, 2023;75,130.44;75,478.26;73,652.17;75,217.39;73,124.51;6,166,877
Aug 22, 2023;75,043.48;75,217.39;72,173.91;75,217.39;73,124.51;4,386,126
Aug 21, 2023;74,695.65;75,391.30;74,347.83;74,695.65;72,617.28;4,289,750
Aug 18, 2023;74,434.78;76,434.78;73,304.35;74,347.83;72,279.14;4,926,260
Aug 17, 2023;73,913.05;75,826.09;73,913.05;74,782.61;72,701.83;4,982,960
Aug 16, 2023;72,347.83;74,086.95;72,347.83;74,000.00;71,940.99;4,836,218
Aug 15, 2023;71,826.09;73,304.35;70,869.56;73,043.48;71,011.09;1,972,953
Aug 14, 2023;71,391.30;72,347.83;71,304.35;71,826.09;69,827.56;1,166,231
Aug 11, 2023;71,304.35;72,173.91;70,869.56;71,304.35;69,320.34;1,475,866
Aug 10, 2023;72,260.87;72,434.78;71,478.26;71,478.26;69,489.41;1,602,329
Aug 9, 2023;73,043.48;73,652.17;72,173.91;72,260.87;70,250.24;1,692,839
Aug 8, 2023;73,043.48;73,565.22;72,869.56;73,217.39;71,180.16;1,041,574
Aug 7, 2023;72,695.65;73,478.26;72,434.78;73,478.26;71,433.77;865,394
Aug 4, 2023;73,043.48;73,478.26;72,434.78;72,434.78;70,419.32;2,883,999
Aug 3, 2023;72,869.56;73,217.39;72,086.95;72,782.61;70,757.47;1,159,105
Aug 2, 2023;73,478.26;73,739.13;72,608.70;72,608.70;70,588.40;1,974,015
Aug 1, 2023;74,434.78;75,043.48;73,478.26;73,478.26;71,433.77;1,652,912
Jul 31, 2023;73,652.17;74,608.70;73,391.30;74,434.78;72,363.68;1,739,175
Jul 28, 2023;72,608.70;73,391.30;72,260.87;73,391.30;71,349.23;1,033,183
Jul 27, 2023;72,000.00;73,391.30;72,000.00;72,782.61;70,757.47;2,045,864
Jul 26, 2023;70,608.70;71,913.05;70,521.74;71,913.05;69,912.10;1,601,089
Jul 25, 2023;70,434.78;71,478.26;70,434.78;70,695.65;68,728.59;1,693,045
Jul 24, 2023;70,434.78;70,695.65;70,086.95;70,434.78;68,474.97;7,118,297
Jul 21, 2023;69,304.35;70,434.78;69,217.39;70,434.78;68,474.97;1,579,668
Jul 20, 2023;68,347.83;70,695.65;68,260.87;69,826.09;67,883.21;2,684,452
Jul 19, 2023;68,260.87;68,608.70;68,086.95;68,260.87;66,361.55;1,094,684
Jul 18, 2023;68,695.65;68,695.65;67,913.05;68,434.78;66,530.62;1,929,009
Jul 17, 2023;68,695.65;68,869.56;68,260.87;68,695.65;66,784.23;1,434,395
Jul 14, 2023;66,869.56;68,086.95;66,173.91;68,086.95;66,192.47;3,246,219
Jul 13, 2023;65,913.05;65,913.05;65,565.22;65,913.05;64,079.05;1,558,121
Jul 12, 2023;65,217.39;65,826.09;65,130.43;65,478.26;63,656.37;1,496,034
Jul 11, 2023;65,478.26;65,565.22;65,217.39;65,217.39;63,402.75;2,369,231
Jul 10, 2023;65,478.26;66,000.00;65,130.43;65,478.26;63,656.37;1,690,844
Jul 7, 2023;64,521.74;65,652.17;64,521.74;65,478.26;63,656.37;1,380,804
Jul 6, 2023;65,043.48;65,391.30;64,347.82;64,869.57;63,064.61;2,072,184
Jul 5, 2023;65,304.35;66,521.74;65,043.48;65,043.48;63,233.68;2,886,752
Jul 4, 2023;65,330.81;65,784.50;65,179.59;65,784.50;63,954.09;1,756,412
Jul 3, 2023;65,406.43;65,633.27;65,028.36;65,330.81;63,513.02;1,909,888
Jun 30, 2023;65,406.43;65,482.04;65,028.36;65,028.36;63,218.98;1,578,403
Jun 29, 2023;65,784.50;65,860.12;65,406.43;65,406.43;63,586.52;1,688,963
Jun 28, 2023;66,086.95;66,389.41;65,784.50;65,784.50;63,954.09;1,695,179
Jun 27, 2023;65,028.36;66,011.34;65,028.36;66,011.34;64,174.62;2,298,240
Jun 26, 2023;64,347.82;64,877.13;63,969.75;64,877.13;63,071.96;2,300,888
Jun 23, 2023;64,725.90;64,725.90;64,120.98;64,347.82;62,557.38;2,058,867
Jun 22, 2023;65,103.97;65,406.43;64,045.37;64,650.29;62,851.43;1,348,552
Jun 21, 2023;64,650.29;65,330.81;64,574.67;64,877.13;63,071.96;3,524,797
Jun 20, 2023;64,272.21;64,877.13;64,045.37;64,650.29;62,851.43;2,071,431
Jun 19, 2023;64,045.37;64,650.29;63,894.14;64,045.37;62,263.34;969,656
Jun 16, 2023;63,591.68;65,179.59;63,062.38;63,894.14;62,116.32;3,215,658
Jun 15, 2023;63,667.30;63,818.53;63,213.61;63,591.68;61,822.28;1,082,597
Jun 14, 2023;63,742.91;64,120.98;63,591.68;63,667.30;61,895.79;1,069,372
Jun 13, 2023;63,818.53;64,196.60;63,742.91;63,818.53;62,042.81;1,374,210
Jun 12, 2023;63,894.14;64,196.60;63,213.61;64,196.60;62,410.36;986,188
Jun 9, 2023;63,742.91;64,045.37;63,289.23;63,969.75;62,189.83;1,261,135
Jun 8, 2023;64,045.37;64,196.60;63,138.00;63,213.61;61,454.73;2,508,887
Jun 7, 2023;64,272.21;64,574.67;63,742.91;64,272.21;62,483.87;1,695,371
Jun 6, 2023;64,499.05;64,499.05;64,045.37;64,499.05;62,704.40;679,764
Jun 5, 2023;63,440.45;64,423.44;63,364.84;64,272.21;62,483.87;2,281,708
Jun 2, 2023;63,138.00;63,742.91;62,835.54;63,364.84;61,601.75;973,227
Jun 1, 2023;63,516.07;63,516.07;62,835.54;63,138.00;61,381.21;1,490,854
May 31, 2023;63,667.30;63,667.30;62,835.54;63,591.68;61,822.28;1,110,106
May 30, 2023;62,759.93;64,196.60;62,684.31;63,516.07;61,748.77;7,223,494
May 29, 2023;63,138.00;63,289.23;62,684.31;62,835.54;61,087.18;1,163,270
May 26, 2023;62,835.54;63,062.38;62,230.63;62,835.54;61,087.18;1,865,253
May 25, 2023;61,398.87;63,062.38;61,247.64;62,911.15;61,160.68;1,839,993
May 24, 2023;62,003.78;62,079.39;61,323.25;61,474.48;59,763.99;614,036
May 23, 2023;62,381.85;62,381.85;61,550.09;62,003.78;60,278.56;1,513,071
May 22, 2023;62,608.70;62,608.70;62,003.78;62,381.85;60,646.11;792,177
May 19, 2023;62,759.93;62,986.77;61,852.55;62,608.70;60,866.64;2,716,414
May 18, 2023;61,852.55;62,759.93;61,550.09;62,684.31;60,940.15;2,049,609
May 17, 2023;61,928.17;62,533.08;61,323.25;61,625.71;59,911.00;1,800,186
May 16, 2023;61,247.64;61,776.94;61,096.41;61,625.71;59,911.00;1,812,332
May 15, 2023;61,550.09;61,852.55;61,096.41;61,247.64;59,543.46;1,851,103
May 12, 2023;59,962.19;60,945.18;59,584.12;60,869.57;59,175.90;1,643,999
May 11, 2023;59,810.96;60,189.04;59,735.35;59,810.96;58,146.76;662,572
May 10, 2023;59,735.35;60,189.04;59,735.35;59,735.35;58,073.25;836,48
May 9, 2023;59,432.89;60,340.27;59,432.89;59,659.73;57,999.74;801,302
May 8, 2023;59,357.28;59,659.73;59,281.66;59,357.28;57,705.69;1,075,060
May 5, 2023;59,432.89;59,432.89;59,130.43;59,281.66;57,632.18;422,141
May 4, 2023;58,827.98;59,508.51;58,676.75;59,357.28;57,705.69;3,205,563
Apr 28, 2023;59,584.12;59,584.12;58,601.13;58,601.13;56,970.59;1,264,311
Apr 27, 2023;59,054.82;59,584.12;59,054.82;59,206.05;57,558.68;292,272
Apr 26, 2023;59,054.82;59,281.66;58,676.75;59,206.05;57,558.68;1,706,949
Apr 25, 2023;59,810.96;59,962.19;59,206.05;59,281.66;57,632.18;1,265,949
Apr 24, 2023;60,113.42;60,945.18;59,735.35;59,810.96;58,146.76;1,050,725
Apr 21, 2023;60,491.49;60,491.49;59,962.19;59,962.19;58,293.78;506,781
Apr 20, 2023;60,340.27;60,340.27;59,886.58;60,037.81;58,367.29;481,918
Apr 19, 2023;60,340.27;60,340.27;59,962.19;59,962.19;58,293.78;555,184
Apr 18, 2023;60,189.04;60,491.49;59,886.58;60,037.81;58,367.29;440,259
Apr 17, 2023;60,189.04;60,264.65;59,735.35;60,189.04;58,514.31;824,076
Apr 14, 2023;60,415.88;60,567.11;59,962.19;60,189.04;58,514.31;743,905
Apr 13, 2023;60,718.34;60,793.95;59,962.19;60,189.04;58,514.31;741,26
Apr 12, 2023;60,718.34;60,869.57;60,415.88;60,718.34;59,028.88;844,023
Apr 11, 2023;60,642.72;60,869.57;60,567.11;60,718.34;59,028.88;706,214
Apr 10, 2023;61,247.64;61,247.64;60,567.11;60,718.34;59,028.88;1,018,059
Apr 7, 2023;60,642.72;61,020.79;60,491.49;60,869.57;59,175.90;5,711,053
Apr 6, 2023;61,020.79;61,625.71;60,718.34;60,718.34;59,028.88;837,024
Apr 5, 2023;60,869.57;60,945.18;60,264.65;60,945.18;59,249.41;558,094
Apr 4, 2023;61,172.02;61,247.64;60,491.49;60,869.57;59,175.90;773,133
Apr 3, 2023;60,037.81;61,172.02;59,810.96;61,172.02;59,469.95;1,574,038
Mar 31, 2023;59,810.96;60,113.42;59,735.35;59,810.96;58,146.76;2,305,910
Mar 30, 2023;59,735.35;59,962.19;59,584.12;59,810.96;58,146.76;1,280,444
Mar 29, 2023;59,886.58;59,962.19;59,432.89;59,735.35;58,073.25;1,124,521
Mar 28, 2023;59,886.58;59,886.58;58,601.13;59,886.58;58,220.27;2,130,811
Mar 27, 2023;59,659.73;59,886.58;59,357.28;59,810.96;58,146.76;1,399,574
Mar 24, 2023;59,206.05;59,584.12;58,979.21;59,432.89;57,779.21;516,699
Mar 23, 2023;59,281.66;59,357.28;58,676.75;58,979.21;57,338.14;603,853
Mar 22, 2023;59,130.43;59,432.89;58,676.75;59,357.28;57,705.69;1,272,958
Mar 21, 2023;59,432.89;59,508.51;58,298.68;59,054.82;57,411.65;1,268,903
Mar 20, 2023;59,810.96;59,962.19;58,676.75;58,676.75;57,044.10;1,873,906
Mar 17, 2023;60,189.04;60,491.49;59,432.89;59,735.35;58,073.25;567,88
Mar 16, 2023;60,491.49;60,491.49;59,281.66;59,886.58;58,220.27;1,589,909
Mar 15, 2023;59,810.96;60,869.57;59,810.96;60,869.57;59,175.90;1,719,513
Mar 14, 2023;59,735.35;59,810.96;59,357.28;59,508.51;57,852.72;922,311
Mar 13, 2023;59,054.82;60,037.81;59,054.82;59,659.73;57,999.74;1,172,395
Mar 10, 2023;60,642.72;60,793.95;59,735.35;60,113.42;58,440.80;847,589
Mar 9, 2023;60,113.42;61,020.79;59,886.58;60,945.18;59,249.41;1,683,806
Mar 8, 2023;59,357.28;60,113.42;59,357.28;60,113.42;58,440.80;1,421,819
Mar 7, 2023;59,810.96;60,415.88;59,584.12;59,584.12;57,926.23;1,191,439
Mar 6, 2023;59,054.82;60,340.27;59,054.82;59,130.43;57,485.16;1,117,776
Mar 3, 2023;59,962.19;60,491.49;59,357.28;59,357.28;57,705.69;979,707
Mar 2, 2023;60,491.49;60,869.57;60,340.27;60,491.49;58,808.35;2,244,391
Mar 1, 2023;60,113.42;60,869.57;59,508.51;60,869.57;59,175.90;1,967,615
Feb 28, 2023;60,491.49;61,020.79;60,113.42;60,869.57;59,175.90;1,273,434
Feb 27, 2023;60,491.49;60,869.57;60,415.88;60,718.34;59,028.88;1,435,441
Feb 24, 2023;61,323.25;61,474.48;60,793.95;61,096.41;59,396.44;1,151,765
Feb 23, 2023;61,776.94;61,776.94;60,945.18;61,550.09;59,837.50;13,899,289
Feb 22, 2023;62,230.63;62,381.85;61,852.55;61,852.55;60,131.54;1,384,921
Feb 21, 2023;62,608.70;63,289.23;62,457.47;62,608.70;60,866.64;1,110,899
Feb 20, 2023;61,701.32;62,759.93;61,550.09;62,608.70;60,866.64;2,287,792
Feb 17, 2023;61,398.87;61,701.32;61,247.64;61,701.32;59,984.52;724,2
Feb 16, 2023;61,701.32;62,003.78;61,020.79;61,701.32;59,984.52;561,003
Feb 15, 2023;60,869.57;61,928.17;60,718.34;61,701.32;59,984.52;6,679,417
Feb 14, 2023;61,020.79;61,247.64;60,642.72;61,096.41;59,396.44;1,039,188
Feb 13, 2023;61,020.79;61,398.87;60,491.49;61,020.79;59,322.93;2,791,400
Feb 10, 2023;61,323.25;61,398.87;60,869.57;61,020.79;59,322.93;3,533,485
Feb 9, 2023;61,247.64;61,701.32;61,020.79;61,020.79;59,322.93;4,616,185
Feb 8, 2023;61,096.41;61,776.94;60,945.18;61,398.87;59,690.48;1,179,140
Feb 7, 2023;60,869.57;61,928.17;60,869.57;61,020.79;59,322.93;1,077,440
Feb 6, 2023;60,491.49;61,701.32;60,264.65;60,869.57;59,175.90;1,343,293
Feb 3, 2023;62,003.78;62,003.78;60,567.11;60,567.11;58,881.86;2,619,739
Feb 2, 2023;62,079.39;62,306.24;61,474.48;61,928.17;60,205.05;2,983,559
Feb 1, 2023;63,516.07;63,516.07;61,852.55;62,003.78;60,278.56;1,412,826
Jan 31, 2023;63,138.00;63,289.23;61,776.94;63,138.00;61,381.21;2,280,518
Jan 30, 2023;63,667.30;63,818.53;63,289.23;63,289.23;61,528.24;1,209,954
Jan 27, 2023;63,591.68;64,650.29;63,516.07;63,516.07;61,748.77;1,594,273
Jan 19, 2023;62,759.93;63,667.30;62,684.31;63,440.45;61,675.26;2,011,700
Jan 18, 2023;62,079.39;63,062.38;61,852.55;63,062.38;61,307.71;1,463,875
Jan 17, 2023;61,398.87;62,003.78;61,247.64;62,003.78;60,278.56;1,432,002
Jan 16, 2023;60,567.11;61,247.64;60,264.65;61,096.41;59,396.44;759,775
Jan 13, 2023;60,869.57;61,398.87;60,491.49;60,491.49;58,808.35;1,321,177
Jan 12, 2023;61,247.64;61,625.71;60,642.72;61,020.79;59,322.93;757,13
Jan 11, 2023;60,793.95;61,701.32;60,793.95;61,172.02;59,469.95;1,424,199
Jan 10, 2023;61,020.79;61,474.48;60,642.72;60,793.95;59,102.39;5,349,511
Jan 9, 2023;60,869.57;61,172.02;60,415.88;60,718.34;59,028.88;686,244
Jan 6, 2023;60,793.95;61,323.25;60,642.72;60,718.34;59,028.88;951,406
Jan 5, 2023;60,642.72;61,625.71;60,642.72;60,945.18;59,249.41;1,339,162
Jan 4, 2023;61,096.41;61,247.64;59,962.19;60,491.49;58,808.35;1,050,461
Jan 3, 2023;58,147.45;60,491.49;58,071.83;60,491.49;58,808.35;2,030,301
Dec 30, 2022;57,618.15;58,147.45;57,466.92;58,147.45;56,529.53;1,492,573
Dec 29, 2022;57,844.99;58,223.06;57,618.15;57,618.15;56,014.96;1,179,028
Dec 28, 2022;58,223.06;58,223.06;57,466.92;57,996.22;56,382.51;779,216
Dec 27, 2022;57,769.38;58,601.13;57,466.92;57,844.99;56,235.49;2,100,943
Dec 26, 2022;58,752.36;59,054.82;57,769.38;57,769.38;56,161.97;1,100,980
Dec 23, 2022;57,769.38;58,979.21;57,618.15;58,979.21;57,338.14;2,410,916
Dec 22, 2022;58,374.29;58,601.13;57,466.92;58,374.29;56,750.06;1,372,489
Dec 21, 2022;58,374.29;58,525.52;57,240.07;58,374.29;56,750.06;1,127,081
Dec 20, 2022;58,374.29;58,374.29;57,013.23;57,920.61;56,309.00;1,112,486
Dec 19, 2022;59,206.05;59,206.05;57,920.61;57,920.61;56,309.00;1,357,148
Dec 16, 2022;58,223.06;58,979.21;57,769.38;58,903.59;57,264.63;1,490,325
Dec 15, 2022;57,769.38;59,054.82;57,769.38;58,752.36;57,117.61;1,583,693
Dec 14, 2022;58,374.29;58,601.13;57,542.53;57,693.76;56,088.46;2,335,666
Dec 13, 2022;57,618.15;58,449.91;56,862.00;58,374.29;56,750.06;1,189,852
Dec 12, 2022;58,676.75;59,130.43;57,769.38;58,223.06;56,603.04;3,359,810
Dec 9, 2022;57,693.76;58,979.21;57,618.15;58,979.21;57,338.14;1,305,968
Dec 8, 2022;58,147.45;59,584.12;57,164.46;58,223.06;56,603.04;1,717,530
Dec 7, 2022;57,391.30;57,920.61;56,559.55;57,844.99;56,235.49;1,453,162
Dec 6, 2022;59,206.05;59,659.73;57,466.92;57,466.92;55,867.93;2,033,607
Dec 5, 2022;58,979.21;59,735.35;58,525.52;59,206.05;57,558.68;1,608,688
Dec 2, 2022;56,483.93;58,752.36;55,954.63;58,525.52;56,897.08;3,837,100
Dec 1, 2022;56,786.39;57,315.69;56,030.25;56,483.93;54,912.30;2,349,420
Nov 30, 2022;56,332.70;56,635.16;55,576.56;56,408.32;54,838.79;1,386,640
Nov 29, 2022;56,635.16;56,635.16;55,198.49;56,181.47;54,618.25;1,512,674
Nov 28, 2022;54,744.80;56,332.70;54,669.19;56,181.47;54,618.25;1,697,824
Nov 25, 2022;53,383.74;54,442.34;53,308.13;54,442.34;52,927.51;1,940,636
Nov 24, 2022;52,778.83;53,686.20;52,476.37;53,308.13;51,824.86;1,211,938
Nov 23, 2022;52,930.06;53,686.20;52,703.21;53,308.13;51,824.86;616,152
Nov 22, 2022;52,930.06;54,442.34;52,249.53;53,308.13;51,824.86;1,582,106
Nov 21, 2022;52,551.98;54,291.12;52,551.98;53,005.67;51,530.82;1,111,560
Nov 18, 2022;53,005.67;54,442.34;52,325.14;54,064.27;52,559.96;1,668,597
Nov 17, 2022;52,400.76;54,442.34;48,771.27;53,686.20;52,192.41;2,754,105
Nov 16, 2022;46,351.61;52,930.06;46,351.61;52,400.76;50,942.73;4,388,054
Nov 15, 2022;52,930.06;52,930.06;49,829.87;49,829.87;48,443.38;12,046,583
Nov 14, 2022;54,442.34;54,744.80;52,930.06;53,534.97;52,045.39;2,167,576
Nov 11, 2022;55,274.10;55,652.18;54,442.34;55,047.26;53,515.60;1,913,392
Nov 10, 2022;55,576.56;55,727.79;52,249.53;55,198.49;53,662.62;3,952,423
Nov 9, 2022;55,425.33;56,181.47;55,425.33;55,954.63;54,397.73;1,187,207
Nov 8, 2022;54,064.27;55,879.02;53,988.66;55,425.33;53,883.15;2,201,961
Nov 7, 2022;54,896.03;55,954.63;54,896.03;54,896.03;53,368.58;2,692,609
Nov 4, 2022;55,954.63;55,954.63;54,064.27;55,122.88;53,589.11;3,600,241
Nov 3, 2022;56,332.70;57,240.07;55,727.79;56,030.25;54,471.23;889,248
Nov 2, 2022;56,862.00;57,466.92;55,954.63;55,954.63;54,397.73;1,293,669
Nov 1, 2022;57,693.76;58,071.83;56,710.77;57,088.85;55,500.38;808,708
Oct 31, 2022;56,710.77;57,466.92;55,727.79;57,164.46;55,573.89;1,434,515
Oct 28, 2022;57,693.76;57,693.76;56,483.93;56,710.77;55,132.83;1,224,369
Oct 27, 2022;56,030.25;57,618.15;55,727.79;57,315.69;55,720.91;1,277,402
Oct 26, 2022;56,332.70;56,332.70;54,971.64;55,803.40;54,250.70;892,819
Oct 25, 2022;53,988.66;56,332.70;53,761.82;55,349.71;53,809.64;2,069,182
Oct 24, 2022;55,879.02;56,332.70;53,686.20;53,761.82;52,265.92;4,250,779
Oct 21, 2022;58,752.36;58,752.36;55,879.02;55,879.02;54,324.21;3,313,391
Oct 20, 2022;57,315.69;59,357.28;56,937.62;58,827.98;57,191.12;2,404,172
Oct 19, 2022;56,635.16;57,618.15;56,483.93;57,088.85;55,500.38;2,336,459
Oct 18, 2022;55,954.63;56,937.62;55,954.63;56,635.16;55,059.32;1,190,645
Oct 17, 2022;55,576.56;55,879.02;54,896.03;55,803.40;54,250.70;966,641
Oct 14, 2022;56,257.09;56,332.70;55,652.18;55,954.63;54,397.73;1,116,454
Oct 13, 2022;54,593.57;55,198.49;54,064.27;55,198.49;53,662.62;1,268,541
Oct 12, 2022;53,686.20;55,425.33;53,686.20;54,744.80;53,221.55;1,934,949
Oct 11, 2022;55,954.63;55,954.63;53,686.20;53,686.20;52,192.41;2,790,077
Oct 10, 2022;55,576.56;57,088.85;54,517.96;55,954.63;54,397.73;2,374,415
Oct 7, 2022;57,618.15;57,618.15;55,954.63;55,954.63;54,397.73;2,822,214
Oct 6, 2022;59,659.73;59,659.73;57,844.99;57,844.99;56,235.49;1,675,209
Oct 5, 2022;59,735.35;60,113.42;59,281.66;59,281.66;57,632.18;1,410,888
Oct 4, 2022;58,979.21;59,735.35;58,374.29;58,601.13;56,970.59;2,732,284
Oct 3, 2022;60,189.04;60,718.34;57,769.38;58,223.06;56,603.04;2,998,504
Sep 30, 2022;58,223.06;61,096.41;58,147.45;60,869.57;59,175.90;3,996,462
Sep 29, 2022;60,340.27;60,567.11;58,223.06;58,223.06;56,603.04;1,724,407
Sep 28, 2022;60,567.11;60,793.95;58,979.21;58,979.21;57,338.14;3,129,167
Sep 27, 2022;62,003.78;62,003.78;60,869.57;60,869.57;59,175.90;1,458,585
Sep 26, 2022;61,625.71;62,003.78;60,718.34;61,625.71;59,911.00;2,809,439
Sep 23, 2022;62,835.54;62,835.54;62,079.39;62,306.24;60,572.60;1,573,509
Sep 22, 2022;62,003.78;62,759.93;61,928.17;62,684.31;60,940.15;1,576,948
Sep 21, 2022;62,986.77;62,986.77;62,230.63;62,230.63;60,499.09;1,025,465
Sep 20, 2022;62,835.54;63,364.84;62,230.63;63,062.38;61,307.71;2,613,656
Sep 19, 2022;62,381.85;63,213.61;61,928.17;62,835.54;61,087.18;2,689,567
Sep 16, 2022;63,289.23;63,440.45;62,381.85;62,381.85;60,646.11;1,798,732
Sep 15, 2022;63,894.14;63,894.14;63,289.23;63,289.23;61,528.24;1,269,070
Sep 14, 2022;63,138.00;63,894.14;63,138.00;63,516.07;61,748.77;1,950,556
Sep 13, 2022;64,272.21;64,499.05;63,742.91;63,969.75;62,189.83;1,689,759
Sep 12, 2022;64,347.82;64,423.44;63,742.91;63,969.75;62,189.83;1,014,356
Sep 9, 2022;63,969.75;64,272.21;63,742.91;63,742.91;61,969.30;1,514,790
Sep 8, 2022;63,591.68;64,272.21;63,364.84;63,742.91;61,969.30;1,718,984
Sep 7, 2022;64,650.29;64,952.74;63,516.07;63,516.07;61,748.77;3,065,818
Sep 6, 2022;65,028.36;65,330.81;64,877.13;64,877.13;63,071.96;2,107,932
Sep 5, 2022;65,406.43;65,557.66;64,952.74;65,179.59;63,366.00;1,469,165
Aug 31, 2022;64,877.13;65,784.50;64,877.13;65,482.04;63,660.04;1,785,506
Aug 30, 2022;65,406.43;65,784.50;65,028.36;65,330.81;63,513.02;1,723,481
Aug 29, 2022;65,784.50;65,784.50;64,045.37;65,406.43;63,586.52;3,360,603
Aug 26, 2022;65,330.81;66,389.41;65,255.20;65,935.73;64,101.10;2,587,603
Aug 25, 2022;65,179.59;65,557.66;65,028.36;65,255.20;63,439.51;1,540,447
Aug 24, 2022;65,406.43;65,633.27;65,103.97;65,179.59;63,366.00;1,411,106
Aug 23, 2022;65,103.97;65,784.50;65,103.97;65,784.50;63,954.09;1,472,339
Aug 22, 2022;65,482.04;66,011.34;64,952.74;65,633.27;63,807.06;2,198,126
Aug 19, 2022;66,540.64;66,918.71;65,179.59;65,708.88;63,880.57;2,779,365
Aug 18, 2022;66,465.03;67,826.09;66,465.03;66,767.48;64,909.71;4,434,209
Aug 17, 2022;67,296.79;67,372.40;66,540.64;66,767.48;64,909.71;1,991,949
Aug 16, 2022;67,221.17;67,599.24;66,616.26;67,069.95;65,203.77;1,872,394
Aug 15, 2022;65,482.04;67,372.40;65,482.04;67,221.17;65,350.78;4,403,924
Aug 12, 2022;64,801.51;65,406.43;64,801.51;65,406.43;63,586.52;1,717,265
Aug 11, 2022;65,179.59;65,633.27;64,801.51;65,028.36;63,218.98;3,353,594
Aug 10, 2022;65,255.20;65,557.66;65,028.36;65,028.36;63,218.98;1,572,584
Aug 9, 2022;65,028.36;66,162.57;64,801.51;65,179.59;63,366.00;3,666,631
Aug 8, 2022;64,952.74;65,330.81;64,499.05;65,028.36;63,218.98;2,208,838
Aug 5, 2022;65,103.97;65,935.73;64,725.90;64,877.13;63,071.96;3,008,818
Aug 4, 2022;64,347.82;65,482.04;64,196.60;65,103.97;63,292.49;4,363,587
Aug 3, 2022;64,272.21;64,423.44;63,667.30;64,120.98;62,336.86;3,231,924
Aug 2, 2022;63,516.07;64,347.82;63,138.00;64,272.21;62,483.87;2,485,903
Aug 1, 2022;63,516.07;63,667.30;62,835.54;63,516.07;61,748.77;3,179,421
Jul 29, 2022;64,347.82;64,423.44;63,138.00;63,138.00;61,381.21;2,835,174
Jul 28, 2022;64,423.44;64,877.13;62,835.54;64,196.60;62,410.36;3,089,227
Jul 27, 2022;63,969.75;64,423.44;63,818.53;64,423.44;62,630.90;1,681,202
Jul 26, 2022;65,028.36;65,028.36;64,120.98;64,120.98;62,336.86;1,904,928
Jul 25, 2022;65,784.50;65,784.50;64,347.82;64,574.67;62,777.91;2,970,202
Jul 22, 2022;65,330.81;65,406.43;64,347.82;64,347.82;62,557.38;2,897,067
Jul 21, 2022;64,952.74;64,952.74;63,894.14;64,272.21;62,483.87;3,322,913
Jul 20, 2022;64,272.21;64,952.74;63,516.07;64,196.60;62,410.36;5,513,871
Jul 19, 2022;62,684.31;62,759.93;62,155.01;62,759.93;61,013.67;3,098,352
Jul 18, 2022;62,608.70;63,894.14;62,230.63;62,759.93;61,013.67;1,805,080
Jul 15, 2022;63,516.07;63,516.07;62,155.01;62,155.01;60,425.58;2,383,408
Jul 14, 2022;62,608.70;63,138.00;62,155.01;62,608.70;60,866.64;2,914,128
Jul 13, 2022;63,516.07;63,516.07;62,381.85;62,381.85;60,646.11;2,333,814
Jul 12, 2022;62,608.70;63,138.00;62,533.08;63,138.00;61,381.21;1,214,451
Jul 11, 2022;63,969.75;63,969.75;62,608.70;62,608.70;60,866.64;1,849,912
Jul 8, 2022;63,440.45;63,516.07;62,835.54;63,213.61;61,454.73;2,562,343
Jul 7, 2022;63,440.45;63,969.75;62,835.54;62,835.54;61,087.18;3,288,395
Jul 6, 2022;63,591.68;64,952.74;63,138.00;63,138.00;61,381.21;4,967,838
Jul 5, 2022;66,389.41;66,389.41;64,574.67;64,574.67;62,777.91;2,807,402
Jul 4, 2022;66,918.71;66,918.71;65,028.36;65,557.66;63,733.55;1,329,773
Jul 1, 2022;65,784.50;67,145.55;64,120.98;66,540.64;64,689.18;3,658,696
Jun 30, 2022;67,674.86;67,977.31;65,179.59;65,179.59;63,366.00;2,679,648
Jun 29, 2022;67,221.17;68,052.93;66,691.88;68,052.93;66,159.39;3,714,637
Jun 28, 2022;67,674.86;68,204.16;65,935.73;67,826.09;65,938.86;5,128,919
Jun 27, 2022;65,330.81;66,465.03;64,952.74;65,406.43;63,586.52;3,331,509
Jun 24, 2022;65,103.97;66,389.41;64,650.29;64,650.29;62,851.43;1,231,775
Jun 23, 2022;63,516.07;65,633.27;63,289.23;64,650.29;62,851.43;4,525,758
Jun 22, 2022;67,901.70;68,355.39;63,818.53;63,894.14;62,116.32;4,663,531
Jun 21, 2022;69,867.67;70,699.43;67,296.79;67,372.40;65,497.80;4,217,187
Jun 20, 2022;70,699.43;71,455.58;69,035.91;69,565.22;67,629.61;3,527,767
Jun 17, 2022;68,279.77;70,018.91;67,296.79;69,565.22;67,629.61;5,324,781
Jun 16, 2022;68,809.07;70,926.27;68,204.16;69,565.22;67,629.61;4,479,968
Jun 15, 2022;68,506.62;68,506.62;66,540.64;68,431.00;66,526.95;3,791,210
Jun 14, 2022;65,028.36;67,977.31;64,650.29;67,372.40;65,497.80;3,829,166
Jun 13, 2022;66,540.64;68,657.84;65,028.36;65,179.59;63,366.00;5,072,580
Jun 10, 2022;71,455.58;72,274.73;69,313.17;69,313.17;67,384.57;6,555,261
Jun 9, 2022;72,778.83;73,030.88;71,392.56;72,652.80;70,631.28;3,833,239
Jun 8, 2022;73,282.92;74,102.08;72,148.71;72,463.77;70,447.50;4,853,997
Jun 7, 2022;71,014.49;72,841.84;68,431.00;72,841.84;70,815.05;9,564,054
Jun 6, 2022;71,833.65;73,093.89;70,573.41;71,203.53;69,222.34;5,264,713
Jun 3, 2022;70,258.35;71,833.65;69,880.27;71,833.65;69,834.91;4,158,098
Jun 2, 2022;71,077.51;72,337.74;70,006.30;70,258.35;68,303.45;4,386,308
Jun 1, 2022;69,250.16;71,140.52;69,187.15;70,447.38;68,487.22;5,317,084
May 31, 2022;70,132.33;70,132.33;67,737.87;69,250.16;67,323.31;4,531,360
May 30, 2022;70,006.30;70,825.45;68,809.07;70,132.33;68,180.94;17,452,238
May 27, 2022;66,540.64;70,573.41;66,477.63;70,447.38;68,487.22;7,133,723
May 26, 2022;66,288.59;67,485.82;65,910.52;66,540.64;64,689.18;2,803,276
May 25, 2022;62,696.91;66,162.57;62,192.82;66,162.57;64,321.63;5,984,259
May 24, 2022;60,806.55;61,877.76;60,491.49;61,877.76;60,156.04;2,229,258
May 23, 2022;61,877.76;61,877.76;60,554.50;60,806.55;59,114.64;2,131,908
May 20, 2022;61,562.70;62,318.84;61,121.61;61,436.67;59,727.23;2,285,914
May 19, 2022;59,924.39;61,562.70;59,924.39;61,121.61;59,420.94;4,057,482
May 18, 2022;62,822.94;63,074.98;61,436.67;61,562.70;59,849.75;3,196,851
May 17, 2022;58,601.13;62,822.94;58,286.07;62,822.94;61,074.92;3,246,684
May 16, 2022;61,436.67;61,436.67;58,727.16;58,727.16;57,093.11;2,762,807
May 13, 2022;60,554.50;62,381.85;58,664.14;58,979.21;57,338.14;6,643,340
May 12, 2022;62,570.89;64,209.20;59,861.38;60,239.45;58,563.32;6,785,535
May 11, 2022;61,751.73;64,209.20;60,995.59;64,209.20;62,422.61;3,662,002
May 10, 2022;59,231.25;62,255.83;57,971.02;62,003.78;60,278.56;5,927,920
May 9, 2022;61,940.77;62,381.85;59,231.25;59,231.25;57,583.18;8,028,790
May 6, 2022;64,461.25;65,532.45;63,138.00;63,138.00;61,381.21;5,133,151
May 5, 2022;65,910.52;66,477.63;64,209.20;65,973.53;64,137.85;3,894,338
May 4, 2022;66,099.56;66,729.68;65,595.46;65,847.51;64,015.34;3,330,160
Apr 29, 2022;66,162.57;67,485.82;65,658.48;66,162.57;64,321.63;6,366,249
Apr 28, 2022;64,839.32;67,296.79;64,587.27;66,477.63;64,627.93;4,995,082
Apr 27, 2022;64,587.27;65,532.45;63,327.03;64,902.33;63,096.46;5,017,617
Apr 26, 2022;63,138.00;66,162.57;61,121.61;65,721.48;63,892.82;8,787,853
Apr 25, 2022;69,376.18;69,880.27;65,154.38;65,154.38;63,341.50;9,552,984
Apr 22, 2022;70,888.47;71,770.63;66,792.69;70,006.30;68,058.41;18,850,702
Apr 21, 2022;70,069.31;73,030.88;70,069.31;70,573.41;68,609.74;7,055,166
Apr 20, 2022;70,573.41;71,203.53;69,061.13;70,573.41;68,609.74;5,314,862
Apr 19, 2022;73,408.95;73,724.01;70,573.41;70,573.41;68,609.74;13,008,601
Apr 18, 2022;72,463.77;74,732.20;71,833.65;72,778.83;70,753.80;6,104,871
Apr 15, 2022;72,526.78;74,291.12;71,833.65;72,463.77;70,447.50;6,466,231
Apr 14, 2022;72,589.79;74,921.23;72,589.79;73,471.96;71,427.65;8,569,482
Apr 13, 2022;69,313.17;72,526.78;69,187.15;72,526.78;70,508.77;5,576,082
Apr 12, 2022;68,683.05;70,258.35;67,170.77;69,187.15;67,262.05;5,837,778
Apr 8, 2022;71,392.56;71,770.63;68,367.99;68,367.99;66,465.69;10,473,406
Apr 7, 2022;71,644.61;73,660.99;70,636.42;71,392.56;69,406.09;8,603,444
Apr 6, 2022;68,304.98;71,833.65;68,304.98;71,203.53;69,222.34;7,553,960
Apr 5, 2022;68,746.06;70,321.36;68,683.05;68,683.05;66,771.98;4,878,119
Apr 4, 2022;71,518.59;71,518.59;68,872.09;68,872.09;66,955.76;5,189,806
Apr 1, 2022;67,359.80;69,943.29;66,855.70;69,943.29;67,997.16;7,338,287
Mar 31, 2022;66,477.63;69,691.24;65,910.52;67,422.81;65,546.81;6,114,393
Mar 30, 2022;66,666.66;67,611.84;65,847.51;66,792.69;64,934.21;4,970,483
Mar 29, 2022;62,129.80;66,099.56;62,129.80;66,099.56;64,260.38;13,438,715
Mar 28, 2022;60,176.43;62,192.82;59,987.40;61,814.75;60,094.79;6,857,941
Mar 25, 2022;60,554.50;60,806.55;60,239.45;60,302.46;58,624.57;2,208,309
Mar 24, 2022;60,491.49;61,247.64;60,050.41;60,491.49;58,808.35;2,956,739
Mar 23, 2022;60,806.55;61,436.67;60,491.49;60,806.55;59,114.64;3,230,813
Mar 22, 2022;60,491.49;61,121.61;60,113.42;60,743.54;59,053.39;3,299,690
Mar 21, 2022;59,987.40;60,491.49;59,861.38;60,050.41;58,379.54;3,182,251
Mar 18, 2022;58,601.13;60,869.57;58,601.13;59,924.39;58,257.02;4,467,563
Mar 17, 2022;57,844.99;58,412.10;57,655.95;57,971.02;56,358.00;4,367,899
Mar 16, 2022;57,403.91;58,160.05;57,025.84;57,718.96;56,112.97;5,024,282
Mar 15, 2022;57,844.99;57,844.99;56,584.75;57,340.89;55,745.41;6,111,536
Mar 14, 2022;58,601.13;58,601.13;57,025.84;57,844.99;56,235.49;3,723,418
Mar 11, 2022;59,546.31;59,609.32;58,412.10;58,727.16;57,093.11;2,441,757
Mar 10, 2022;60,680.53;60,680.53;59,609.32;59,609.32;57,950.73;2,490,796
Mar 9, 2022;59,609.32;60,806.55;59,609.32;60,176.43;58,502.06;5,765,094
Mar 8, 2022;59,105.23;60,113.42;58,349.09;59,735.35;58,073.25;4,645,942
Mar 7, 2022;58,664.14;59,168.24;58,097.04;59,105.23;57,460.66;3,047,515
Mar 4, 2022;58,790.17;59,105.23;58,601.13;58,916.20;57,276.88;2,132,610
Mar 3, 2022;58,727.16;59,231.25;58,727.16;58,853.18;57,215.63;2,271,741
Mar 2, 2022;58,601.13;58,853.18;58,412.10;58,664.14;57,031.84;2,139,910
Mar 1, 2022;59,231.25;59,231.25;58,286.07;58,853.18;57,215.63;1,748,714
Feb 28, 2022;58,160.05;58,916.20;58,160.05;58,790.17;57,154.37;2,477,941
Feb 25, 2022;58,223.06;58,853.18;58,034.03;58,160.05;56,541.78;1,682,060
Feb 24, 2022;58,601.13;58,916.20;56,710.77;57,971.02;56,358.00;2,138,641
Feb 23, 2022;58,349.09;59,168.24;58,349.09;58,601.13;56,970.59;1,543,832
Feb 22, 2022;58,601.13;58,790.17;57,971.02;58,538.12;56,909.33;2,134,038
Feb 21, 2022;58,097.04;59,231.25;57,971.02;58,916.20;57,276.88;2,199,581
Feb 18, 2022;58,160.05;58,286.07;57,781.98;58,097.04;56,480.52;982,035
Feb 17, 2022;57,908.00;58,475.11;57,340.89;58,475.11;56,848.07;1,446,391
Feb 16, 2022;57,781.98;58,286.07;57,529.93;57,529.93;55,929.19;1,293,722
Feb 15, 2022;57,340.89;57,781.98;57,025.84;57,403.91;55,806.68;1,040,119
Feb 14, 2022;57,340.89;57,718.96;56,962.82;57,340.89;55,745.41;1,228,496
Feb 11, 2022;57,844.99;58,223.06;57,592.94;57,718.96;56,112.97;1,752,364
Feb 10, 2022;57,592.94;57,971.02;56,836.80;57,971.02;56,358.00;1,777,280
Feb 9, 2022;57,781.98;57,781.98;57,088.85;57,151.86;55,561.64;2,130,864
Feb 8, 2022;56,395.71;57,844.99;56,395.71;57,088.85;55,500.38;1,341,172
Feb 7, 2022;56,710.77;56,773.79;56,080.66;56,395.71;54,826.54;1,538,119
Jan 28, 2022;54,190.30;56,395.71;54,127.29;56,395.71;54,826.54;3,150,512
Jan 27, 2022;54,190.30;54,631.38;53,812.22;54,127.29;52,621.22;1,229,130
Jan 26, 2022;54,820.41;54,820.41;53,875.23;54,190.30;52,682.48;2,459,849
Jan 25, 2022;53,686.20;55,135.48;52,930.06;54,505.36;52,988.78;4,511,205
Jan 24, 2022;55,576.56;55,765.59;53,560.18;53,749.21;52,253.67;6,080,113
Jan 21, 2022;56,080.66;56,584.75;55,576.56;55,576.56;54,030.17;1,471,942
Jan 20, 2022;55,702.58;57,340.89;55,639.57;55,954.63;54,397.73;2,151,337
Jan 19, 2022;55,513.55;56,206.68;55,450.54;55,639.57;54,091.43;1,261,505
Jan 18, 2022;55,639.57;56,458.73;55,450.54;55,513.55;53,968.91;2,066,114
Jan 17, 2022;57,025.84;57,529.93;56,080.66;56,080.66;54,520.24;3,130,515
Jan 14, 2022;57,781.98;58,034.03;57,277.88;57,529.93;55,929.19;1,438,773
Jan 13, 2022;57,277.88;58,412.10;56,584.75;58,034.03;56,419.26;3,091,158
Jan 12, 2022;56,143.67;57,088.85;55,765.59;56,458.73;54,887.79;3,555,990
Jan 11, 2022;57,971.02;58,097.04;56,143.67;56,395.71;54,826.54;4,358,377
Jan 10, 2022;58,727.16;58,916.20;57,908.00;57,971.02;56,358.00;4,553,737
Jan 7, 2022;58,664.14;59,042.22;58,664.14;58,853.18;57,215.63;2,154,828
Jan 6, 2022;58,979.21;59,231.25;58,916.20;58,916.20;57,276.88;3,657,558
Jan 5, 2022;59,042.22;59,357.28;58,916.20;58,979.21;57,338.14;2,840,411
Jan 4, 2022;58,853.18;59,357.28;58,790.17;58,916.20;57,276.88;3,410,779
Dec 31, 2021;59,105.23;59,483.30;58,601.13;58,601.13;56,970.59;2,746,779
Dec 30, 2021;59,042.22;59,420.29;58,916.20;58,979.21;57,338.14;1,946,772
Dec 29, 2021;59,735.35;59,735.35;58,979.21;58,979.21;57,338.14;1,447,661
Dec 28, 2021;59,546.31;59,798.36;59,294.27;59,546.31;57,889.47;1,903,764
Dec 27, 2021;59,357.28;59,861.38;58,790.17;59,546.31;57,889.47;1,687,773
Dec 24, 2021;58,916.20;59,546.31;58,475.11;59,105.23;57,460.66;1,936,615
Dec 23, 2021;59,861.38;59,861.38;58,601.13;58,727.16;57,093.11;5,788,514
Dec 22, 2021;59,861.38;60,113.42;59,609.32;59,861.38;58,195.77;3,498,541
Dec 21, 2021;60,302.46;60,428.48;59,924.39;59,987.40;58,318.28;2,716,494
Dec 20, 2021;60,806.55;60,806.55;60,176.43;60,365.47;58,685.83;2,907,383
Dec 17, 2021;60,239.45;61,121.61;60,176.43;60,743.54;59,053.39;2,201,644
Dec 16, 2021;61,436.67;61,436.67;60,176.43;60,176.43;58,502.06;2,797,880
Dec 15, 2021;60,302.46;60,680.53;60,239.45;60,428.48;58,747.09;4,645,942
Dec 14, 2021;60,491.49;60,743.54;60,113.42;60,302.46;58,624.57;3,452,518
Dec 13, 2021;60,806.55;60,806.55;60,239.45;60,491.49;58,808.35;1,704,124
Dec 10, 2021;60,743.54;61,121.61;60,113.42;60,365.47;58,685.83;2,578,715
Dec 9, 2021;59,924.39;61,121.61;59,924.39;61,121.61;59,420.94;1,855,043
Dec 8, 2021;60,806.55;60,806.55;59,861.38;60,239.45;58,563.32;1,825,526
Dec 7, 2021;59,861.38;60,491.49;59,546.31;60,491.49;58,808.35;2,302,578
Dec 6, 2021;60,176.43;60,806.55;59,357.28;59,546.31;57,889.47;5,106,648
Dec 3, 2021;61,625.71;61,625.71;60,176.43;60,176.43;58,502.06;3,189,393
Dec 2, 2021;61,499.68;61,940.77;61,247.64;61,247.64;59,543.46;1,845,513
Dec 1, 2021;61,436.67;62,129.80;60,932.58;61,877.76;60,156.04;1,991,526
Nov 30, 2021;61,814.75;62,066.79;61,121.61;61,184.63;59,482.20;4,099,379
Nov 29, 2021;61,436.67;62,318.84;61,436.67;61,814.75;60,094.79;4,550,721
Nov 26, 2021;63,074.98;63,516.07;62,255.83;62,318.84;60,584.85;3,167,968
Nov 25, 2021;62,066.79;64,146.19;61,940.77;63,011.97;61,258.70;9,790,202
Nov 24, 2021;60,932.58;62,003.78;60,743.54;61,688.72;59,972.27;4,612,641
Nov 23, 2021;59,861.38;60,869.57;59,798.36;60,869.57;59,175.90;4,147,108
Nov 22, 2021;60,176.43;60,491.49;59,861.38;59,861.38;58,195.77;2,967,848
Nov 19, 2021;61,436.67;61,625.71;59,924.39;60,050.41;58,379.54;5,117,757
Nov 18, 2021;61,940.77;62,192.82;60,806.55;60,806.55;59,114.64;4,510,253
Nov 17, 2021;61,940.77;62,003.78;61,751.73;61,940.77;60,217.30;3,486,004
Nov 16, 2021;61,310.65;62,696.91;60,995.59;61,940.77;60,217.30;6,515,586
Nov 15, 2021;62,066.79;62,066.79;61,310.65;61,310.65;59,604.71;3,165,430
Nov 12, 2021;60,617.52;61,877.76;60,428.48;61,751.73;60,033.53;3,763,093
Nov 11, 2021;61,121.61;61,751.73;60,365.47;60,491.49;58,808.35;4,226,973
Nov 10, 2021;60,743.54;61,121.61;60,428.48;61,121.61;59,420.94;3,059,100
Nov 9, 2021;61,436.67;61,499.68;60,491.49;60,743.54;59,053.39;3,375,230
Nov 8, 2021;61,499.68;62,066.79;61,310.65;61,373.66;59,665.97;2,840,411
Nov 5, 2021;60,617.52;61,625.71;60,491.49;61,499.68;59,788.49;3,503,936
Nov 4, 2021;60,554.50;60,995.59;60,302.46;60,491.49;58,808.35;3,239,066
Nov 3, 2021;60,617.52;60,932.58;59,987.40;60,554.50;58,869.61;4,412,811
Nov 2, 2021;60,176.43;61,121.61;60,176.43;60,554.50;58,869.61;3,423,158
Nov 1, 2021;61,373.66;61,373.66;60,239.45;60,365.47;58,685.83;5,207,739
Oct 29, 2021;61,751.73;61,751.73;61,058.60;61,058.60;59,359.68;4,299,341
Oct 28, 2021;61,877.76;62,003.78;61,247.64;61,751.73;60,033.53;2,673,141
Oct 27, 2021;60,995.59;61,877.76;60,806.55;61,877.76;60,156.04;11,045,519
Oct 26, 2021;59,861.38;61,058.60;59,420.29;61,058.60;59,359.68;3,233,829
Oct 25, 2021;60,617.52;60,617.52;59,798.36;59,798.36;58,134.51;5,703,557
Oct 22, 2021;61,121.61;61,373.66;60,554.50;60,617.52;58,930.86;4,446,614
Oct 21, 2021;62,003.78;62,066.79;60,932.58;60,932.58;59,237.16;3,833,556
Oct 20, 2021;62,192.82;62,696.91;60,869.57;61,499.68;59,788.49;3,565,829
Oct 19, 2021;62,381.85;62,696.91;62,129.80;62,129.80;60,401.08;3,224,624
Oct 18, 2021;62,381.85;63,011.97;62,129.80;62,381.85;60,646.11;3,974,006
Oct 15, 2021;62,633.90;63,074.98;62,003.78;62,318.84;60,584.85;2,701,866
Oct 14, 2021;62,633.90;63,011.97;62,003.78;62,255.83;60,523.59;3,947,503
Oct 13, 2021;62,381.85;63,957.15;62,066.79;62,633.90;60,891.15;5,967,278
Oct 12, 2021;62,507.88;62,507.88;62,066.79;62,381.85;60,646.11;7,834,125
Oct 11, 2021;62,381.85;62,570.89;61,940.77;62,507.88;60,768.63;4,028,916
Oct 8, 2021;59,861.38;62,696.91;59,483.30;62,318.84;60,584.85;13,751,195
Oct 7, 2021;59,798.36;59,861.38;59,294.27;59,420.29;57,766.95;2,534,438
Oct 6, 2021;59,546.31;59,672.34;59,042.22;59,483.30;57,828.21;3,528,534
Oct 5, 2021;59,861.38;60,491.49;59,483.30;59,483.30;57,828.21;2,946,678
Oct 4, 2021;58,601.13;59,987.40;58,223.06;59,609.32;57,950.73;5,130,929
Oct 1, 2021;58,538.12;58,664.14;58,286.07;58,538.12;56,909.33;6,131,194
Sep 30, 2021;58,916.20;59,168.24;58,601.13;58,601.13;56,970.59;1,613,819
Sep 29, 2021;58,601.13;58,853.18;58,160.05;58,727.16;57,093.11;2,630,769
Sep 28, 2021;57,781.98;58,601.13;57,655.95;58,601.13;56,970.59;4,273,790
Sep 27, 2021;58,538.12;58,916.20;58,034.03;58,034.03;56,419.26;3,479,814
Sep 24, 2021;58,727.16;58,727.16;58,412.10;58,412.10;56,786.82;2,363,042
Sep 23, 2021;58,727.16;59,105.23;58,601.13;58,664.14;57,031.84;3,331,906
Sep 22, 2021;58,727.16;58,853.18;58,412.10;58,727.16;57,093.11;4,050,499
Sep 21, 2021;58,853.18;59,231.25;58,286.07;58,916.20;57,276.88;4,629,278
Sep 20, 2021;60,491.49;60,617.52;59,294.27;59,483.30;57,828.21;4,387,102
Sep 17, 2021;60,176.43;61,121.61;60,113.42;60,302.46;58,624.57;7,251,002
Sep 16, 2021;59,483.30;59,861.38;59,357.28;59,672.34;58,011.98;3,854,346
Sep 15, 2021;59,105.23;59,483.30;58,790.17;59,294.27;57,644.44;3,391,577
Sep 14, 2021;58,790.17;59,672.34;58,601.13;59,105.23;57,460.66;4,353,616
Sep 13, 2021;58,979.21;59,231.25;58,538.12;58,601.13;56,970.59;2,856,599
Sep 10, 2021;58,853.18;59,483.30;58,853.18;58,916.20;57,276.88;2,348,917
Sep 9, 2021;58,664.14;59,168.24;58,475.11;58,727.16;57,093.11;2,370,501
Sep 8, 2021;58,916.20;59,357.28;58,475.11;58,664.14;57,031.84;2,576,970
Sep 7, 2021;60,050.41;60,050.41;58,916.20;58,916.20;57,276.88;4,079,541
Sep 6, 2021;58,223.06;59,798.36;58,160.05;59,798.36;58,134.51;5,038,565
Sep 1, 2021;58,034.03;58,601.13;58,034.03;58,223.06;56,603.04;2,528,248
Aug 31, 2021;58,160.05;58,727.16;57,971.02;58,223.06;56,603.04;3,773,092
Aug 30, 2021;58,601.13;58,601.13;58,034.03;58,097.04;56,480.52;2,635,795
Aug 27, 2021;57,340.89;57,971.02;57,088.85;57,971.02;56,358.00;3,722,783
Aug 26, 2021;57,971.02;58,538.12;57,466.92;57,592.94;55,990.45;3,169,872
Aug 25, 2021;58,223.06;58,223.06;57,340.89;57,908.00;56,296.75;3,149,718
Aug 24, 2021;57,655.95;57,971.02;56,647.76;57,908.00;56,296.75;8,268,213
Aug 23, 2021;58,286.07;58,286.07;57,340.89;57,340.89;55,745.41;7,349,713
Aug 20, 2021;59,546.31;59,672.34;57,403.91;58,475.11;56,848.07;8,571,227
Aug 19, 2021;59,861.38;59,861.38;59,105.23;59,546.31;57,889.47;4,987,306
Aug 18, 2021;59,105.23;59,798.36;59,105.23;59,231.25;57,583.18;3,197,804
Aug 17, 2021;59,294.27;59,609.32;58,916.20;59,105.23;57,460.66;5,164,256
Aug 16, 2021;59,861.38;59,987.40;59,483.30;59,609.32;57,950.73;3,203,517
Aug 13, 2021;58,664.14;59,861.38;58,601.13;59,861.38;58,195.77;6,559,387
Aug 12, 2021;60,365.47;60,491.49;58,853.18;59,105.23;57,460.66;14,162,705
Aug 11, 2021;61,562.70;61,625.71;60,554.50;60,554.50;58,869.61;9,197,616
Aug 10, 2021;61,940.77;62,003.78;61,499.68;61,625.71;59,911.00;4,730,370
Aug 9, 2021;61,121.61;61,562.70;60,428.48;61,436.67;59,727.23;5,618,138
Aug 6, 2021;60,995.59;61,247.64;60,365.47;60,869.57;59,175.90;6,097,412
Aug 5, 2021;59,987.40;61,121.61;59,798.36;60,869.57;59,175.90;4,834,159
Aug 4, 2021;60,428.48;60,617.52;59,798.36;60,239.45;58,563.32;4,946,202
Aug 3, 2021;60,365.47;60,491.49;59,672.34;60,365.47;58,685.83;5,606,711
Aug 2, 2021;59,231.25;60,869.57;59,231.25;60,239.45;58,563.32;7,280,996
Jul 30, 2021;58,916.20;59,735.35;58,475.11;59,231.25;57,583.18;12,014,223
Jul 29, 2021;57,971.02;59,168.24;57,781.98;58,853.18;57,215.63;6,130,898
Jul 28, 2021;58,475.11;59,042.22;57,781.98;57,971.02;56,358.00;5,342,951
Jul 27, 2021;59,483.30;59,798.36;58,286.07;58,727.16;57,093.11;10,764,779
Jul 26, 2021;56,899.81;59,168.24;56,836.80;59,042.22;57,399.40;9,959,694
Jul 23, 2021;56,332.70;58,538.12;55,891.62;57,025.84;55,439.13;11,655,404
Jul 22, 2021;54,316.32;56,458.73;54,316.32;56,332.70;54,765.28;7,097,016
Jul 21, 2021;54,694.39;55,387.52;54,253.31;54,568.37;53,050.03;6,888,667
Jul 20, 2021;53,434.15;54,694.39;52,867.04;54,694.39;53,172.55;6,123,717
Jul 19, 2021;53,686.20;54,442.34;53,245.12;53,371.14;51,886.12;5,575,606
Jul 16, 2021;54,127.29;55,450.54;53,875.23;54,694.39;53,172.55;3,786,105
Jul 15, 2021;53,371.14;54,568.37;53,371.14;53,812.22;52,314.93;4,339,809
Jul 14, 2021;55,198.49;55,198.49;53,371.14;53,686.20;52,192.41;4,137,626
Jul 13, 2021;54,757.40;55,009.45;53,560.18;54,820.41;53,295.07;4,180,950
Jul 12, 2021;55,954.63;56,521.74;52,678.01;54,253.31;52,743.74;11,702,854
Jul 9, 2021;56,458.73;57,971.02;55,954.63;56,521.74;54,949.05;6,386,563
Jul 8, 2021;56,962.82;57,025.84;56,080.66;56,584.75;55,010.31;4,089,731
Jul 7, 2021;54,820.41;57,340.89;53,560.18;57,025.84;55,439.13;9,554,532
Jul 6, 2021;58,286.07;58,601.13;54,820.41;54,820.41;53,295.07;5,564,021
Jul 5, 2021;59,861.38;59,861.38;57,340.89;58,412.10;56,786.82;10,058,130
Jul 2, 2021;56,269.69;58,286.07;56,017.64;57,908.00;56,296.75;6,202,788
Jul 1, 2021;55,513.55;56,017.64;55,450.54;56,017.64;54,458.98;2,698,057
Jun 30, 2021;56,080.66;56,143.67;55,450.54;55,450.54;53,907.65;3,450,821
Jun 29, 2021;54,568.37;56,080.66;54,379.33;55,828.61;54,275.21;8,842,604
Jun 28, 2021;54,253.31;54,253.31;53,812.22;54,001.26;52,498.71;2,949,915
Jun 25, 2021;53,371.14;53,812.22;53,056.08;53,686.20;52,192.41;2,560,465
Jun 24, 2021;53,119.09;53,497.16;52,867.04;53,371.14;51,886.12;3,503,777
Jun 23, 2021;53,749.21;53,938.25;52,993.07;53,497.16;52,008.64;4,936,045
Jun 22, 2021;54,253.31;54,568.37;53,812.22;53,812.22;52,314.93;5,213,770
Jun 21, 2021;52,678.01;54,379.33;52,425.96;53,938.25;52,437.45;6,333,557
Jun 18, 2021;52,362.95;53,056.08;52,110.90;52,804.03;51,334.79;2,743,128
Jun 17, 2021;51,732.83;52,362.95;51,732.83;52,047.89;50,599.69;3,723,736
Jun 16, 2021;52,425.96;53,308.13;52,110.90;52,362.95;50,905.98;4,402,972
Jun 15, 2021;52,804.03;53,245.12;52,425.96;52,425.96;50,967.23;2,822,796
Jun 14, 2021;52,615.00;53,308.13;52,299.94;52,804.03;51,334.79;7,381,097
Jun 11, 2021;51,354.76;52,867.04;51,228.73;52,615.00;51,151.01;3,871,644
Jun 10, 2021;51,480.78;51,984.88;51,039.70;51,606.80;50,170.87;4,092,167
Jun 9, 2021;50,787.65;51,732.83;49,779.46;51,480.78;50,048.36;5,716,531
Jun 8, 2021;51,669.82;52,299.94;50,787.65;50,913.67;49,497.03;7,754,081
Jun 7, 2021;53,308.13;53,371.14;51,039.70;52,110.90;50,660.94;6,776,172
Jun 4, 2021;53,560.18;53,623.19;52,804.03;53,371.14;51,886.12;9,435,666
Jun 3, 2021;53,560.18;53,812.22;53,119.09;53,686.20;52,192.41;7,134,786
Jun 2, 2021;54,883.43;55,135.48;53,560.18;53,875.23;52,376.18;8,315,886
Jun 1, 2021;55,387.52;55,765.59;54,820.41;54,883.43;53,356.33;5,546,564
May 31, 2021;52,327.33;53,697.16;51,888.99;53,642.37;52,149.80;8,070,014
May 28, 2021;51,505.44;52,053.37;51,341.06;51,943.78;50,498.48;3,420,690
May 27, 2021;52,217.75;52,272.54;51,231.47;51,395.85;49,965.79;5,429,383
May 26, 2021;51,615.02;52,327.33;51,341.06;52,217.75;50,764.82;3,828,589
May 25, 2021;51,231.47;52,162.95;50,847.92;51,395.85;49,965.79;4,074,058
May 24, 2021;51,395.85;51,450.64;50,464.37;51,231.47;49,805.99;6,716,401
May 21, 2021;51,669.82;52,930.06;50,957.51;51,395.85;49,965.79;12,606,349
May 20, 2021;49,752.06;52,327.33;49,532.89;52,327.33;50,871.35;7,529,481
May 19, 2021;47,943.89;49,916.44;47,560.34;49,752.06;48,367.74;5,336,626
May 18, 2021;47,341.17;47,889.10;47,231.58;47,669.93;46,343.54;4,163,486
May 17, 2021;47,012.41;47,450.75;46,683.65;46,957.62;45,651.05;8,193,377
May 14, 2021;46,190.52;47,231.58;46,080.93;46,464.48;45,171.63;3,483,471
May 13, 2021;46,574.07;46,793.24;46,026.14;46,026.14;44,745.48;5,090,428
May 12, 2021;46,574.07;46,793.24;46,190.52;46,793.24;45,491.25;3,402,804
May 11, 2021;47,122.00;47,450.75;46,683.65;46,683.65;45,384.71;4,168,413
May 10, 2021;45,533.00;47,122.00;45,478.21;47,012.41;45,704.32;8,361,100
May 7, 2021;45,313.83;46,026.14;45,094.66;45,478.21;44,212.80;5,020,528
May 6, 2021;45,478.21;45,752.17;45,039.86;45,313.83;44,053.00;3,593,523
May 5, 2021;46,300.10;46,300.10;45,313.83;45,423.41;44,159.53;4,283,756
May 4, 2021;43,834.41;45,752.17;43,834.41;45,423.41;44,159.53;6,252,072
Apr 29, 2021;44,272.76;44,820.69;44,272.76;44,327.55;43,094.16;4,067,853
Apr 28, 2021;43,889.21;44,546.73;43,889.21;44,272.76;43,040.89;3,153,044
Apr 27, 2021;44,053.59;44,601.52;43,889.21;44,217.96;42,987.63;3,307,172
Apr 26, 2021;45,204.24;45,368.62;44,108.38;44,382.34;43,147.43;5,687,402
Apr 23, 2021;43,834.41;45,478.21;43,670.04;45,478.21;44,212.80;5,851,838
Apr 22, 2021;44,930.28;45,971.34;43,834.41;43,834.41;42,614.75;4,424,285
Apr 20, 2021;44,820.69;46,519.27;44,711.11;45,423.41;44,159.53;9,248,913
Apr 19, 2021;43,834.41;44,656.31;43,560.45;44,656.31;43,413.78;6,480,203
Apr 16, 2021;43,724.83;44,491.93;43,176.90;43,670.04;42,454.94;4,737,098
Apr 15, 2021;44,382.34;44,601.52;43,724.83;43,834.41;42,614.75;5,621,518
Apr 14, 2021;43,834.41;44,382.34;43,560.45;44,382.34;43,147.43;4,618,471
Apr 13, 2021;44,930.28;45,039.86;44,108.38;44,217.96;42,987.63;6,276,894
Apr 12, 2021;45,149.45;45,149.45;44,656.31;44,985.07;43,733.38;3,868,192
Apr 9, 2021;43,779.62;45,478.21;43,779.62;44,985.07;43,733.38;9,097,497
Apr 8, 2021;43,944.00;44,163.17;43,560.45;43,615.24;42,401.67;3,886,990
Apr 7, 2021;43,396.07;43,670.04;43,341.28;43,615.24;42,401.67;3,751,572
Apr 6, 2021;43,341.28;43,834.41;43,341.28;43,505.66;42,295.13;2,979,940
Apr 5, 2021;44,053.59;44,108.38;43,231.69;43,615.24;42,401.67;5,032,573
Apr 2, 2021;44,053.59;44,108.38;43,724.83;43,724.83;42,508.21;3,634,038
Apr 1, 2021;42,683.76;43,670.04;42,683.76;43,670.04;42,454.94;5,750,549
Mar 31, 2021;42,245.42;42,793.35;41,971.45;42,574.18;41,389.57;2,591,570
Mar 30, 2021;42,683.76;42,738.55;42,190.63;42,245.42;41,069.96;3,125,397
Mar 29, 2021;41,916.66;42,793.35;41,697.49;42,519.38;41,336.30;3,713,361
Mar 26, 2021;41,752.28;42,081.04;40,820.80;41,697.49;40,537.28;4,877,627
Mar 25, 2021;42,464.59;42,464.59;41,916.66;41,971.45;40,803.62;4,298,721
Mar 24, 2021;42,683.76;43,231.69;41,916.66;42,190.63;41,016.70;5,089,150
Mar 23, 2021;43,012.52;43,834.41;42,902.93;43,176.90;41,975.52;4,258,205
Mar 22, 2021;43,560.45;43,615.24;42,902.93;43,122.11;41,922.26;5,611,662
Mar 19, 2021;43,834.41;44,108.38;43,505.66;43,724.83;42,508.21;5,335,532
Mar 18, 2021;44,382.34;44,382.34;43,834.41;44,382.34;43,147.43;3,974,045
Mar 17, 2021;44,656.31;44,656.31;43,834.41;44,272.76;43,040.89;6,509,952
Mar 16, 2021;42,190.63;44,656.31;41,971.45;44,382.34;43,147.43;9,437,333
Mar 15, 2021;41,971.45;42,464.59;41,697.49;41,916.66;40,750.35;3,287,643
Mar 12, 2021;42,190.63;42,245.42;41,807.07;41,916.66;40,750.35;3,764,712
Mar 11, 2021;41,916.66;42,245.42;41,697.49;42,026.25;40,856.89;3,651,559
Mar 10, 2021;41,587.90;42,464.59;41,094.77;41,807.07;40,643.82;4,849,886
Mar 9, 2021;41,094.77;41,478.32;40,820.80;41,094.77;39,951.33;7,359,329
Mar 8, 2021;41,642.70;41,916.66;41,313.94;41,533.11;40,377.47;9,642,874
Mar 5, 2021;41,368.73;41,642.70;40,820.80;41,587.90;40,430.74;5,488,837
Mar 4, 2021;42,574.18;42,628.97;41,149.56;41,587.90;40,430.74;7,549,318
Mar 3, 2021;42,738.55;42,793.35;42,409.80;42,574.18;41,389.57;10,792,262
Mar 2, 2021;43,231.69;43,231.69;42,135.83;42,683.76;41,496.11;4,354,568
Mar 1, 2021;42,081.04;42,738.55;42,081.04;42,683.76;41,496.11;3,792,635
Feb 26, 2021;41,094.77;41,861.87;41,039.97;41,752.28;40,590.55;5,506,174
Feb 25, 2021;41,697.49;41,807.07;40,820.80;41,752.28;40,590.55;3,700,287
Feb 24, 2021;41,642.70;41,916.66;41,039.97;41,313.94;40,164.40;6,027,643
Feb 23, 2021;41,807.07;42,190.63;40,875.59;41,368.73;40,217.67;6,222,506
Feb 22, 2021;41,971.45;42,464.59;41,697.49;42,081.04;40,910.16;6,879,524
Feb 19, 2021;42,355.00;42,738.55;41,642.70;41,971.45;40,803.62;9,666,559
Feb 18, 2021;42,738.55;42,902.93;41,971.45;42,848.14;41,655.91;7,629,601
Feb 17, 2021;41,807.07;43,286.48;41,587.90;42,683.76;41,496.11;5,857,131
Feb 9, 2021;39,122.21;40,875.59;38,355.11;40,875.59;39,738.25;7,746,059
Feb 8, 2021;39,944.11;39,944.11;38,135.94;39,067.42;37,980.39;11,544,535
Feb 5, 2021;39,998.90;40,218.08;39,341.39;39,944.11;38,832.68;5,028,741
Feb 4, 2021;38,464.70;40,108.49;38,464.70;39,724.94;38,619.62;13,335,273
Feb 3, 2021;36,985.29;38,683.87;36,218.19;38,355.11;37,287.90;9,696,124
Feb 2, 2021;34,574.39;36,163.39;34,519.60;36,163.39;35,157.17;6,358,655
Feb 1, 2021;35,286.70;35,834.63;34,136.05;34,793.57;33,825.46;3,907,978
Jan 29, 2021;32,327.88;34,355.22;32,327.88;34,355.22;33,399.31;6,044,382
Jan 28, 2021;32,875.81;34,136.05;32,108.71;32,108.71;31,215.30;19,272,161
Jan 27, 2021;35,999.02;36,218.19;34,464.81;34,519.60;33,559.11;4,160,748
Jan 26, 2021;36,985.29;36,985.29;35,889.43;36,163.39;35,157.17;4,857,369
Jan 25, 2021;36,601.74;37,368.84;36,272.98;36,711.32;35,689.86;5,788,875
Jan 22, 2021;35,999.02;36,985.29;35,834.63;36,656.53;35,636.59;3,814,901
Jan 21, 2021;35,341.50;36,053.81;34,683.98;35,944.22;34,944.09;4,221,521
Jan 20, 2021;34,355.22;34,903.15;32,985.40;34,683.98;33,718.92;7,225,006
Jan 19, 2021;36,163.39;36,218.19;33,807.29;33,971.67;33,026.43;8,380,810
Jan 18, 2021;36,711.32;36,711.32;36,272.98;36,327.77;35,316.97;2,712,388
Jan 15, 2021;36,711.32;36,711.32;36,382.57;36,492.15;35,476.78;3,150,765
Jan 14, 2021;36,437.36;36,711.32;35,999.02;36,382.57;35,370.24;3,700,287
Jan 13, 2021;36,108.60;36,930.50;36,108.60;36,437.36;35,423.51;7,958,719
Jan 12, 2021;35,615.46;36,163.39;35,067.53;36,053.81;35,050.63;7,539,645
Jan 11, 2021;35,012.74;35,451.08;34,683.98;35,451.08;34,464.67;3,600,457
Jan 8, 2021;34,519.60;34,903.15;34,300.43;34,683.98;33,718.92;5,343,379
Jan 7, 2021;34,300.43;34,464.81;33,916.88;34,245.64;33,292.77;4,649,131
Jan 6, 2021;34,574.39;34,848.36;34,136.05;34,190.84;33,239.50;15,453,427
Jan 5, 2021;32,875.81;34,793.57;32,766.22;34,355.22;33,399.31;5,224,706
Jan 4, 2021;32,656.64;32,985.40;32,492.26;32,985.40;32,067.60;4,590,400
Dec 31, 2020;31,834.74;32,437.47;31,779.95;32,382.67;31,481.64;3,898,980
Dec 30, 2020;32,273.09;32,273.09;31,834.74;31,834.74;30,948.96;2,197,687
Dec 29, 2020;31,725.16;32,218.29;31,560.78;32,108.71;31,215.30;4,002,240
Dec 28, 2020;31,725.16;32,108.71;31,505.99;31,725.16;30,842.42;5,032,902
Dec 25, 2020;31,232.02;31,560.78;31,012.85;31,560.78;30,682.62;2,965,904
Dec 24, 2020;31,505.99;31,670.37;30,903.26;31,232.02;30,363.01;4,354,950
Dec 23, 2020;31,944.33;32,108.71;31,341.61;31,505.99;30,629.35;5,368,236
Dec 22, 2020;31,451.19;32,053.92;31,286.81;31,834.74;30,948.96;4,702,037
Dec 21, 2020;31,396.40;31,670.37;31,286.81;31,505.99;30,629.35;4,309,652
Dec 18, 2020;30,958.06;31,286.81;30,958.06;31,177.23;30,309.74;2,872,899
Dec 17, 2020;31,177.23;31,286.81;30,684.09;30,958.06;30,096.66;6,552,821
Dec 16, 2020;31,341.61;31,505.99;31,232.02;31,286.81;30,416.28;3,641,939
Dec 15, 2020;31,505.99;31,560.78;31,012.85;31,067.64;30,203.20;4,867,224
Dec 14, 2020;31,232.02;31,779.95;31,177.23;31,341.61;30,469.54;2,731,659
Dec 11, 2020;31,012.85;31,232.02;30,848.47;31,232.02;30,363.01;3,415,706
Dec 10, 2020;31,232.02;31,615.57;30,958.06;30,958.06;30,096.66;6,659,387
Dec 9, 2020;30,848.47;31,670.37;30,793.68;31,505.99;30,629.35;6,436,748
Dec 8, 2020;30,519.71;31,012.85;30,410.13;30,793.68;29,936.86;4,424,468
Dec 7, 2020;30,629.30;30,684.09;30,410.13;30,519.71;29,670.52;2,838,625
Dec 4, 2020;30,355.33;30,629.30;30,355.33;30,519.71;29,670.52;2,772,227
Dec 3, 2020;30,410.13;30,519.71;30,190.95;30,464.92;29,617.25;2,971,143
Dec 2, 2020;30,136.16;30,519.71;30,136.16;30,464.92;29,617.25;3,935,171
Dec 1, 2020;30,136.16;30,355.33;30,026.57;30,245.75;29,404.17;6,255,119
Nov 30, 2020;31,067.64;31,067.64;30,355.33;30,355.33;29,510.71;5,284,156
Nov 27, 2020;30,629.30;30,793.68;30,464.92;30,793.68;29,936.86;13,837,354
Nov 26, 2020;30,410.13;30,684.09;30,026.57;30,519.71;29,670.52;3,436,571
Nov 25, 2020;30,848.47;30,848.47;30,245.75;30,245.75;29,404.17;3,470,713
Nov 24, 2020;30,629.30;30,958.06;30,136.16;30,464.92;29,617.25;5,619,218
Nov 23, 2020;30,245.75;30,793.68;29,916.99;30,629.30;29,777.05;9,352,046
Nov 20, 2020;30,190.95;30,629.30;30,136.16;30,245.75;29,404.17;3,389,772
Nov 19, 2020;29,752.61;30,684.09;29,588.23;30,190.95;29,350.91;9,126,031
Nov 18, 2020;29,752.61;29,752.61;29,423.85;29,588.23;28,764.96;3,206,903
Nov 17, 2020;29,369.06;29,643.02;29,040.30;29,588.23;28,764.96;4,590,965
Nov 16, 2020;29,588.23;29,807.40;29,040.30;29,204.68;28,392.07;6,851,821
Nov 13, 2020;29,478.64;29,478.64;29,314.27;29,478.64;28,658.42;2,405,724
Nov 12, 2020;29,040.30;29,314.27;28,985.51;29,314.27;28,498.61;2,289,596
Nov 11, 2020;29,259.47;29,259.47;28,875.92;29,040.30;28,232.27;3,044,600
Nov 10, 2020;29,588.23;29,588.23;29,040.30;29,040.30;28,232.27;4,166,177
Nov 9, 2020;28,930.71;29,259.47;28,875.92;29,259.47;28,445.34;3,799,113
Nov 6, 2020;28,711.54;28,930.71;28,547.16;28,711.54;27,912.66;1,801,796
Nov 5, 2020;28,875.92;29,259.47;28,492.37;28,492.37;27,699.58;2,956,441
Nov 4, 2020;29,040.30;29,204.68;28,766.34;29,040.30;28,232.27;2,864,759
Nov 3, 2020;28,437.58;28,985.51;28,327.99;28,930.71;28,125.73;4,677,399
Nov 2, 2020;28,218.40;28,327.99;28,054.03;28,327.99;27,539.78;1,580,691
Oct 30, 2020;28,163.61;28,218.40;27,670.47;28,218.40;27,433.24;2,682,766
Oct 29, 2020;27,615.68;28,108.82;27,506.10;27,889.65;27,113.63;4,963,567
Oct 28, 2020;28,492.37;28,711.54;27,780.06;27,780.06;27,007.10;6,563,296
Oct 27, 2020;28,985.51;29,149.89;28,547.16;28,547.16;27,752.85;8,210,550
Oct 26, 2020;29,533.44;29,862.20;28,930.71;28,930.71;28,125.73;7,031,020
Oct 23, 2020;29,697.82;29,862.20;29,314.27;29,533.44;28,711.69;4,829,646
Oct 22, 2020;28,930.71;29,588.23;28,821.13;29,588.23;28,764.96;4,355,552
Oct 21, 2020;29,149.89;29,862.20;28,930.71;28,930.71;28,125.73;6,031,805
Oct 20, 2020;29,095.09;29,204.68;28,766.34;29,149.89;28,338.81;5,959,200
Oct 19, 2020;29,369.06;29,478.64;29,040.30;29,204.68;28,392.07;8,419,228
Oct 16, 2020;28,054.03;29,533.44;27,889.65;29,149.89;28,338.81;10,529,697
Oct 15, 2020;28,054.03;28,163.61;27,780.06;28,054.03;27,273.44;3,947,417
Oct 14, 2020;27,834.85;28,163.61;27,615.68;27,944.44;27,166.90;4,397,930
Oct 13, 2020;27,889.65;27,944.44;27,670.47;27,780.06;27,007.10;2,306,278
Oct 12, 2020;27,889.65;28,163.61;27,725.27;27,889.65;27,113.63;2,830,067
Oct 9, 2020;27,944.44;28,054.03;27,834.85;27,834.85;27,060.37;2,141,695
Oct 8, 2020;27,670.47;28,218.40;27,560.89;27,999.23;27,220.17;5,667,200
Oct 7, 2020;27,506.10;27,780.06;27,506.10;27,615.68;26,847.29;2,726,092
Oct 6, 2020;27,834.85;27,889.65;27,560.89;27,670.47;26,900.56;2,774,602
Oct 5, 2020;27,615.68;27,834.85;27,341.72;27,670.47;26,900.56;2,734,579
Oct 2, 2020;27,834.85;27,999.23;26,848.58;27,560.89;26,794.02;3,555,086
Oct 1, 2020;27,506.10;27,834.85;27,506.10;27,834.85;27,060.37;1,652,599
Sep 30, 2020;27,506.10;27,615.68;27,259.53;27,396.51;26,634.22;4,563,189
Sep 29, 2020;28,163.61;28,163.61;27,506.10;27,506.10;26,740.75;3,468,487
Sep 28, 2020;27,889.65;28,108.82;27,725.27;27,999.23;27,220.17;2,395,012
Sep 25, 2020;27,780.06;27,834.85;27,396.51;27,834.85;27,060.37;3,282,204
Sep 24, 2020;27,780.06;27,944.44;27,506.10;27,670.47;26,900.56;3,190,878
Sep 23, 2020;28,108.82;28,218.40;27,834.85;27,999.23;27,220.17;3,280,854
Sep 22, 2020;27,834.85;28,108.82;27,725.27;28,108.82;27,326.71;3,048,871
Sep 21, 2020;28,108.82;28,327.99;28,054.03;28,054.03;27,273.44;2,792,780
Sep 18, 2020;27,451.30;28,163.61;27,396.51;28,054.03;27,273.44;6,089,678
Sep 17, 2020;27,560.89;27,670.47;27,341.72;27,396.51;26,634.22;2,889,069
Sep 16, 2020;27,396.51;27,834.85;27,396.51;27,670.47;26,900.56;3,500,679
Sep 15, 2020;27,122.54;27,396.51;27,012.96;27,396.51;26,634.22;3,479,874
Sep 14, 2020;26,985.56;27,122.54;26,903.37;27,012.96;26,261.34;2,057,559
Sep 11, 2020;26,848.58;26,958.17;26,766.39;26,930.77;26,181.44;1,591,734
Sep 10, 2020;27,122.54;27,286.92;26,903.37;26,958.17;26,208.07;1,835,906
Sep 9, 2020;26,656.80;27,122.54;26,629.41;26,958.17;26,208.07;2,720,818
Sep 8, 2020;26,711.60;27,122.54;26,574.62;27,122.54;26,367.88;3,217,324
Sep 7, 2020;27,369.11;27,396.51;26,574.62;26,574.62;25,835.19;8,433,499
Sep 4, 2020;27,122.54;27,396.51;27,122.54;27,396.51;26,634.22;2,807,855
Sep 3, 2020;27,615.68;27,670.47;27,341.72;27,615.68;26,847.29;4,211,206
Sep 1, 2020;27,122.54;27,670.47;27,040.36;27,341.72;26,580.95;3,379,351
Aug 31, 2020;27,341.72;27,560.89;27,040.36;27,122.54;26,367.88;3,541,763
Aug 28, 2020;27,506.10;27,999.23;27,341.72;27,341.72;26,580.95;8,092,343
Aug 27, 2020;26,437.63;27,451.30;26,437.63;27,314.32;26,554.31;6,798,290
Aug 26, 2020;26,738.99;26,766.39;26,410.23;26,519.82;25,781.92;2,670,922
Aug 25, 2020;26,629.41;26,821.18;26,602.01;26,766.39;26,021.63;7,126,216
Aug 24, 2020;26,273.25;26,629.41;26,218.46;26,547.22;25,808.56;6,461,058
Aug 21, 2020;25,889.70;26,026.68;25,862.30;25,971.89;25,249.24;2,299,944
Aug 20, 2020;25,697.93;25,999.29;25,670.53;25,780.12;25,062.80;4,424,702
Aug 19, 2020;25,697.93;25,780.12;25,560.94;25,670.53;24,956.26;1,600,913
Aug 18, 2020;25,752.72;25,834.91;25,643.13;25,670.53;24,956.26;1,141,020
Aug 17, 2020;25,697.93;25,752.72;25,478.75;25,752.72;25,036.16;1,914,146
Aug 14, 2020;26,355.44;26,410.23;25,999.29;26,191.06;25,462.31;2,981,710
Aug 13, 2020;26,136.27;26,273.25;26,026.68;26,273.25;25,542.21;3,119,191
Aug 12, 2020;25,807.51;26,026.68;25,697.93;26,026.68;25,302.50;2,250,703
Aug 11, 2020;25,999.29;25,999.29;25,752.72;25,752.72;25,036.16;2,207,741
Aug 10, 2020;25,944.49;26,191.06;25,807.51;25,862.30;25,142.70;2,117,731
Aug 7, 2020;25,643.13;26,191.06;25,643.13;25,807.51;25,089.43;2,342,795
Aug 6, 2020;25,752.72;25,889.70;25,588.34;25,643.13;24,929.63;2,105,485
Aug 5, 2020;25,478.75;25,834.91;25,341.77;25,752.72;25,036.16;3,655,189
Aug 4, 2020;25,478.75;25,643.13;25,314.38;25,506.15;24,796.46;1,918,691
Aug 3, 2020;24,382.89;25,150.00;24,382.89;25,150.00;24,450.21;3,017,171
Jul 31, 2020;24,108.93;24,766.45;24,108.93;24,382.89;23,704.46;2,018,958
Jul 30, 2020;24,437.69;24,739.05;24,437.69;24,739.05;24,050.70;1,266,619
Jul 29, 2020;24,328.10;24,602.07;23,999.34;24,410.29;23,731.09;3,312,830
Jul 28, 2020;24,328.10;25,095.20;24,191.12;25,040.41;24,343.67;3,656,504
Jul 27, 2020;24,656.86;25,150.00;23,889.76;23,944.55;23,278.30;5,975,850
Jul 24, 2020;25,971.89;26,054.08;24,876.03;25,150.00;24,450.21;5,786,392
Jul 23, 2020;25,971.89;26,163.67;25,807.51;26,163.67;25,435.68;1,713,043
Jul 22, 2020;26,300.65;26,300.65;25,917.10;25,971.89;25,249.24;1,492,688
Jul 21, 2020;26,026.68;26,273.25;25,889.70;26,191.06;25,462.31;1,715,963
Jul 20, 2020;26,355.44;26,410.23;25,944.49;25,971.89;25,249.24;3,740,766
Jul 17, 2020;26,574.62;26,574.62;26,355.44;26,355.44;25,622.12;2,396,471
Jul 16, 2020;26,602.01;26,711.60;26,519.82;26,629.41;25,888.46;1,935,517
Jul 15, 2020;26,684.20;26,821.18;26,519.82;26,629.41;25,888.46;2,767,759
Jul 14, 2020;26,465.03;26,766.39;26,465.03;26,602.01;25,861.83;4,342,777
Jul 13, 2020;26,300.65;26,821.18;26,163.67;26,656.80;25,915.10;7,362,864
Jul 10, 2020;26,355.44;26,437.63;26,026.68;26,191.06;25,462.31;9,986,781
Jul 9, 2020;26,245.86;26,519.82;26,191.06;26,492.43;25,755.29;5,655,647
Jul 8, 2020;25,917.10;26,245.86;25,917.10;26,136.27;25,409.04;2,760,561
Jul 7, 2020;25,752.72;26,245.86;25,752.72;25,999.29;25,275.87;5,073,362
Jul 6, 2020;25,478.75;25,725.32;25,369.17;25,643.13;24,929.63;3,984,005
Jul 3, 2020;25,478.75;25,478.75;25,259.58;25,341.77;24,636.65;1,235,053
Jul 2, 2020;25,369.17;25,369.17;25,177.39;25,286.98;24,583.38;983,992
Jul 1, 2020;25,204.79;25,369.17;25,095.20;25,314.38;24,610.02;16,392,582
Jun 30, 2020;25,286.98;25,423.96;24,876.03;25,013.01;24,317.04;2,909,510
Jun 29, 2020;25,533.55;25,533.55;25,122.60;25,232.19;24,530.11;2,338,288
Jun 26, 2020;25,643.13;25,834.91;25,588.34;25,670.53;24,956.26;1,100,285
Jun 25, 2020;25,560.94;25,807.51;25,533.55;25,643.13;24,929.63;1,333,762
Jun 24, 2020;26,245.86;26,273.25;25,780.12;25,862.30;25,142.70;1,107,804
Jun 23, 2020;25,725.32;26,519.82;25,615.74;26,054.08;25,329.14;3,749,089
Jun 22, 2020;25,752.72;25,752.72;25,670.53;25,752.72;25,036.16;1,704,858
Jun 19, 2020;25,533.55;25,752.72;25,533.55;25,752.72;25,036.16;2,100,418
Jun 18, 2020;25,369.17;25,588.34;25,286.98;25,533.55;24,823.09;1,501,977
Jun 17, 2020;25,588.34;25,615.74;25,341.77;25,396.56;24,689.92;2,169,306
Jun 16, 2020;25,533.55;25,643.13;25,369.17;25,533.55;24,823.09;2,121,308
Jun 15, 2020;26,300.65;26,300.65;25,150.00;25,204.79;24,503.48;2,240,247
Jun 12, 2020;24,656.86;25,752.72;24,656.86;25,752.72;25,036.16;5,795,353
Jun 11, 2020;26,738.99;26,738.99;25,204.79;25,204.79;24,503.48;8,446,439
Jun 10, 2020;26,848.58;26,848.58;26,519.82;26,738.99;25,995.00;2,436,549
Jun 9, 2020;27,177.34;27,204.73;26,793.79;26,821.18;26,074.90;2,798,583
Jun 8, 2020;26,848.58;27,396.51;26,848.58;27,040.36;26,287.97;7,692,839
Jun 5, 2020;26,519.82;26,684.20;26,382.84;26,684.20;25,941.73;3,084,894
Jun 4, 2020;26,793.79;26,793.79;26,519.82;26,519.82;25,781.92;2,421,747
Jun 3, 2020;26,300.65;26,821.18;26,245.86;26,656.80;25,915.10;3,567,879
Jun 2, 2020;26,465.03;26,574.62;26,300.65;26,300.65;25,568.85;2,784,331
Jun 1, 2020;26,300.65;26,492.43;26,300.65;26,465.03;25,728.65;2,957,473
May 29, 2020;26,300.65;26,355.44;26,026.68;26,273.25;25,542.21;2,496,776
May 28, 2020;26,410.23;26,629.41;26,300.65;26,300.65;25,568.85;2,219,751
May 27, 2020;26,793.79;27,067.75;26,300.65;26,300.65;25,568.85;3,869,961
May 26, 2020;26,574.62;26,738.99;26,492.43;26,738.99;25,995.00;2,988,645
May 25, 2020;26,574.62;26,629.41;26,191.06;26,547.22;25,808.56;3,856,329
May 22, 2020;26,848.58;26,848.58;26,547.22;26,547.22;25,808.56;3,160,473
May 21, 2020;26,793.79;27,012.96;26,766.39;27,012.96;26,261.34;3,662,983
May 20, 2020;26,848.58;26,848.58;26,602.01;26,793.79;26,048.27;2,272,879
May 19, 2020;26,958.17;27,232.13;26,629.41;26,985.56;26,234.71;5,473,377
May 18, 2020;26,026.68;26,492.43;25,971.89;26,492.43;25,755.29;3,688,332
May 15, 2020;26,465.03;26,793.79;26,163.67;26,300.65;25,568.85;4,436,493
May 14, 2020;26,821.18;26,903.37;26,574.62;26,684.20;25,941.73;6,821,605
May 13, 2020;26,026.68;27,149.94;25,971.89;27,040.36;26,287.97;12,618,046
May 12, 2020;25,728.90;25,919.48;25,538.31;25,919.48;25,198.29;5,977,799
May 11, 2020;25,728.90;25,919.48;25,395.37;25,728.90;25,013.01;4,574,201
May 8, 2020;25,538.31;26,253.00;25,538.31;25,585.96;24,874.04;7,608,847
