Date;Open;High;Low;Close    ;Adj Close ;Volume
May 7, 2025;25,350.00;25,500.00;25,350.00;25,400.00;25,400.00;11,852,630
May 6, 2025;25,750.00;26,050.00;25,450.00;25,450.00;25,450.00;21,193,200
May 5, 2025;25,650.00;25,750.00;25,350.00;25,700.00;25,700.00;12,934,050
Apr 29, 2025;25,650.00;25,700.00;25,400.00;25,500.00;25,500.00;27,916,600
Apr 28, 2025;25,700.00;25,700.00;25,350.00;25,650.00;25,650.00;13,684,060
Apr 25, 2025;25,450.00;25,700.00;25,250.00;25,700.00;25,700.00;29,534,000
Apr 24, 2025;25,700.00;25,700.00;25,200.00;25,600.00;25,600.00;21,600,060
Apr 23, 2025;25,500.00;25,700.00;25,350.00;25,550.00;25,550.00;22,434,300
Apr 22, 2025;24,800.00;25,100.00;23,400.00;25,050.00;25,050.00;47,747,000
Apr 21, 2025;25,450.00;25,450.00;24,950.00;24,950.00;24,950.00;19,076,200
Apr 18, 2025;25,650.00;25,750.00;25,450.00;25,450.00;25,450.00;21,081,700
Apr 17, 2025;25,200.00;25,600.00;24,800.00;25,500.00;25,500.00;24,691,000
Apr 16, 2025;25,900.00;26,000.00;25,050.00;25,500.00;25,500.00;26,086,500
Apr 15, 2025;25,150.00;26,150.00;25,050.00;25,850.00;25,850.00;50,746,800
Apr 14, 2025;24,800.00;25,750.00;24,750.00;25,350.00;25,350.00;55,212,280
Apr 11, 2025;24,200.00;24,300.00;23,500.00;24,300.00;24,300.00;76,877,400
Apr 10, 2025;22,750.00;22,750.00;22,750.00;22,750.00;22,750.00;3,475,609
Apr 9, 2025;21,300.00;22,300.00;21,300.00;21,300.00;21,300.00;77,553,000
Apr 8, 2025;23,500.00;24,000.00;22,900.00;22,900.00;22,900.00;36,619,400
Apr 4, 2025;23,600.00;24,850.00;23,600.00;24,600.00;24,600.00;73,385,600
Apr 3, 2025;25,800.00;26,450.00;25,350.00;25,350.00;25,350.00;81,437,800
Apr 2, 2025;27,150.00;27,400.00;27,100.00;27,250.00;27,250.00;16,872,400
Apr 1, 2025;26,800.00;27,050.00;26,750.00;27,000.00;27,000.00;14,418,600
Mar 31, 2025;27,050.00;27,100.00;26,750.00;26,750.00;26,750.00;27,439,500
Mar 28, 2025;27,450.00;27,500.00;27,100.00;27,150.00;27,150.00;17,472,400
Mar 27, 2025;27,700.00;27,700.00;27,450.00;27,500.00;27,500.00;21,572,700
Mar 26, 2025;27,200.00;27,950.00;27,150.00;27,550.00;27,550.00;44,230,000
Mar 25, 2025;27,250.00;27,400.00;27,100.00;27,200.00;27,200.00;32,161,000
Mar 24, 2025;27,150.00;27,250.00;26,900.00;27,150.00;27,150.00;19,489,800
Mar 21, 2025;27,100.00;27,250.00;27,050.00;27,150.00;27,150.00;22,219,410
Mar 20, 2025;27,300.00;27,450.00;27,050.00;27,150.00;27,150.00;25,022,510
Mar 19, 2025;27,600.00;27,600.00;27,100.00;27,250.00;27,250.00;38,755,800
Mar 18, 2025;27,900.00;28,050.00;27,600.00;27,600.00;27,600.00;18,741,790
Mar 17, 2025;27,900.00;28,150.00;27,750.00;27,850.00;27,850.00;19,739,700
Mar 14, 2025;27,700.00;27,850.00;27,550.00;27,550.00;27,550.00;19,079,900
Mar 13, 2025;27,850.00;28,050.00;27,700.00;27,700.00;27,700.00;24,829,400
Mar 12, 2025;28,200.00;28,200.00;27,800.00;27,800.00;27,800.00;20,820,600
Mar 11, 2025;27,600.00;28,150.00;27,600.00;28,150.00;28,150.00;26,088,500
Mar 10, 2025;28,100.00;28,200.00;27,950.00;27,950.00;27,950.00;23,863,520
Mar 7, 2025;28,000.00;28,100.00;27,750.00;28,050.00;28,050.00;33,131,210
Mar 6, 2025;27,600.00;27,950.00;27,600.00;27,950.00;27,950.00;37,159,600
Mar 5, 2025;27,850.00;27,900.00;27,550.00;27,550.00;27,550.00;31,445,500
Mar 4, 2025;28,050.00;28,050.00;27,650.00;27,850.00;27,850.00;27,956,300
Mar 3, 2025;28,050.00;28,250.00;28,000.00;28,050.00;28,050.00;22,228,700
Feb 28, 2025;28,400.00;28,400.00;27,950.00;28,000.00;28,000.00;25,182,600
Feb 27, 2025;27,800.00;28,450.00;27,600.00;28,450.00;28,450.00;52,685,800
Feb 26, 2025;27,600.00;27,950.00;27,550.00;27,750.00;27,750.00;32,319,600
Feb 25, 2025;27,600.00;27,700.00;27,200.00;27,500.00;27,500.00;33,168,800
Feb 24, 2025;28,300.00;28,300.00;27,550.00;27,700.00;27,700.00;74,091,110
Feb 21, 2025;26,550.00;26,600.00;26,400.00;26,450.00;26,450.00;13,143,800
Feb 20, 2025;26,550.00;26,600.00;26,500.00;26,550.00;26,550.00;11,910,410
Feb 19, 2025;26,600.00;26,600.00;26,400.00;26,500.00;26,500.00;13,863,010
Feb 18, 2025;26,350.00;26,600.00;26,300.00;26,550.00;26,550.00;25,031,110
Feb 17, 2025;26,150.00;26,250.00;26,050.00;26,150.00;26,150.00;18,769,400
Feb 14, 2025;26,100.00;26,300.00;26,000.00;26,100.00;26,100.00;18,580,680
Feb 13, 2025;25,950.00;26,000.00;25,850.00;25,900.00;25,900.00;12,700,100
Feb 12, 2025;26,200.00;26,200.00;25,850.00;25,850.00;25,850.00;16,386,310
Feb 11, 2025;25,450.00;26,100.00;25,450.00;26,100.00;26,100.00;32,437,010
Feb 10, 2025;26,500.00;26,500.00;25,400.00;25,400.00;25,400.00;61,151,520
Feb 7, 2025;26,800.00;26,800.00;26,600.00;26,650.00;26,650.00;14,287,710
Feb 6, 2025;26,800.00;26,950.00;26,750.00;26,800.00;26,800.00;13,565,000
Feb 5, 2025;26,850.00;27,000.00;26,750.00;26,800.00;26,800.00;16,028,800
Feb 4, 2025;26,500.00;27,000.00;26,450.00;26,850.00;26,850.00;18,528,200
Feb 3, 2025;26,500.00;26,600.00;26,250.00;26,400.00;26,400.00;18,136,000
Jan 24, 2025;26,650.00;26,650.00;26,450.00;26,550.00;26,550.00;10,924,320
Jan 23, 2025;26,200.00;26,750.00;26,150.00;26,650.00;26,650.00;16,188,220
Jan 22, 2025;26,400.00;26,400.00;26,150.00;26,150.00;26,150.00;11,088,020
Jan 21, 2025;26,600.00;26,600.00;26,200.00;26,300.00;26,300.00;13,008,660
Jan 20, 2025;26,500.00;26,750.00;26,450.00;26,450.00;26,450.00;10,576,250
Jan 17, 2025;26,300.00;26,500.00;26,100.00;26,500.00;26,500.00;18,046,020
Jan 16, 2025;26,300.00;26,450.00;26,050.00;26,300.00;26,300.00;11,633,720
Jan 15, 2025;26,000.00;26,250.00;25,900.00;26,200.00;26,200.00;11,851,630
Jan 14, 2025;25,950.00;26,000.00;25,800.00;25,850.00;25,850.00;7,870,725
Jan 13, 2025;25,550.00;26,050.00;25,450.00;25,900.00;25,900.00;14,206,040
Jan 10, 2025;26,000.00;26,100.00;25,550.00;25,550.00;25,550.00;14,273,630
Jan 9, 2025;26,300.00;26,300.00;25,900.00;26,000.00;26,000.00;9,718,937
Jan 8, 2025;26,050.00;26,250.00;25,950.00;26,250.00;26,250.00;12,957,630
Jan 7, 2025;26,150.00;26,400.00;26,050.00;26,050.00;26,050.00;15,263,750
Jan 6, 2025;26,600.00;26,700.00;26,050.00;26,050.00;26,050.00;15,250,530
Jan 3, 2025;26,900.00;27,000.00;26,600.00;26,600.00;26,600.00;13,540,120
Jan 2, 2025;26,700.00;27,050.00;26,700.00;27,000.00;27,000.00;20,279,240
Dec 31, 2024;26,750.00;26,750.00;26,600.00;26,650.00;26,650.00;11,113,430
Dec 30, 2024;26,800.00;26,850.00;26,650.00;26,750.00;26,750.00;15,140,790
Dec 27, 2024;27,000.00;27,000.00;26,800.00;26,850.00;26,850.00;15,379,230
Dec 26, 2024;27,150.00;27,200.00;26,850.00;27,000.00;27,000.00;10,485,030
Dec 25, 2024;26,750.00;27,150.00;26,750.00;27,150.00;27,150.00;19,634,320
Dec 24, 2024;26,900.00;26,900.00;26,600.00;26,700.00;26,700.00;14,495,420
Dec 23, 2024;26,750.00;27,050.00;26,750.00;27,000.00;27,000.00;13,408,860
Dec 20, 2024;26,850.00;26,950.00;26,700.00;26,700.00;26,700.00;13,990,930
Dec 19, 2024;27,000.00;27,150.00;26,800.00;26,850.00;26,850.00;35,259,330
Dec 18, 2024;27,000.00;27,350.00;26,950.00;27,350.00;27,350.00;16,439,090
Dec 17, 2024;27,000.00;27,100.00;26,850.00;27,000.00;27,000.00;13,820,430
Dec 16, 2024;27,200.00;27,350.00;26,850.00;27,000.00;27,000.00;19,567,780
Dec 13, 2024;27,300.00;27,400.00;27,100.00;27,200.00;27,200.00;18,575,480
Dec 12, 2024;27,750.00;27,900.00;27,350.00;27,500.00;27,500.00;21,404,340
Dec 11, 2024;27,900.00;28,150.00;27,600.00;27,750.00;27,750.00;17,571,550
Dec 10, 2024;27,700.00;28,200.00;27,600.00;27,900.00;27,900.00;34,226,320
Dec 9, 2024;27,650.00;27,900.00;27,500.00;27,650.00;27,650.00;16,348,730
Dec 6, 2024;27,850.00;27,900.00;27,500.00;27,600.00;27,600.00;25,678,300
Dec 5, 2024;26,700.00;27,850.00;26,400.00;27,850.00;27,850.00;49,146,700
Dec 4, 2024;26,850.00;26,850.00;26,650.00;26,700.00;26,700.00;12,898,500
Dec 3, 2024;26,850.00;27,000.00;26,600.00;27,000.00;27,000.00;19,844,800
Dec 2, 2024;26,950.00;27,150.00;26,750.00;26,900.00;26,900.00;20,478,400
Nov 29, 2024;26,450.00;26,750.00;26,300.00;26,750.00;26,750.00;21,016,000
Nov 28, 2024;26,450.00;26,750.00;26,300.00;26,400.00;26,400.00;16,436,000
Nov 27, 2024;26,350.00;26,450.00;26,100.00;26,300.00;26,300.00;14,661,600
Nov 26, 2024;26,300.00;26,500.00;26,200.00;26,350.00;26,350.00;14,565,700
Nov 25, 2024;26,100.00;26,300.00;26,050.00;26,300.00;26,300.00;18,869,400
Nov 22, 2024;25,900.00;26,250.00;25,850.00;26,100.00;26,100.00;18,451,400
Nov 21, 2024;25,650.00;25,950.00;25,550.00;25,850.00;25,850.00;18,112,600
Nov 20, 2024;25,400.00;26,000.00;25,250.00;25,600.00;25,600.00;23,710,500
Nov 19, 2024;25,850.00;26,000.00;25,450.00;25,450.00;25,450.00;16,292,800
Nov 18, 2024;26,000.00;26,050.00;25,500.00;25,800.00;25,800.00;22,084,400
Nov 15, 2024;26,300.00;26,350.00;25,900.00;25,900.00;25,900.00;28,054,300
Nov 14, 2024;27,050.00;27,100.00;26,300.00;26,300.00;26,300.00;26,964,300
Nov 13, 2024;27,200.00;27,400.00;26,850.00;27,050.00;27,050.00;24,632,300
Nov 12, 2024;27,750.00;27,900.00;27,300.00;27,500.00;27,500.00;23,983,200
Nov 11, 2024;27,050.00;27,700.00;26,950.00;27,700.00;27,700.00;42,528,700
Nov 8, 2024;27,200.00;27,500.00;27,000.00;27,000.00;27,000.00;24,762,900
Nov 7, 2024;27,100.00;27,300.00;26,950.00;26,950.00;26,950.00;16,181,000
Nov 6, 2024;26,650.00;27,150.00;26,550.00;26,950.00;26,950.00;22,375,500
Nov 4, 2024;26,550.00;26,550.00;26,150.00;26,300.00;26,300.00;20,123,400
Nov 1, 2024;26,800.00;26,850.00;26,450.00;26,550.00;26,550.00;13,351,400
Oct 31, 2024;27,050.00;27,050.00;26,800.00;26,900.00;26,900.00;14,550,100
Oct 29, 2024;26,800.00;27,150.00;26,700.00;27,050.00;27,050.00;16,678,100
Oct 28, 2024;26,500.00;26,950.00;26,500.00;26,750.00;26,750.00;11,933,000
Oct 25, 2024;26,600.00;26,650.00;26,450.00;26,450.00;26,450.00;11,172,600
Oct 24, 2024;26,500.00;26,700.00;26,350.00;26,450.00;26,450.00;16,224,900
Oct 23, 2024;26,650.00;26,700.00;26,350.00;26,450.00;26,450.00;14,454,700
Oct 22, 2024;26,650.00;26,850.00;26,500.00;26,650.00;26,650.00;18,335,000
Oct 21, 2024;26,950.00;27,050.00;26,700.00;26,750.00;26,750.00;13,914,500
Oct 18, 2024;27,250.00;27,300.00;26,950.00;26,950.00;26,950.00;16,643,610
Oct 17, 2024;27,150.00;27,250.00;26,750.00;27,250.00;27,250.00;20,662,030
Oct 16, 2024;27,150.00;27,300.00;27,100.00;27,100.00;27,100.00;11,933,300
Oct 15, 2024;27,400.00;27,450.00;27,150.00;27,150.00;27,150.00;20,160,920
Oct 14, 2024;27,350.00;27,450.00;27,050.00;27,050.00;27,050.00;18,323,700
Oct 11, 2024;27,350.00;27,450.00;27,000.00;27,300.00;27,300.00;19,451,860
Oct 10, 2024;27,600.00;27,700.00;27,250.00;27,250.00;27,250.00;23,887,140
Oct 9, 2024;27,150.00;27,500.00;27,050.00;27,500.00;27,500.00;45,841,740
Oct 8, 2024;26,400.00;27,100.00;26,350.00;26,950.00;26,950.00;38,318,980
Oct 7, 2024;26,400.00;26,500.00;26,200.00;26,400.00;26,400.00;15,453,400
Oct 4, 2024;26,200.00;26,500.00;26,100.00;26,200.00;26,200.00;17,575,300
Oct 3, 2024;26,450.00;26,650.00;26,100.00;26,200.00;26,200.00;29,765,520
Oct 2, 2024;26,700.00;26,700.00;26,300.00;26,300.00;26,300.00;28,434,710
Oct 1, 2024;26,800.00;27,000.00;26,650.00;26,750.00;26,750.00;38,139,200
Sep 30, 2024;26,200.00;26,600.00;26,150.00;26,350.00;26,350.00;37,965,210
Sep 27, 2024;26,150.00;26,300.00;25,900.00;26,050.00;26,050.00;31,021,600
Sep 26, 2024;26,300.00;26,450.00;26,050.00;26,050.00;26,050.00;26,321,120
Sep 25, 2024;26,100.00;26,400.00;26,050.00;26,200.00;26,200.00;41,289,210
Sep 24, 2024;25,700.00;25,850.00;25,650.00;25,850.00;25,850.00;15,408,000
Sep 23, 2024;25,800.00;26,100.00;25,700.00;25,700.00;25,700.00;18,756,600
Sep 20, 2024;25,500.00;26,050.00;25,450.00;25,650.00;25,650.00;55,737,810
Sep 19, 2024;25,300.00;25,500.00;25,200.00;25,250.00;25,250.00;13,854,310
Sep 18, 2024;25,250.00;25,350.00;25,100.00;25,100.00;25,100.00;15,748,520
Sep 17, 2024;24,900.00;25,250.00;24,800.00;25,250.00;25,250.00;13,250,400
Sep 16, 2024;25,000.00;25,250.00;24,850.00;24,850.00;24,850.00;15,983,600
Sep 13, 2024;25,150.00;25,300.00;25,000.00;25,000.00;25,000.00;12,460,210
Sep 12, 2024;25,400.00;25,550.00;25,100.00;25,100.00;25,100.00;9,035,828
Sep 11, 2024;25,150.00;25,550.00;25,050.00;25,350.00;25,350.00;14,822,730
Sep 10, 2024;25,750.00;25,850.00;25,150.00;25,150.00;25,150.00;15,019,240
Sep 9, 2024;25,400.00;26,200.00;25,300.00;25,600.00;25,600.00;33,705,800
Sep 6, 2024;25,050.00;25,400.00;24,750.00;25,400.00;25,400.00;24,006,400
Sep 5, 2024;25,350.00;25,350.00;25,000.00;25,050.00;25,050.00;23,123,540
Sep 4, 2024;25,300.00;25,450.00;25,100.00;25,250.00;25,250.00;19,117,520
Aug 30, 2024;25,700.00;25,750.00;25,500.00;25,500.00;25,500.00;18,554,700
Aug 29, 2024;25,800.00;25,950.00;25,600.00;25,600.00;25,600.00;16,482,870
Aug 28, 2024;25,850.00;25,950.00;25,650.00;25,700.00;25,700.00;18,829,310
Aug 26, 2024;26,150.00;26,400.00;25,950.00;26,000.00;26,000.00;21,739,740
Aug 23, 2024;25,750.00;26,050.00;25,400.00;26,050.00;26,050.00;23,974,350
Aug 22, 2024;26,200.00;26,250.00;25,700.00;25,750.00;25,750.00;24,750,050
Aug 21, 2024;25,850.00;26,250.00;25,800.00;26,150.00;26,150.00;25,308,610
Aug 20, 2024;26,000.00;26,200.00;25,800.00;25,800.00;25,800.00;20,447,530
Aug 19, 2024;25,800.00;26,350.00;25,700.00;25,850.00;25,850.00;24,830,540
Aug 16, 2024;25,200.00;25,700.00;25,000.00;25,600.00;25,600.00;36,501,940
Aug 15, 2024;25,450.00;25,450.00;25,200.00;25,200.00;25,200.00;17,264,450
Aug 14, 2024;25,500.00;25,700.00;25,300.00;25,450.00;25,450.00;14,953,420
Aug 13, 2024;25,900.00;25,950.00;25,200.00;25,400.00;25,400.00;27,064,600
Aug 12, 2024;26,050.00;26,100.00;25,700.00;25,850.00;25,850.00;13,266,000
Aug 9, 2024;25,900.00;26,100.00;25,700.00;26,050.00;26,050.00;13,383,200
Aug 8, 2024;25,950.00;26,100.00;25,550.00;25,600.00;25,600.00;21,887,400
Aug 7, 2024;26,450.00;26,450.00;25,950.00;26,050.00;26,050.00;16,249,700
Aug 6, 2024;26,050.00;26,450.00;25,850.00;26,300.00;26,300.00;20,427,400
Aug 5, 2024;26,800.00;26,850.00;25,800.00;25,950.00;25,950.00;46,010,000
Aug 2, 2024;26,650.00;27,300.00;26,500.00;27,250.00;27,250.00;17,642,000
Aug 1, 2024;27,500.00;27,650.00;26,600.00;26,700.00;26,700.00;31,450,400
Jul 31, 2024;27,900.00;27,900.00;27,100.00;27,200.00;27,200.00;24,578,900
Jul 30, 2024;28,000.00;28,200.00;27,900.00;27,900.00;27,900.00;15,612,800
Jul 29, 2024;27,650.00;28,100.00;27,600.00;27,900.00;27,900.00;16,736,740
Jul 26, 2024;27,350.00;27,650.00;27,350.00;27,450.00;27,450.00;8,866,900
Jul 25, 2024;27,600.00;27,650.00;27,300.00;27,350.00;27,350.00;13,419,700
Jul 24, 2024;27,750.00;27,950.00;27,100.00;27,700.00;27,700.00;19,263,100
Jul 23, 2024;28,050.00;28,200.00;27,800.00;27,800.00;27,800.00;15,840,900
Jul 22, 2024;28,100.00;28,200.00;27,750.00;28,050.00;28,050.00;20,109,400
Jul 19, 2024;28,400.00;28,400.00;28,200.00;28,200.00;28,200.00;15,130,270
Jul 18, 2024;28,200.00;28,450.00;28,050.00;28,400.00;28,400.00;20,987,440
Jul 17, 2024;28,550.00;28,600.00;27,600.00;28,200.00;28,200.00;26,071,110
Jul 16, 2024;28,500.00;28,650.00;28,400.00;28,450.00;28,450.00;12,840,620
Jul 15, 2024;28,550.00;28,750.00;28,200.00;28,450.00;28,450.00;16,511,700
Jul 12, 2024;28,900.00;28,950.00;28,450.00;28,500.00;28,500.00;18,403,520
Jul 11, 2024;29,150.00;29,250.00;28,850.00;28,850.00;28,850.00;14,788,170
Jul 10, 2024;29,100.00;29,500.00;28,950.00;28,950.00;28,950.00;31,339,660
Jul 9, 2024;28,800.00;29,200.00;28,750.00;29,000.00;29,000.00;22,824,390
Jul 8, 2024;28,700.00;29,050.00;28,650.00;28,800.00;28,800.00;19,549,360
Jul 5, 2024;28,700.00;28,950.00;28,600.00;28,650.00;28,650.00;15,620,620
Jul 4, 2024;28,850.00;29,050.00;28,600.00;28,700.00;28,700.00;9,373,180
Jul 3, 2024;29,000.00;29,100.00;28,700.00;28,750.00;28,750.00;19,520,980
Jul 2, 2024;28,350.00;28,850.00;28,250.00;28,700.00;28,700.00;21,378,620
Jul 1, 2024;28,300.00;28,500.00;28,050.00;28,350.00;28,350.00;13,725,530
Jun 28, 2024;28,750.00;28,900.00;28,300.00;28,300.00;28,300.00;23,362,340
Jun 27, 2024;29,000.00;29,050.00;28,700.00;28,850.00;28,850.00;10,080,690
Jun 26, 2024;28,750.00;29,200.00;28,600.00;28,900.00;28,900.00;20,279,160
Jun 25, 2024;28,600.00;29,050.00;28,500.00;28,700.00;28,700.00;17,801,130
Jun 24, 2024;29,000.00;29,100.00;28,250.00;28,700.00;28,700.00;38,366,660
Jun 21, 2024;29,350.00;29,350.00;29,000.00;29,050.00;29,050.00;15,503,490
Jun 20, 2024;29,250.00;29,400.00;28,950.00;29,350.00;29,350.00;27,913,360
Jun 19, 2024;29,500.00;29,550.00;29,250.00;29,350.00;29,350.00;19,834,500
Jun 18, 2024;29,500.00;29,700.00;29,400.00;29,400.00;29,400.00;20,193,100
Jun 17, 2024;29,100.00;29,950.00;29,000.00;29,450.00;29,450.00;34,436,100
Jun 14, 2024;29,500.00;29,950.00;29,100.00;29,100.00;29,100.00;43,190,000
Jun 13, 2024;29,650.00;29,700.00;29,300.00;29,500.00;29,500.00;22,548,700
Jun 12, 2024;29,000.00;29,600.00;29,000.00;29,600.00;29,600.00;24,900,300
Jun 11, 2024;29,400.00;29,650.00;29,050.00;29,100.00;29,100.00;28,979,570
Jun 10, 2024;29,400.00;29,450.00;29,150.00;29,300.00;29,300.00;20,655,000
Jun 7, 2024;29,350.00;29,400.00;29,100.00;29,300.00;29,300.00;16,383,050
Jun 6, 2024;29,250.00;29,650.00;28,900.00;29,300.00;29,300.00;27,536,770
Jun 5, 2024;29,300.00;29,500.00;29,100.00;29,250.00;29,250.00;19,195,950
Jun 4, 2024;29,000.00;29,800.00;29,000.00;29,300.00;29,300.00;44,847,350
Jun 3, 2024;28,800.00;29,100.00;28,800.00;29,000.00;29,000.00;20,654,610
May 31, 2024;28,400.00;28,800.00;28,050.00;28,600.00;28,600.00;17,796,990
May 30, 2024;28,500.00;28,550.00;28,000.00;28,250.00;28,250.00;27,449,780
May 29, 2024;29,100.00;29,250.00;28,600.00;28,600.00;28,600.00;24,119,540
May 28, 2024;29,000.00;29,200.00;28,800.00;29,150.00;29,150.00;17,736,770
May 27, 2024;28,900.00;29,300.00;28,650.00;28,900.00;28,900.00;17,344,230
May 24, 2024;29,300.00;29,500.00;28,500.00;28,900.00;28,900.00;30,353,770
May 23, 2024;1.1:1 Stock Splits;;;;;
May 23, 2024;28,850.00;29,500.00;28,600.00;29,500.00;29,500.00;39,455,290
May 22, 2024;28,954.54;29,045.46;28,318.18;28,454.54;28,454.54;44,559,591
May 21, 2024;29,090.91;29,090.91;28,590.91;28,954.54;28,954.54;22,972,003
May 20, 2024;28,772.73;29,227.27;28,727.27;29,090.91;29,090.91;51,476,809
May 17, 2024;28,727.27;28,727.27;28,318.18;28,727.27;28,727.27;32,055,077
May 16, 2024;28,727.27;28,954.54;28,590.91;28,727.27;28,727.27;30,476,511
May 15, 2024;27,500.00;28,500.00;27,500.00;28,363.64;28,363.64;50,198,862
May 14, 2024;27,636.36;27,909.09;27,363.64;27,454.54;27,454.54;17,901,487
May 13, 2024;27,772.73;27,863.64;27,363.64;27,454.54;27,454.54;14,488,748
May 10, 2024;27,818.18;27,863.64;27,227.27;27,681.82;27,681.82;21,078,122
May 9, 2024;28,090.91;28,090.91;27,318.18;27,681.82;27,681.82;21,386,980
May 8, 2024;27,409.09;28,181.82;27,045.46;27,909.09;27,909.09;38,247,549
May 7, 2024;26,727.27;27,454.54;26,590.91;27,409.09;27,409.09;34,539,119
May 6, 2024;26,227.27;26,681.82;26,181.82;26,636.36;26,636.36;32,559,889
May 3, 2024;25,772.73;26,454.54;25,772.73;26,045.46;26,045.46;18,430,279
May 2, 2024;25,818.18;25,818.18;25,500.00;25,772.73;25,772.73;8,209,409
Apr 26, 2024;25,727.27;25,954.54;25,500.00;25,818.18;25,818.18;20,800,999
Apr 25, 2024;26,090.91;26,090.91;25,727.27;25,954.54;25,954.54;12,566,839
Apr 24, 2024;25,363.64;26,318.18;25,227.27;26,181.82;26,181.82;25,775,199
Apr 23, 2024;25,454.54;25,500.00;24,954.54;25,090.91;25,090.91;20,402,689
Apr 22, 2024;25,636.36;25,636.36;25,318.18;25,454.54;25,454.54;13,651,989
Apr 19, 2024;25,272.73;25,772.73;25,000.00;25,272.73;25,272.73;28,959,149
Apr 17, 2024;25,909.09;25,954.54;25,363.64;25,454.54;25,454.54;17,891,829
Apr 16, 2024;25,909.09;25,954.54;25,318.18;25,772.73;25,772.73;36,972,286
Apr 15, 2024;27,136.36;27,227.27;25,545.46;25,909.09;25,909.09;34,240,029
Apr 12, 2024;27,272.73;27,363.64;27,136.36;27,227.27;27,227.27;15,407,589
Apr 11, 2024;26,772.73;27,409.09;26,772.73;27,181.82;27,181.82;21,423,819
Apr 10, 2024;27,227.27;27,363.64;26,954.54;26,954.54;26,954.54;12,247,839
Apr 9, 2024;26,909.09;27,181.82;26,863.64;27,181.82;27,181.82;11,261,799
Apr 8, 2024;26,772.73;27,090.91;26,636.36;26,909.09;26,909.09;18,467,679
Apr 5, 2024;26,772.73;27,045.46;26,590.91;26,772.73;26,772.73;26,508,679
Apr 4, 2024;27,227.27;27,318.18;26,863.64;26,909.09;26,909.09;30,505,529
Apr 3, 2024;27,590.91;27,681.82;27,227.27;27,227.27;27,227.27;23,803,779
Apr 2, 2024;27,181.82;27,636.36;27,090.91;27,636.36;27,636.36;31,313,809
Apr 1, 2024;27,454.54;27,590.91;27,227.27;27,363.64;27,363.64;23,561,339
Mar 29, 2024;27,818.18;27,818.18;27,500.00;27,500.00;27,500.00;19,538,419
Mar 28, 2024;28,045.46;28,045.46;27,681.82;27,772.73;27,772.73;22,160,269
Mar 27, 2024;28,090.91;28,272.73;27,818.18;27,818.18;27,818.18;28,438,189
Mar 26, 2024;27,454.54;27,772.73;27,363.64;27,772.73;27,772.73;13,393,269
Mar 25, 2024;27,772.73;28,136.36;27,318.18;27,454.54;27,454.54;25,168,659
Mar 22, 2024;27,590.91;27,909.09;27,454.54;27,772.73;27,772.73;41,471,429
Mar 21, 2024;27,590.91;27,772.73;27,363.64;27,500.00;27,500.00;23,064,139
Mar 20, 2024;27,136.36;27,363.64;27,045.46;27,272.73;27,272.73;14,713,269
Mar 19, 2024;26,818.18;27,818.18;26,727.27;27,090.91;27,090.91;29,827,599
Mar 18, 2024;27,409.09;27,454.54;26,363.64;26,909.09;26,909.09;55,227,479
Mar 15, 2024;27,590.91;27,909.09;27,272.73;27,363.64;27,363.64;39,406,069
Mar 14, 2024;28,090.91;28,090.91;27,500.00;27,590.91;27,590.91;34,532,189
Mar 13, 2024;27,454.54;28,045.46;27,363.64;28,000.00;28,000.00;32,776,699
Mar 12, 2024;27,136.36;27,636.36;27,090.91;27,454.54;27,454.54;33,759,439
Mar 11, 2024;27,545.46;27,818.18;27,090.91;27,181.82;27,181.82;34,045,109
Mar 8, 2024;28,181.82;28,227.27;27,500.00;27,545.46;27,545.46;54,490,919
Mar 7, 2024;27,909.09;28,500.00;27,818.18;28,181.82;28,181.82;36,735,632
Mar 6, 2024;28,272.73;28,318.18;27,727.27;28,000.00;28,000.00;30,865,339
Mar 5, 2024;28,000.00;28,454.54;27,909.09;28,318.18;28,318.18;33,240,899
Mar 4, 2024;28,181.82;28,545.46;27,909.09;28,000.00;28,000.00;31,865,976
Mar 1, 2024;28,363.64;28,363.64;27,863.64;28,045.46;28,045.46;30,182,569
Feb 29, 2024;27,954.54;28,318.18;27,727.27;28,181.82;28,181.82;37,483,049
Feb 28, 2024;27,636.36;28,136.36;27,409.09;27,818.18;27,818.18;40,699,999
Feb 27, 2024;26,272.73;27,681.82;26,181.82;27,590.91;27,590.91;96,317,209
Feb 26, 2024;25,818.18;26,181.82;25,727.27;26,181.82;26,181.82;22,414,369
Feb 23, 2024;25,954.54;26,227.27;25,818.18;25,818.18;25,818.18;31,392,679
Feb 22, 2024;26,090.91;26,181.82;25,954.54;25,954.54;25,954.54;24,869,129
Feb 21, 2024;26,454.54;26,500.00;26,090.91;26,181.82;26,181.82;36,121,359
Feb 20, 2024;26,545.46;26,681.82;26,409.09;26,545.46;26,545.46;23,913,669
Feb 19, 2024;26,045.46;26,727.27;25,863.64;26,545.46;26,545.46;51,906,733
Feb 16, 2024;26,136.36;26,181.82;26,000.00;26,000.00;26,000.00;19,324,579
Feb 15, 2024;25,727.27;26,272.73;25,681.82;26,090.91;26,090.91;41,238,779
Feb 7, 2024;25,500.00;25,727.27;25,500.00;25,590.91;25,590.91;15,189,129
Feb 6, 2024;25,590.91;25,681.82;25,454.54;25,500.00;25,500.00;16,847,049
Feb 5, 2024;25,363.64;25,727.27;25,363.64;25,454.54;25,454.54;17,898,319
Feb 2, 2024;25,181.82;25,545.46;25,181.82;25,363.64;25,363.64;16,601,419
Feb 1, 2024;25,227.27;25,545.46;25,181.82;25,318.18;25,318.18;11,699,709
Jan 31, 2024;25,409.09;25,545.46;25,227.27;25,227.27;25,227.27;27,826,589
Jan 30, 2024;25,454.54;25,545.46;25,318.18;25,454.54;25,454.54;19,383,319
Jan 29, 2024;25,772.73;25,818.18;25,454.54;25,454.54;25,454.54;24,044,899
Jan 26, 2024;25,818.18;25,909.09;25,681.82;25,772.73;25,772.73;23,804,329
Jan 25, 2024;25,681.82;25,818.18;25,454.54;25,681.82;25,681.82;17,299,699
Jan 24, 2024;25,727.27;25,909.09;25,681.82;25,681.82;25,681.82;18,060,789
Jan 23, 2024;25,863.64;25,909.09;25,681.82;25,772.73;25,772.73;27,850,129
Jan 22, 2024;25,454.54;26,045.46;25,318.18;25,727.27;25,727.27;73,448,429
Jan 19, 2024;25,227.27;25,363.64;25,090.91;25,272.73;25,272.73;16,507,589
Jan 18, 2024;25,181.82;25,318.18;25,090.91;25,136.36;25,136.36;14,337,399
Jan 17, 2024;25,318.18;25,409.09;25,136.36;25,136.36;25,136.36;25,955,819
Jan 16, 2024;24,636.36;25,272.73;24,590.91;25,272.73;25,272.73;22,843,919
Jan 15, 2024;24,727.27;24,954.54;24,636.36;24,636.36;24,636.36;13,882,164
Jan 12, 2024;24,863.64;24,954.54;24,590.91;24,681.82;24,681.82;31,725,649
Jan 11, 2024;24,954.54;25,136.36;24,909.09;25,000.00;25,000.00;16,873,889
Jan 10, 2024;25,181.82;25,227.27;24,772.73;24,863.64;24,863.64;35,966,149
Jan 9, 2024;25,363.64;25,409.09;25,000.00;25,181.82;25,181.82;32,824,989
Jan 8, 2024;25,409.09;25,681.82;25,318.18;25,318.18;25,318.18;36,205,839
Jan 5, 2024;25,227.27;25,363.64;25,045.46;25,272.73;25,272.73;19,126,139
Jan 4, 2024;25,272.73;25,545.46;25,181.82;25,227.27;25,227.27;43,551,969
Jan 3, 2024;24,909.09;25,272.73;24,909.09;25,272.73;25,272.73;20,431,839
Jan 2, 2024;25,545.46;25,590.91;24,954.54;24,954.54;24,954.54;24,405,919
Dec 29, 2023;25,409.09;25,545.46;25,272.73;25,409.09;25,409.09;24,942,510
Dec 28, 2023;25,227.27;25,636.36;25,136.36;25,409.09;25,409.09;35,756,819
Dec 27, 2023;25,318.18;25,454.54;25,227.27;25,227.27;25,227.27;23,074,589
Dec 26, 2023;24,909.09;25,363.64;24,909.09;25,272.73;25,272.73;37,227,189
Dec 25, 2023;24,681.82;25,090.91;24,681.82;24,954.54;24,954.54;24,415,049
Dec 22, 2023;24,727.27;24,863.64;24,590.91;24,590.91;24,590.91;19,278,709
Dec 21, 2023;24,636.36;24,818.18;24,500.00;24,727.27;24,727.27;16,722,639
Dec 20, 2023;24,727.27;24,863.64;24,636.36;24,727.27;24,727.27;19,786,359
Dec 19, 2023;24,181.82;24,727.27;24,136.36;24,727.27;24,727.27;23,483,019
Dec 18, 2023;24,454.54;24,545.46;24,181.82;24,181.82;24,181.82;17,003,579
Dec 15, 2023;24,636.36;24,727.27;24,318.18;24,363.64;24,363.64;39,794,699
Dec 14, 2023;25,045.46;25,045.46;24,590.91;24,590.91;24,590.91;35,564,649
Dec 13, 2023;25,545.46;25,636.36;24,818.18;24,863.64;24,863.64;36,913,469
Dec 12, 2023;25,000.00;25,636.36;25,000.00;25,409.09;25,409.09;35,454,759
Dec 11, 2023;25,181.82;25,272.73;24,818.18;25,000.00;25,000.00;19,789,439
Dec 8, 2023;25,272.73;25,681.82;25,000.00;25,181.82;25,181.82;58,062,069
Dec 7, 2023;25,136.36;25,363.64;24,500.00;25,090.91;25,090.91;55,303,489
Dec 6, 2023;24,772.73;25,090.91;24,727.27;25,090.91;25,090.91;20,512,909
Dec 5, 2023;25,000.00;25,045.46;24,681.82;24,772.73;24,772.73;24,921,709
Dec 4, 2023;24,727.27;25,227.27;24,590.91;25,000.00;25,000.00;46,619,979
Dec 1, 2023;24,363.64;24,636.36;24,045.46;24,454.54;24,454.54;19,231,629
Nov 30, 2023;24,636.36;24,727.27;24,136.36;24,136.36;24,136.36;23,519,209
Nov 29, 2023;24,272.73;24,636.36;24,227.27;24,545.46;24,545.46;25,413,299
Nov 28, 2023;24,000.00;24,272.73;23,681.82;24,272.73;24,272.73;22,591,029
Nov 27, 2023;24,090.91;24,318.18;23,818.18;23,909.09;23,909.09;18,397,059
Nov 24, 2023;23,636.36;24,000.00;23,227.27;24,000.00;24,000.00;28,851,349
Nov 23, 2023;24,818.18;24,863.64;23,500.00;23,500.00;23,500.00;23,984,949
Nov 22, 2023;24,545.46;24,727.27;24,454.54;24,727.27;24,727.27;19,740,049
Nov 21, 2023;24,545.46;25,000.00;24,500.00;24,590.91;24,590.91;29,449,969
Nov 20, 2023;23,727.27;24,454.54;23,727.27;24,227.27;24,227.27;20,074,999
Nov 17, 2023;24,727.27;24,909.09;23,909.09;24,090.91;24,090.91;47,705,789
Nov 16, 2023;24,409.09;24,727.27;24,363.64;24,727.27;24,727.27;17,964,099
Nov 15, 2023;25,045.46;25,272.73;24,545.46;24,545.46;24,545.46;38,272,299
Nov 14, 2023;24,909.09;25,000.00;24,272.73;24,545.46;24,545.46;26,586,999
Nov 13, 2023;24,090.91;25,090.91;24,090.91;24,727.27;24,727.27;48,452,029
Nov 10, 2023;24,000.00;24,636.36;23,954.54;24,090.91;24,090.91;31,985,909
Nov 9, 2023;24,500.00;24,909.09;24,181.82;24,272.73;24,272.73;34,497,759
Nov 8, 2023;23,454.54;24,500.00;23,272.73;24,500.00;24,500.00;39,070,569
Nov 7, 2023;23,454.54;23,818.18;23,136.36;23,454.54;23,454.54;21,869,869
Nov 6, 2023;23,045.46;23,545.46;22,909.09;23,409.09;23,409.09;51,777,549
Nov 3, 2023;23,090.91;23,181.82;22,500.00;22,818.18;22,818.18;22,548,129
Nov 2, 2023;22,000.00;23,272.73;21,909.09;22,954.54;22,954.54;30,328,979
Nov 1, 2023;20,909.09;21,772.73;20,863.64;21,772.73;21,772.73;39,115,779
Oct 31, 2023;21,363.64;21,363.64;20,818.18;20,909.09;20,909.09;23,069,199
Oct 30, 2023;21,227.27;21,590.91;20,909.09;20,909.09;20,909.09;17,823,849
Oct 27, 2023;21,136.36;21,363.64;20,772.73;21,227.27;21,227.27;23,926,319
Oct 26, 2023;21,636.36;21,681.82;20,545.46;20,727.27;20,727.27;34,221,659
Oct 25, 2023;21,863.64;22,363.64;21,863.64;21,863.64;21,863.64;13,268,309
Oct 24, 2023;21,863.64;22,181.82;21,500.00;21,818.18;21,818.18;10,904,409
Oct 23, 2023;22,136.36;22,136.36;21,545.46;21,818.18;21,818.18;13,176,569
Oct 20, 2023;21,545.46;22,136.36;21,227.27;22,136.36;22,136.36;18,233,709
Oct 19, 2023;21,909.09;22,000.00;21,318.18;21,545.46;21,545.46;23,027,509
Oct 18, 2023;22,545.46;22,681.82;21,090.91;21,818.18;21,818.18;34,671,009
Oct 17, 2023;22,909.09;23,136.36;22,545.46;22,545.46;22,545.46;16,853,649
Oct 16, 2023;23,409.09;23,454.54;22,727.27;22,727.27;22,727.27;17,891,499
Oct 13, 2023;23,272.73;23,409.09;22,772.73;23,409.09;23,409.09;22,492,799
Oct 12, 2023;23,909.09;23,909.09;23,272.73;23,454.54;23,454.54;25,418,029
Oct 11, 2023;23,772.73;23,863.64;23,454.54;23,818.18;23,818.18;15,166,689
Oct 10, 2023;23,363.64;23,863.64;23,272.73;23,636.36;23,636.36;22,160,269
Oct 9, 2023;22,681.82;23,272.73;22,681.82;23,181.82;23,181.82;12,801,634
Oct 6, 2023;22,590.91;23,000.00;22,409.09;22,681.82;22,681.82;22,934,999
Oct 5, 2023;23,090.91;23,181.82;22,590.91;22,636.36;22,636.36;11,576,564
Oct 4, 2023;22,272.73;23,181.82;21,818.18;22,954.54;22,954.54;23,259,719
Oct 3, 2023;23,727.27;23,727.27;22,454.54;22,545.46;22,545.46;44,734,799
Oct 2, 2023;23,909.09;24,045.46;23,636.36;23,818.18;23,818.18;13,068,054
Sep 29, 2023;24,363.64;24,409.09;23,863.64;23,909.09;23,909.09;17,866,309
Sep 28, 2023;24,181.82;24,409.09;23,818.18;24,181.82;24,181.82;19,208,859
Sep 27, 2023;23,772.73;24,272.73;23,772.73;24,090.91;24,090.91;24,515,809
Sep 26, 2023;23,500.00;24,363.64;23,500.00;23,818.18;23,818.18;34,136,959
Sep 25, 2023;24,545.46;25,000.00;23,363.64;23,636.36;23,636.36;40,560,629
Sep 22, 2023;25,227.27;25,409.09;24,318.18;24,818.18;24,818.18;56,513,049
Sep 21, 2023;25,818.18;26,454.54;25,590.91;25,818.18;25,818.18;47,257,319
Sep 20, 2023;25,590.91;25,954.54;25,500.00;25,818.18;25,818.18;29,548,969
Sep 19, 2023;25,454.54;25,590.91;25,000.00;25,590.91;25,590.91;24,236,189
Sep 18, 2023;25,090.91;25,545.46;24,727.27;25,090.91;25,090.91;23,365,319
Sep 15, 2023;25,363.64;25,545.46;25,090.91;25,090.91;25,090.91;28,325,659
Sep 14, 2023;25,818.18;25,954.54;25,227.27;25,272.73;25,272.73;39,740,139
Sep 13, 2023;26,181.82;26,727.27;25,681.82;25,818.18;25,818.18;54,189,739
Sep 12, 2023;25,454.54;26,136.36;25,181.82;26,136.36;26,136.36;25,075,071
Sep 11, 2023;26,363.64;26,409.09;25,227.27;25,454.54;25,454.54;52,467,359
Sep 8, 2023;25,909.09;26,500.00;25,818.18;26,136.36;26,136.36;39,540,027
Sep 7, 2023;26,363.64;26,636.36;25,909.09;26,045.46;26,045.46;37,392,090
Sep 6, 2023;25,227.27;26,363.64;24,909.09;26,363.64;26,363.64;58,283,059
Sep 5, 2023;25,272.73;25,409.09;24,772.73;25,272.73;25,272.73;27,062,870
Aug 31, 2023;24,909.09;25,363.64;24,818.18;25,090.91;25,090.91;28,527,069
Aug 30, 2023;24,545.46;24,772.73;24,318.18;24,727.27;24,727.27;22,483,449
Aug 29, 2023;24,454.54;24,681.82;24,272.73;24,545.46;24,545.46;19,800,659
Aug 28, 2023;23,636.36;24,409.09;23,636.36;24,409.09;24,409.09;25,426,829
Aug 25, 2023;23,818.18;24,000.00;23,590.91;23,590.91;23,590.91;24,066,580
Aug 24, 2023;23,318.18;23,909.09;23,272.73;23,909.09;23,909.09;18,300,600
Aug 23, 2023;23,954.54;24,045.46;23,318.18;23,318.18;23,318.18;24,038,662
Aug 22, 2023;23,818.18;23,954.54;22,818.18;23,772.73;23,772.73;41,297,090
Aug 21, 2023;24,045.46;24,136.36;23,545.46;23,818.18;23,818.18;34,629,506
Aug 18, 2023;25,363.64;25,454.54;23,818.18;24,090.91;24,090.91;51,037,150
Aug 17, 2023;25,454.54;26,090.91;25,454.54;25,545.46;25,545.46;51,987,946
Aug 16, 2023;25,409.09;25,454.54;25,136.36;25,409.09;25,409.09;16,494,092
Aug 15, 2023;25,590.91;25,681.82;25,318.18;25,409.09;25,409.09;20,131,803
Aug 14, 2023;25,272.73;25,772.73;25,136.36;25,590.91;25,590.91;49,693,115
Aug 11, 2023;24,909.09;25,227.27;24,681.82;25,181.82;25,181.82;25,934,820
Aug 10, 2023;25,363.64;25,363.64;24,818.18;24,863.64;24,863.64;18,771,312
Aug 9, 2023;24,727.27;25,318.18;24,590.91;25,272.73;25,272.73;47,039,244
Aug 8, 2023;25,090.91;25,363.64;24,681.82;24,727.27;24,727.27;28,554,371
Aug 7, 2023;25,045.46;25,227.27;24,818.18;25,045.46;25,045.46;26,147,010
Aug 4, 2023;24,363.64;25,000.00;24,363.64;24,863.64;24,863.64;24,387,890
Aug 3, 2023;24,863.64;25,000.00;24,090.91;24,409.09;24,409.09;64,195,691
Aug 2, 2023;24,909.09;25,318.18;24,772.73;25,000.00;25,000.00;20,376,542
Aug 1, 2023;25,545.46;25,545.46;25,000.00;25,000.00;25,000.00;30,979,871
Jul 31, 2023;25,636.36;25,681.82;24,863.64;25,636.36;25,636.36;51,204,493
Jul 28, 2023;25,818.18;26,000.00;25,590.91;25,727.27;25,727.27;25,343,229
Jul 27, 2023;25,818.18;26,090.91;25,545.46;25,818.18;25,818.18;23,447,566
Jul 26, 2023;25,681.82;25,863.64;25,590.91;25,818.18;25,818.18;25,386,525
Jul 25, 2023;25,681.82;25,772.73;25,454.54;25,681.82;25,681.82;22,247,796
Jul 24, 2023;25,863.64;26,000.00;25,454.54;25,681.82;25,681.82;19,171,811
Jul 21, 2023;25,772.73;25,818.18;25,545.46;25,818.18;25,818.18;20,301,566
Jul 20, 2023;24,818.18;25,636.36;24,818.18;25,636.36;25,636.36;34,204,862
Jul 19, 2023;24,636.36;25,181.82;24,590.91;24,909.09;24,909.09;16,916,129
Jul 18, 2023;24,818.18;24,863.64;24,590.91;24,727.27;24,727.27;13,741,749
Jul 17, 2023;25,181.82;25,227.27;24,727.27;24,818.18;24,818.18;13,853,289
Jul 14, 2023;24,681.82;25,000.00;24,590.91;25,000.00;25,000.00;18,786,239
Jul 13, 2023;25,000.00;25,000.00;24,454.54;24,590.91;24,590.91;15,633,969
Jul 12, 2023;24,818.18;24,954.54;24,227.27;24,545.46;24,545.46;30,534,019
Jul 11, 2023;25,272.73;25,500.00;24,772.73;24,818.18;24,818.18;26,641,999
Jul 10, 2023;24,954.54;25,409.09;24,863.64;25,181.82;25,181.82;26,694,469
Jul 7, 2023;24,454.54;24,954.54;24,090.91;24,954.54;24,954.54;27,752,119
Jul 6, 2023;24,454.54;24,681.82;24,090.91;24,545.46;24,545.46;30,933,429
Jul 5, 2023;24,000.00;24,727.27;23,863.64;24,500.00;24,500.00;36,886,519
Jul 4, 2023;23,772.73;23,863.64;23,545.46;23,863.64;23,863.64;23,901,019
Jul 3, 2023;23,818.18;24,045.46;23,545.46;23,818.18;23,818.18;19,059,809
Jun 30, 2023;23,363.64;23,818.18;23,318.18;23,772.73;23,772.73;36,265,459
Jun 29, 2023;24,227.27;24,272.73;23,454.54;23,454.54;23,454.54;43,419,969
Jun 28, 2023;23,636.36;24,272.73;23,545.46;24,181.82;24,181.82;35,715,789
Jun 27, 2023;23,045.46;23,454.54;22,818.18;23,454.54;23,454.54;22,052,909
Jun 26, 2023;23,090.91;23,181.82;22,454.54;22,909.09;22,909.09;22,439,119
Jun 23, 2023;22,590.91;23,227.27;22,500.00;23,090.91;23,090.91;32,603,163
Jun 22, 2023;22,454.54;22,681.82;22,136.36;22,590.91;22,590.91;25,339,929
Jun 21, 2023;21,545.46;22,409.09;21,363.64;22,363.64;22,363.64;41,790,759
Jun 20, 2023;21,227.27;21,500.00;21,181.82;21,500.00;21,500.00;16,069,129
Jun 19, 2023;21,318.18;21,363.64;21,181.82;21,227.27;21,227.27;14,696,989
Jun 16, 2023;21,136.36;21,636.36;21,045.46;21,318.18;21,318.18;36,380,849
Jun 15, 2023;20,909.09;21,136.36;20,909.09;21,045.46;21,045.46;19,453,939
Jun 14, 2023;21,318.18;21,318.18;21,000.00;21,000.00;21,000.00;28,243,379
Jun 13, 2023;20,909.09;21,318.18;20,818.18;21,272.73;21,272.73;40,864,339
Jun 12, 2023;21,000.00;21,045.46;20,454.54;20,863.64;20,863.64;24,441,119
Jun 9, 2023;20,727.27;20,818.18;20,454.54;20,818.18;20,818.18;26,680,829
Jun 8, 2023;20,636.36;21,045.46;20,636.36;20,727.27;20,727.27;47,007,289
Jun 7, 2023;20,000.00;20,727.27;20,000.00;20,545.46;20,545.46;61,066,059
Jun 6, 2023;19,727.27;19,863.64;19,590.91;19,772.73;19,772.73;12,979,889
Jun 5, 2023;19,818.18;20,045.46;19,636.36;19,681.82;19,681.82;22,103,729
Jun 2, 2023;19,545.46;19,818.18;19,500.00;19,636.36;19,636.36;20,918,149
Jun 1, 2023;19,227.27;19,454.54;19,136.36;19,454.54;19,454.54;11,919,819
May 31, 2023;19,454.54;19,500.00;19,227.27;19,272.73;19,272.73;14,922,269
May 30, 2023;19,545.46;19,636.36;19,318.18;19,409.09;19,409.09;14,803,689
May 29, 2023;19,363.64;19,500.00;19,272.73;19,500.00;19,500.00;12,200,979
May 26, 2023;19,363.64;19,454.54;18,954.54;19,181.82;19,181.82;17,697,019
May 25, 2023;19,363.64;19,500.00;19,272.73;19,272.73;19,272.73;14,884,649
May 24, 2023;19,909.09;19,909.09;19,363.64;19,363.64;19,363.64;22,352,109
May 23, 2023;19,954.54;20,045.46;19,636.36;19,727.27;19,727.27;15,282,409
May 22, 2023;19,818.18;20,090.91;19,772.73;19,909.09;19,909.09;16,409,139
May 19, 2023;20,000.00;20,090.91;19,681.82;19,818.18;19,818.18;14,260,872
May 18, 2023;19,909.09;20,181.82;19,818.18;19,954.54;19,954.54;20,504,769
May 17, 2023;20,000.00;20,090.91;19,772.73;19,818.18;19,818.18;32,000,209
May 16, 2023;20,090.91;20,272.73;19,909.09;20,000.00;20,000.00;20,355,279
May 15, 2023;20,409.09;20,545.46;20,090.91;20,090.91;20,090.91;19,660,409
May 12, 2023;19,772.73;20,454.54;19,636.36;20,318.18;20,318.18;49,720,329
May 11, 2023;19,818.18;19,954.54;19,636.36;19,772.73;19,772.73;15,114,109
May 10, 2023;19,818.18;19,909.09;19,681.82;19,727.27;19,727.27;9,717,408
May 9, 2023;19,636.36;20,136.36;19,636.36;19,818.18;19,818.18;24,655,179
May 8, 2023;19,590.91;19,772.73;19,500.00;19,636.36;19,636.36;12,593,459
May 5, 2023;19,363.64;19,727.27;19,272.73;19,500.00;19,500.00;14,108,929
May 4, 2023;19,500.00;19,636.36;19,272.73;19,363.64;19,363.64;18,306,639
Apr 28, 2023;19,727.27;19,818.18;19,454.54;19,681.82;19,681.82;18,360,759
Apr 27, 2023;20,000.00;20,000.00;19,636.36;19,727.27;19,727.27;21,121,429
Apr 26, 2023;19,136.36;20,000.00;19,000.00;20,000.00;20,000.00;47,673,614
Apr 25, 2023;18,909.09;19,318.18;18,818.18;19,136.36;19,136.36;23,139,819
Apr 24, 2023;18,818.18;18,909.09;18,681.82;18,772.73;18,772.73;17,996,549
Apr 21, 2023;18,909.09;18,954.54;18,818.18;18,818.18;18,818.18;14,757,214
Apr 20, 2023;18,909.09;19,000.00;18,863.64;18,909.09;18,909.09;7,305,869
Apr 19, 2023;19,136.36;19,136.36;18,909.09;18,909.09;18,909.09;11,527,009
Apr 18, 2023;19,000.00;19,090.91;18,909.09;19,045.46;19,045.46;12,728,869
Apr 17, 2023;18,727.27;19,000.00;18,727.27;18,954.54;18,954.54;10,203,049
Apr 14, 2023;18,681.82;18,954.54;18,636.36;18,772.73;18,772.73;15,188,689
Apr 13, 2023;18,909.09;18,909.09;18,500.00;18,590.91;18,590.91;16,584,809
Apr 12, 2023;19,000.00;19,000.00;18,772.73;18,863.64;18,863.64;11,867,019
Apr 11, 2023;18,818.18;18,954.54;18,727.27;18,909.09;18,909.09;16,132,830
Apr 10, 2023;19,318.18;19,409.09;18,727.27;18,818.18;18,818.18;29,530,269
Apr 7, 2023;19,545.46;19,636.36;19,181.82;19,272.73;19,272.73;20,419,299
Apr 6, 2023;19,590.91;19,909.09;19,454.54;19,545.46;19,545.46;30,677,789
Apr 5, 2023;19,181.82;19,545.46;19,045.46;19,545.46;19,545.46;28,074,969
Apr 4, 2023;19,227.27;19,272.73;19,045.46;19,181.82;19,181.82;21,850,839
Apr 3, 2023;19,136.36;19,181.82;18,954.54;19,090.91;19,090.91;23,507,549
Mar 31, 2023;18,909.09;19,000.00;18,500.00;18,909.09;18,909.09;26,147,329
Mar 30, 2023;19,090.91;19,227.27;18,863.64;18,909.09;18,909.09;23,211,209
Mar 29, 2023;18,818.18;19,181.82;18,818.18;18,909.09;18,909.09;20,084,723
Mar 28, 2023;19,000.00;19,090.91;18,818.18;18,818.18;18,818.18;13,751,209
Mar 27, 2023;18,545.46;19,000.00;18,500.00;18,909.09;18,909.09;22,642,179
Mar 24, 2023;18,590.91;18,636.36;18,454.54;18,545.46;18,545.46;16,884,559
Mar 23, 2023;18,363.64;18,545.46;18,227.27;18,545.46;18,545.46;15,641,669
Mar 22, 2023;18,681.82;18,727.27;18,318.18;18,454.54;18,454.54;14,231,469
Mar 21, 2023;18,363.64;18,681.82;18,045.46;18,590.91;18,590.91;21,816,519
Mar 20, 2023;18,545.46;18,727.27;18,181.82;18,181.82;18,181.82;25,287,789
Mar 17, 2023;19,136.36;19,136.36;18,545.46;18,545.46;18,545.46;37,635,839
Mar 16, 2023;19,090.91;19,181.82;18,636.36;18,954.54;18,954.54;33,272,139
Mar 15, 2023;18,909.09;19,363.64;18,727.27;19,363.64;19,363.64;30,202,149
Mar 14, 2023;19,136.36;19,181.82;18,363.64;18,454.54;18,454.54;34,007,269
Mar 13, 2023;19,136.36;19,454.54;19,000.00;19,181.82;19,181.82;23,176,889
Mar 10, 2023;19,227.27;19,500.00;19,090.91;19,363.64;19,363.64;24,759,129
Mar 9, 2023;19,272.73;19,590.91;19,272.73;19,272.73;19,272.73;25,927,659
Mar 8, 2023;19,000.00;19,272.73;18,909.09;19,272.73;19,272.73;17,831,439
Mar 7, 2023;18,727.27;19,409.09;18,681.82;19,181.82;19,181.82;32,539,869
Mar 6, 2023;18,772.73;18,954.54;18,545.46;18,545.46;18,545.46;12,913,779
Mar 3, 2023;18,909.09;19,181.82;18,500.00;18,500.00;18,500.00;23,773,749
Mar 2, 2023;19,090.91;19,181.82;18,727.27;18,727.27;18,727.27;10,596,629
Mar 1, 2023;18,181.82;19,000.00;18,000.00;19,000.00;19,000.00;21,400,939
Feb 28, 2023;18,590.91;18,636.36;18,090.91;18,181.82;18,181.82;17,962,779
Feb 27, 2023;18,545.46;18,681.82;18,136.36;18,272.73;18,272.73;34,524,709
Feb 24, 2023;19,545.46;19,545.46;18,772.73;18,909.09;18,909.09;16,675,559
Feb 23, 2023;19,227.27;19,545.46;18,545.46;19,545.46;19,545.46;36,946,689
Feb 22, 2023;19,454.54;20,090.91;19,272.73;19,272.73;19,272.73;37,727,469
Feb 21, 2023;20,045.46;20,272.73;19,636.36;19,636.36;19,636.36;23,582,789
Feb 20, 2023;19,090.91;19,909.09;19,090.91;19,909.09;19,909.09;28,315,869
Feb 17, 2023;19,363.64;19,409.09;19,090.91;19,090.91;19,090.91;15,063,069
Feb 16, 2023;19,045.46;19,454.54;18,727.27;19,363.64;19,363.64;26,306,389
Feb 15, 2023;18,727.27;19,136.36;18,409.09;18,909.09;18,909.09;22,083,819
Feb 14, 2023;18,454.54;19,000.00;18,409.09;18,727.27;18,727.27;19,024,059
Feb 13, 2023;18,545.46;18,545.46;17,954.54;18,363.64;18,363.64;20,725,979
Feb 10, 2023;18,818.18;18,909.09;18,318.18;18,636.36;18,636.36;17,591,199
Feb 9, 2023;19,090.91;19,318.18;18,727.27;18,727.27;18,727.27;18,086,859
Feb 8, 2023;17,954.54;19,181.82;17,954.54;18,954.54;18,954.54;37,193,749
Feb 7, 2023;19,227.27;19,272.73;17,909.09;17,954.54;17,954.54;47,715,359
Feb 6, 2023;19,181.82;19,227.27;18,681.82;19,227.27;19,227.27;25,368,529
Feb 3, 2023;19,500.00;19,590.91;19,090.91;19,181.82;19,181.82;23,117,929
Feb 2, 2023;19,272.73;19,727.27;19,181.82;19,363.64;19,363.64;28,250,859
Feb 1, 2023;20,181.82;20,590.91;19,090.91;19,181.82;19,181.82;57,095,939
Jan 31, 2023;19,909.09;20,090.91;19,727.27;20,090.91;20,090.91;31,240,989
Jan 30, 2023;19,727.27;20,181.82;19,409.09;19,772.73;19,772.73;46,795,429
Jan 27, 2023;19,090.91;19,590.91;18,954.54;19,545.46;19,545.46;29,231,839
Jan 19, 2023;19,636.36;19,863.64;18,954.54;19,227.27;19,227.27;50,028,219
Jan 18, 2023;20,000.00;20,045.46;19,590.91;19,727.27;19,727.27;29,095,219
Jan 17, 2023;18,590.91;19,681.82;18,590.91;19,681.82;19,681.82;46,254,669
Jan 16, 2023;18,181.82;18,772.73;18,136.36;18,409.09;18,409.09;27,380,561
Jan 13, 2023;18,409.09;18,500.00;18,090.91;18,136.36;18,136.36;23,069,969
Jan 12, 2023;18,272.73;18,409.09;18,090.91;18,227.27;18,227.27;25,515,819
Jan 11, 2023;18,181.82;18,681.82;18,090.91;18,363.64;18,363.64;28,280,229
Jan 10, 2023;17,818.18;18,272.73;17,454.54;18,000.00;18,000.00;29,998,209
Jan 9, 2023;18,000.00;18,272.73;17,727.27;17,818.18;17,818.18;17,803,499
Jan 6, 2023;17,909.09;18,272.73;17,454.54;17,636.36;17,636.36;21,895,609
Jan 5, 2023;17,636.36;18,181.82;17,409.09;18,000.00;18,000.00;23,894,419
Jan 4, 2023;17,681.82;18,000.00;17,545.46;17,636.36;17,636.36;22,523,599
Jan 3, 2023;16,636.36;17,500.00;16,545.46;17,500.00;17,500.00;31,691,659
Dec 30, 2022;16,454.54;16,772.73;16,272.73;16,363.64;16,363.64;16,684,579
Dec 29, 2022;16,636.36;16,818.18;16,227.27;16,363.64;16,363.64;19,216,779
Dec 28, 2022;16,727.27;16,818.18;16,318.18;16,545.46;16,545.46;17,364,819
Dec 27, 2022;15,545.45;16,590.91;15,545.45;16,590.91;16,590.91;26,828,999
Dec 26, 2022;16,636.36;16,636.36;15,545.45;15,545.45;15,545.45;40,506,289
Dec 23, 2022;17,136.36;17,181.82;16,454.54;16,681.82;16,681.82;30,118,087
Dec 22, 2022;17,363.64;17,818.18;17,000.00;17,181.82;17,181.82;21,279,719
Dec 21, 2022;17,636.36;17,681.82;16,454.54;17,181.82;17,181.82;30,565,919
Dec 20, 2022;18,000.00;18,272.73;17,045.46;17,272.73;17,272.73;50,396,279
Dec 19, 2022;18,727.27;19,318.18;18,181.82;18,181.82;18,181.82;55,148,719
Dec 16, 2022;17,454.54;18,590.91;17,227.27;18,545.46;18,545.46;60,922,179
Dec 15, 2022;17,363.64;17,863.64;17,363.64;17,590.91;17,590.91;23,326,709
Dec 14, 2022;17,590.91;17,818.18;17,272.73;17,454.54;17,454.54;37,895,329
Dec 13, 2022;16,909.09;17,272.73;16,590.91;17,272.73;17,272.73;27,097,399
Dec 12, 2022;17,454.54;17,772.73;16,909.09;16,909.09;16,909.09;39,415,749
Dec 9, 2022;17,181.82;17,681.82;16,818.18;17,454.54;17,454.54;38,329,279
Dec 8, 2022;17,181.82;17,590.91;16,818.18;17,181.82;17,181.82;34,059,959
Dec 7, 2022;16,363.64;17,409.09;16,090.91;16,590.91;16,590.91;38,213,669
Dec 6, 2022;18,090.91;18,136.36;16,909.09;16,909.09;16,909.09;73,239,429
Dec 5, 2022;18,000.00;18,545.46;17,727.27;18,181.82;18,181.82;55,191,179
Dec 2, 2022;16,363.64;17,681.82;16,181.82;17,681.82;17,681.82;50,251,409
Dec 1, 2022;17,045.46;17,863.64;16,363.64;16,545.46;16,545.46;73,559,749
Nov 30, 2022;15,954.55;16,727.27;15,636.36;16,727.27;16,727.27;63,689,229
Nov 29, 2022;15,090.91;15,863.64;14,863.64;15,818.18;15,818.18;72,358,659
Nov 28, 2022;14,181.82;14,863.64;14,181.82;14,863.64;14,863.64;64,814,089
Nov 25, 2022;13,272.73;13,909.09;13,045.45;13,909.09;13,909.09;29,187,289
Nov 24, 2022;12,454.55;13,090.91;12,363.64;13,045.45;13,045.45;34,227,159
Nov 23, 2022;13,363.64;13,500.00;12,545.45;12,545.45;12,545.45;33,421,849
Nov 22, 2022;13,318.18;14,045.45;13,136.36;13,454.55;13,454.55;47,681,369
Nov 21, 2022;13,818.18;13,863.64;13,409.09;13,590.91;13,590.91;34,765,389
Nov 18, 2022;13,272.73;13,818.18;12,954.55;13,727.27;13,727.27;109,624,679
Nov 17, 2022;12,636.36;12,954.55;12,545.45;12,954.55;12,954.55;37,331,909
Nov 16, 2022;11,181.82;12,136.36;10,727.27;12,136.36;12,136.36;61,471,629
Nov 15, 2022;10,909.09;11,409.09;10,909.09;11,363.64;11,363.64;48,858,479
Nov 14, 2022;11,045.45;11,318.18;10,772.73;11,090.91;11,090.91;66,297,109
Nov 11, 2022;11,181.82;11,500.00;10,909.09;11,181.82;11,181.82;70,223,009
Nov 10, 2022;11,545.45;11,636.36;11,000.00;11,000.00;11,000.00;87,801,339
Nov 9, 2022;12,000.00;12,363.64;11,772.73;11,818.18;11,818.18;36,064,709
Nov 8, 2022;11,909.09;12,454.55;11,818.18;11,954.55;11,954.55;50,901,179
Nov 7, 2022;13,227.27;13,454.55;12,454.55;12,454.55;12,454.55;43,948,409
Nov 4, 2022;13,636.36;13,772.73;13,181.82;13,318.18;13,318.18;48,255,349
Nov 3, 2022;13,863.64;14,045.45;13,727.27;13,818.18;13,818.18;22,692,339
Nov 2, 2022;13,636.36;14,272.73;13,636.36;13,954.55;13,954.55;44,129,689
Nov 1, 2022;14,318.18;14,545.45;13,454.55;13,636.36;13,636.36;89,706,099
Oct 31, 2022;14,227.27;14,545.45;14,227.27;14,227.27;14,227.27;72,986,319
Oct 28, 2022;15,818.18;16,045.45;15,272.73;15,272.73;15,272.73;34,545,389
Oct 27, 2022;15,409.09;16,000.00;15,363.64;15,818.18;15,818.18;23,503,479
Oct 26, 2022;15,454.55;15,818.18;15,318.18;15,363.64;15,363.64;13,224,749
Oct 25, 2022;14,909.09;15,909.09;14,590.91;15,545.45;15,545.45;34,308,449
Oct 24, 2022;15,454.55;15,500.00;14,727.27;14,909.09;14,909.09;30,960,379
Oct 21, 2022;16,636.36;16,636.36;15,363.64;15,363.64;15,363.64;49,670,169
Oct 20, 2022;16,681.82;16,909.09;16,409.09;16,454.54;16,454.54;28,636,299
Oct 19, 2022;17,136.36;17,136.36;16,681.82;16,727.27;16,727.27;22,259,159
Oct 18, 2022;17,727.27;17,909.09;17,000.00;17,136.36;17,136.36;31,357,259
Oct 17, 2022;17,500.00;17,590.91;17,181.82;17,500.00;17,500.00;25,115,034
Oct 14, 2022;17,954.54;18,090.91;17,545.46;17,681.82;17,681.82;25,947,459
Oct 13, 2022;17,090.91;17,818.18;16,863.64;17,727.27;17,727.27;26,909,409
Oct 12, 2022;16,181.82;17,000.00;15,909.09;17,000.00;17,000.00;31,896,369
Oct 11, 2022;16,727.27;16,727.27;15,772.73;15,909.09;15,909.09;29,435,669
Oct 10, 2022;15,727.27;16,909.09;15,636.36;16,681.82;16,681.82;27,699,429
Oct 7, 2022;16,045.45;16,181.82;15,500.00;16,000.00;16,000.00;40,955,529
Oct 6, 2022;17,545.46;17,545.46;16,363.64;16,363.64;16,363.64;41,371,879
Oct 5, 2022;17,454.54;17,590.91;17,136.36;17,454.54;17,454.54;28,234,249
Oct 4, 2022;18,272.73;18,409.09;16,954.54;17,136.36;17,136.36;35,326,939
Oct 3, 2022;19,272.73;19,272.73;17,954.54;17,954.54;17,954.54;37,546,959
Sep 30, 2022;19,545.46;19,681.82;18,818.18;19,272.73;19,272.73;25,706,449
Sep 29, 2022;20,136.36;20,272.73;19,681.82;19,681.82;19,681.82;11,364,429
Sep 28, 2022;20,181.82;20,409.09;19,636.36;19,818.18;19,818.18;16,059,559
Sep 27, 2022;20,409.09;20,454.54;20,090.91;20,363.64;20,363.64;10,550,759
Sep 26, 2022;20,409.09;20,545.46;19,863.64;20,363.64;20,363.64;29,048,139
Sep 23, 2022;20,954.54;21,090.91;20,636.36;20,636.36;20,636.36;16,903,809
Sep 22, 2022;20,636.36;21,000.00;20,590.91;20,909.09;20,909.09;13,375,339
Sep 21, 2022;20,818.18;20,863.64;20,636.36;20,818.18;20,818.18;11,105,929
Sep 20, 2022;20,727.27;20,909.09;20,545.46;20,909.09;20,909.09;14,312,099
Sep 19, 2022;21,000.00;21,136.36;20,409.09;20,590.91;20,590.91;30,227,009
Sep 16, 2022;21,272.73;21,454.54;20,909.09;20,909.09;20,909.09;30,261,769
Sep 15, 2022;21,727.27;21,727.27;21,318.18;21,454.54;21,454.54;15,103,439
Sep 14, 2022;21,136.36;21,636.36;21,136.36;21,545.46;21,545.46;32,111,529
Sep 13, 2022;21,590.91;21,818.18;21,363.64;21,545.46;21,545.46;19,129,109
Sep 12, 2022;21,727.27;22,090.91;21,636.36;21,636.36;21,636.36;29,139,989
Sep 9, 2022;21,227.27;21,636.36;21,000.00;21,636.36;21,636.36;29,169,909
Sep 8, 2022;21,090.91;21,318.18;20,818.18;21,000.00;21,000.00;22,622,049
Sep 7, 2022;21,409.09;21,636.36;20,909.09;20,909.09;20,909.09;28,045,049
Sep 6, 2022;21,818.18;22,000.00;21,409.09;21,409.09;21,409.09;17,086,189
Sep 5, 2022;20,954.54;21,909.09;20,954.54;21,727.27;21,727.27;28,910,309
Aug 31, 2022;20,909.09;21,045.46;20,681.82;20,909.09;20,909.09;17,442,919
Aug 30, 2022;21,000.00;21,181.82;20,863.64;20,954.54;20,954.54;16,955,069
Aug 29, 2022;20,954.54;21,136.36;20,590.91;20,909.09;20,909.09;36,068,559
Aug 26, 2022;21,818.18;21,818.18;21,363.64;21,363.64;21,363.64;18,116,779
Aug 25, 2022;21,590.91;21,863.64;21,454.54;21,681.82;21,681.82;20,415,009
Aug 24, 2022;21,500.00;21,590.91;21,363.64;21,363.64;21,363.64;13,447,939
Aug 23, 2022;21,000.00;21,500.00;21,000.00;21,500.00;21,500.00;18,356,139
Aug 22, 2022;21,500.00;21,590.91;21,045.46;21,227.27;21,227.27;26,508,569
Aug 19, 2022;21,909.09;22,045.46;21,500.00;21,590.91;21,590.91;35,482,919
Aug 18, 2022;21,909.09;22,136.36;21,863.64;21,954.54;21,954.54;26,144,909
Aug 17, 2022;22,363.64;22,409.09;21,954.54;22,090.91;22,090.91;30,576,413
Aug 16, 2022;21,818.18;22,454.54;21,818.18;22,318.18;22,318.18;73,656,329
Aug 15, 2022;21,909.09;22,000.00;21,636.36;21,818.18;21,818.18;36,534,739
Aug 12, 2022;21,181.82;21,863.64;21,136.36;21,772.73;21,772.73;37,364,029
Aug 11, 2022;21,863.64;21,954.54;21,181.82;21,272.73;21,272.73;38,176,269
Aug 10, 2022;21,818.18;22,181.82;21,636.36;21,636.36;21,636.36;33,136,839
Aug 9, 2022;21,727.27;22,090.91;21,500.00;21,909.09;21,909.09;56,645,929
Aug 8, 2022;21,272.73;21,727.27;21,181.82;21,454.54;21,454.54;33,402,269
Aug 5, 2022;21,272.73;21,500.00;21,045.46;21,181.82;21,181.82;46,790,336
Aug 4, 2022;21,727.27;21,772.73;21,363.64;21,500.00;21,500.00;33,134,089
Aug 3, 2022;20,636.36;21,681.82;20,545.46;21,590.91;21,590.91;64,840,599
Aug 2, 2022;20,818.18;21,045.46;20,636.36;20,818.18;20,818.18;30,502,889
Aug 1, 2022;19,727.27;20,772.73;19,636.36;20,727.27;20,727.27;41,958,289
Jul 29, 2022;19,636.36;19,954.54;19,545.46;19,545.46;19,545.46;22,756,359
Jul 28, 2022;19,545.46;19,727.27;19,318.18;19,454.54;19,454.54;25,861,549
Jul 27, 2022;19,500.00;19,545.46;19,136.36;19,318.18;19,318.18;31,587,577
Jul 26, 2022;19,818.18;20,000.00;19,636.36;19,681.82;19,681.82;29,064,419
Jul 25, 2022;20,181.82;20,272.73;19,818.18;19,909.09;19,909.09;22,953,809
Jul 22, 2022;20,636.36;20,727.27;20,181.82;20,181.82;20,181.82;18,306,419
Jul 21, 2022;20,318.18;20,909.09;20,272.73;20,636.36;20,636.36;25,347,739
Jul 20, 2022;20,318.18;20,681.82;20,272.73;20,318.18;20,318.18;19,518,399
Jul 19, 2022;20,454.54;20,545.46;20,090.91;20,136.36;20,136.36;17,904,589
Jul 18, 2022;21,090.91;21,181.82;20,454.54;20,545.46;20,545.46;22,189,199
Jul 15, 2022;20,318.18;21,363.64;20,318.18;21,090.91;21,090.91;52,807,589
Jul 14, 2022;20,181.82;20,363.64;20,090.91;20,181.82;20,181.82;13,772,329
Jul 13, 2022;20,181.82;20,727.27;20,136.36;20,272.73;20,272.73;19,641,269
Jul 12, 2022;20,045.46;20,454.54;19,954.54;20,272.73;20,272.73;13,520,649
Jul 11, 2022;20,363.64;20,590.91;19,954.54;20,045.46;20,045.46;16,474,039
Jul 8, 2022;20,000.00;20,500.00;20,000.00;20,409.09;20,409.09;21,455,389
Jul 7, 2022;19,500.00;19,772.73;19,454.54;19,772.73;19,772.73;14,660,799
Jul 6, 2022;19,727.27;20,227.27;19,363.64;19,500.00;19,500.00;20,056,959
Jul 5, 2022;20,090.91;20,318.18;19,772.73;19,909.09;19,909.09;17,152,739
Jul 4, 2022;20,590.91;20,590.91;20,000.00;20,000.00;20,000.00;13,863,519
Jul 1, 2022;20,272.73;20,545.46;19,590.91;20,363.64;20,363.64;17,385,499
Jun 30, 2022;20,818.18;21,272.73;20,272.73;20,272.73;20,272.73;21,945,659
Jun 29, 2022;20,272.73;21,045.46;20,090.91;20,681.82;20,681.82;24,325,729
Jun 28, 2022;20,772.73;20,772.73;20,227.27;20,454.54;20,454.54;19,622,129
Jun 27, 2022;20,000.00;20,818.18;19,409.09;20,818.18;20,818.18;22,813,559
Jun 24, 2022;19,863.64;20,454.54;19,727.27;19,818.18;19,818.18;15,668,509
Jun 23, 2022;19,545.46;19,863.64;19,545.46;19,818.18;19,818.18;7,618,819
Jun 22, 2022;18,954.54;20,000.00;18,954.54;19,545.46;19,545.46;23,674,749
Jun 21, 2022;19,409.09;19,545.46;18,636.36;18,909.09;18,909.09;45,028,609
Jun 20, 2022;20,681.82;20,909.09;19,636.36;19,636.36;19,636.36;41,171,789
Jun 17, 2022;21,318.18;21,363.64;19,954.54;21,090.91;21,090.91;33,260,919
Jun 16, 2022;21,083.92;21,923.08;20,909.09;21,678.32;21,678.32;48,016,253
Jun 15, 2022;21,048.95;21,608.39;20,174.82;20,559.44;20,559.44;44,855,381
Jun 14, 2022;22,027.97;22,062.94;21,118.88;21,188.81;21,188.81;40,695,511
Jun 13, 2022;23,076.92;23,426.57;22,167.83;22,237.76;22,237.76;30,367,479
Jun 10, 2022;23,636.36;23,951.05;23,496.50;23,496.50;23,496.50;21,982,817
Jun 9, 2022;23,006.99;24,160.84;22,902.10;23,636.36;23,636.36;39,210,456
Jun 8, 2022;23,286.71;23,391.61;22,902.10;23,006.99;23,006.99;35,522,343
Jun 7, 2022;23,286.71;23,461.54;22,832.17;23,216.78;23,216.78;27,951,351
Jun 6, 2022;23,881.12;23,951.05;23,146.85;23,286.71;23,286.71;25,410,241
Jun 3, 2022;23,286.71;23,776.22;23,251.75;23,356.64;23,356.64;21,455,147
Jun 2, 2022;23,776.22;23,986.01;23,111.89;23,181.82;23,181.82;37,065,456
Jun 1, 2022;24,125.88;24,335.66;23,636.36;24,020.98;24,020.98;30,941,910
May 31, 2022;24,720.28;24,720.28;24,125.88;24,265.73;24,265.73;27,806,635
May 30, 2022;24,825.18;25,069.93;24,685.31;24,790.21;24,790.21;22,299,848
May 27, 2022;24,475.53;25,104.89;24,335.66;24,790.21;24,790.21;25,188,877
May 26, 2022;24,475.53;24,895.11;24,160.84;24,475.53;24,475.53;23,202,893
May 25, 2022;24,125.88;24,440.56;23,111.89;24,090.91;24,090.91;56,473,616
May 24, 2022;25,699.30;25,874.13;23,916.08;24,405.59;24,405.59;61,805,171
May 23, 2022;26,538.46;26,713.29;25,384.62;25,699.30;25,699.30;15,094,650
May 20, 2022;26,363.64;26,433.57;26,048.95;26,328.67;26,328.67;19,919,041
May 19, 2022;26,083.92;26,643.36;25,769.23;26,503.50;26,503.50;24,132,679
May 18, 2022;26,853.15;27,062.94;26,468.53;26,713.29;26,713.29;25,513,201
May 17, 2022;25,314.69;26,713.29;25,174.82;26,713.29;26,713.29;33,655,192
May 16, 2022;25,909.09;26,223.78;25,384.62;25,384.62;25,384.62;42,221,750
May 13, 2022;26,678.32;26,958.04;25,000.00;25,104.89;25,104.89;61,915,710
May 12, 2022;28,391.61;28,426.57;26,748.25;26,748.25;26,748.25;40,253,927
May 11, 2022;28,671.33;28,881.12;28,356.64;28,426.57;28,426.57;14,259,530
May 10, 2022;27,622.38;28,741.26;27,062.94;28,741.26;28,741.26;28,371,199
May 9, 2022;29,020.98;29,300.70;27,937.06;27,937.06;27,937.06;37,657,476
May 6, 2022;28,951.05;30,069.93;28,951.05;29,230.77;29,230.77;21,751,157
May 5, 2022;29,790.21;29,790.21;29,020.98;29,405.59;29,405.59;22,705,682
May 4, 2022;30,279.72;30,279.72;29,370.63;29,370.63;29,370.63;23,924,328
Apr 29, 2022;30,000.00;30,349.65;29,965.04;30,279.72;30,279.72;19,373,353
Apr 28, 2022;29,720.28;30,384.62;29,720.28;30,139.86;30,139.86;19,497,763
Apr 27, 2022;28,811.19;30,000.00;28,741.26;29,720.28;29,720.28;27,928,614
Apr 26, 2022;28,076.92;28,951.05;27,692.31;28,811.19;28,811.19;33,533,642
Apr 25, 2022;30,629.37;30,629.37;28,496.50;28,496.50;28,496.50;43,382,967
Apr 22, 2022;30,769.23;30,804.20;29,615.38;30,629.37;30,629.37;18,158,139
Apr 21, 2022;30,069.93;30,839.16;29,440.56;30,314.69;30,314.69;28,440,411
Apr 20, 2022;30,419.58;30,769.23;30,139.86;30,209.79;30,209.79;19,222,774
Apr 19, 2022;30,069.93;30,699.30;30,000.00;30,279.72;30,279.72;27,512,913
Apr 18, 2022;30,804.20;31,153.85;29,825.18;29,825.18;29,825.18;33,511,191
Apr 15, 2022;31,398.60;31,468.53;30,874.13;30,909.09;30,909.09;26,309,854
Apr 14, 2022;31,678.32;31,853.15;31,398.60;31,398.60;31,398.60;19,171,723
Apr 13, 2022;31,678.32;31,783.22;31,258.74;31,608.39;31,608.39;20,545,667
Apr 12, 2022;32,517.48;32,517.48;31,503.50;31,538.46;31,538.46;26,502,904
Apr 8, 2022;32,692.31;32,902.10;32,412.59;32,447.55;32,447.55;20,039,876
Apr 7, 2022;33,216.79;33,286.71;32,552.45;32,552.45;32,552.45;20,742,435
Apr 6, 2022;32,167.83;33,531.47;32,167.83;33,041.96;33,041.96;47,133,514
Apr 5, 2022;32,167.83;32,447.55;32,132.87;32,237.76;32,237.76;17,337,033
Apr 4, 2022;32,167.83;32,377.62;31,993.01;32,062.94;32,062.94;19,606,558
Apr 1, 2022;31,468.53;32,167.83;31,118.88;31,958.04;31,958.04;31,675,815
Mar 31, 2022;31,923.08;32,132.87;31,328.67;31,538.46;31,538.46;27,237,638
Mar 30, 2022;32,027.97;32,447.55;31,748.25;31,818.18;31,818.18;22,980,671
Mar 29, 2022;32,307.69;32,342.66;32,027.97;32,062.94;32,062.94;20,650,443
Mar 28, 2022;32,237.76;32,762.24;32,027.97;32,097.90;32,097.90;30,122,720
Mar 25, 2022;32,552.45;32,832.17;32,307.69;32,447.55;32,447.55;21,019,855
Mar 24, 2022;32,867.13;32,867.13;32,412.59;32,447.55;32,447.55;22,327,118
Mar 23, 2022;33,006.99;33,181.82;32,727.27;32,727.27;32,727.27;27,585,843
Mar 22, 2022;32,797.20;32,832.17;32,377.62;32,797.20;32,797.20;34,018,555
Mar 21, 2022;32,657.34;33,006.99;32,447.55;32,762.24;32,762.24;27,646,332
Mar 18, 2022;32,307.69;32,762.24;32,202.80;32,517.48;32,517.48;26,218,477
Mar 17, 2022;32,587.41;32,657.34;32,097.90;32,132.87;32,132.87;21,696,674
Mar 16, 2022;32,797.20;32,972.03;32,307.69;32,307.69;32,307.69;16,357,340
Mar 15, 2022;32,132.87;32,657.34;31,783.22;32,272.73;32,272.73;29,822,649
Mar 14, 2022;33,076.92;33,706.29;32,027.97;32,027.97;32,027.97;51,925,587
Mar 11, 2022;34,405.59;34,475.52;32,762.24;33,286.71;33,286.71;63,228,593
Mar 10, 2022;34,965.04;35,034.96;34,335.66;34,370.63;34,370.63;39,682,356
Mar 9, 2022;34,965.04;35,174.82;34,160.84;34,860.14;34,860.14;52,036,841
Mar 8, 2022;35,384.62;35,804.20;34,580.42;34,580.42;34,580.42;59,908,562
Mar 7, 2022;35,104.89;36,713.29;34,965.04;35,734.27;35,734.27;55,785,014
Mar 4, 2022;35,664.34;35,874.13;34,825.18;34,825.18;34,825.18;48,046,426
Mar 3, 2022;33,286.71;35,034.96;33,076.92;35,034.96;35,034.96;111,304,478
Mar 2, 2022;32,867.13;33,111.89;32,587.41;32,797.20;32,797.20;28,428,113
Mar 1, 2022;33,356.64;33,636.36;32,762.24;32,797.20;32,797.20;33,424,533
Feb 28, 2022;32,202.80;33,426.57;32,202.80;33,006.99;33,006.99;51,085,462
Feb 25, 2022;32,237.76;32,412.59;32,097.90;32,097.90;32,097.90;22,011,445
Feb 24, 2022;32,692.31;32,762.24;31,538.46;32,167.83;32,167.83;32,315,568
Feb 23, 2022;32,622.38;33,006.99;32,342.66;32,657.34;32,657.34;18,562,972
Feb 22, 2022;32,377.62;32,587.41;31,958.04;32,447.55;32,447.55;30,221,190
Feb 21, 2022;32,937.06;33,216.79;32,552.45;32,622.38;32,622.38;17,413,538
Feb 18, 2022;32,307.69;33,321.68;32,202.80;32,902.10;32,902.10;33,079,474
Feb 17, 2022;32,167.83;32,692.31;32,167.83;32,517.48;32,517.48;17,694,247
Feb 16, 2022;32,237.76;32,517.48;31,888.11;32,167.83;32,167.83;14,073,344
Feb 15, 2022;32,307.69;32,552.45;31,748.25;32,167.83;32,167.83;22,697,102
Feb 14, 2022;32,517.48;33,216.79;32,272.73;32,307.69;32,307.69;26,587,989
Feb 11, 2022;32,587.41;33,216.79;32,377.62;32,972.03;32,972.03;26,062,607
Feb 10, 2022;33,146.85;33,496.50;32,657.34;32,867.13;32,867.13;36,089,195
Feb 9, 2022;32,027.97;33,776.22;31,958.04;33,076.92;33,076.92;58,929,155
Feb 8, 2022;30,069.93;31,853.15;30,069.93;31,853.15;31,853.15;41,495,310
Feb 7, 2022;29,930.07;30,559.44;29,230.77;30,104.89;30,104.89;23,913,174
Jan 28, 2022;29,545.46;29,930.07;29,160.84;29,510.49;29,510.49;22,682,230
Jan 27, 2022;30,209.79;30,419.58;29,370.63;29,475.53;29,475.53;21,079,343
Jan 26, 2022;30,419.58;31,083.92;30,384.62;30,384.62;30,384.62;25,109,798
Jan 25, 2022;28,321.68;30,279.72;28,111.89;30,244.76;30,244.76;28,264,235
Jan 24, 2022;30,139.86;30,209.79;28,461.54;28,461.54;28,461.54;46,692,216
Jan 21, 2022;30,769.23;31,083.92;30,139.86;30,279.72;30,279.72;23,419,395
Jan 20, 2022;30,629.37;30,909.09;30,279.72;30,769.23;30,769.23;21,572,121
Jan 19, 2022;31,048.95;31,153.85;30,384.62;30,419.58;30,419.58;25,909,168
Jan 18, 2022;31,118.88;31,643.36;30,069.93;30,769.23;30,769.23;30,661,058
Jan 17, 2022;32,342.66;32,517.48;31,258.74;31,258.74;31,258.74;36,792,469
Jan 14, 2022;32,517.48;32,762.24;32,307.69;32,342.66;32,342.66;13,852,552
Jan 13, 2022;32,377.62;33,076.92;32,307.69;32,657.34;32,657.34;36,576,110
Jan 12, 2022;31,608.39;32,342.66;31,573.43;32,307.69;32,307.69;21,001,837
Jan 11, 2022;32,202.80;32,202.80;31,538.46;31,538.46;31,538.46;18,974,526
Jan 10, 2022;32,062.94;32,622.38;31,818.18;31,923.08;31,923.08;29,532,073
Jan 7, 2022;32,237.76;32,307.69;31,923.08;32,027.97;32,027.97;23,359,335
Jan 6, 2022;32,517.48;32,657.34;32,237.76;32,237.76;32,237.76;25,144,261
Jan 5, 2022;32,797.20;33,111.89;32,727.27;32,727.27;32,727.27;27,951,351
Jan 4, 2022;32,727.27;33,006.99;32,587.41;32,692.31;32,692.31;28,742,570
Dec 31, 2021;32,167.83;32,622.38;32,062.94;32,447.55;32,447.55;21,617,953
Dec 30, 2021;32,377.62;32,377.62;31,958.04;31,958.04;31,958.04;16,810,178
Dec 29, 2021;32,027.97;32,377.62;31,818.18;32,027.97;32,027.97;25,251,711
Dec 28, 2021;32,097.90;32,657.34;31,888.11;32,027.97;32,027.97;19,240,935
Dec 27, 2021;32,552.45;32,587.41;31,853.15;32,097.90;32,097.90;17,416,970
Dec 24, 2021;31,678.32;32,622.38;31,643.36;32,202.80;32,202.80;33,533,642
Dec 23, 2021;31,538.46;31,538.46;30,839.16;31,433.57;31,433.57;41,119,363
Dec 22, 2021;32,377.62;32,517.48;31,538.46;31,538.46;31,538.46;39,454,271
Dec 21, 2021;32,797.20;32,832.17;32,237.76;32,237.76;32,237.76;25,619,307
Dec 20, 2021;32,657.34;33,111.89;32,517.48;32,797.20;32,797.20;17,909,462
Dec 17, 2021;33,111.89;33,251.75;32,587.41;32,657.34;32,657.34;32,835,230
Dec 16, 2021;33,636.36;33,636.36;33,076.92;33,216.79;33,216.79;16,895,449
Dec 15, 2021;33,566.43;33,986.02;33,356.64;33,426.57;33,426.57;16,284,395
Dec 14, 2021;32,552.45;34,335.66;32,307.69;33,356.64;33,356.64;53,978,867
Dec 13, 2021;32,552.45;32,972.03;32,377.62;32,552.45;32,552.45;24,485,903
Dec 10, 2021;32,902.10;33,006.99;32,447.55;32,517.48;32,517.48;29,502,329
Dec 9, 2021;32,797.20;33,076.92;32,727.27;32,937.06;32,937.06;18,096,506
Dec 8, 2021;33,496.50;33,496.50;32,902.10;33,006.99;33,006.99;17,642,767
Dec 7, 2021;32,482.52;33,286.71;32,167.83;33,286.71;33,286.71;32,212,608
Dec 6, 2021;33,216.79;33,531.47;31,818.18;31,993.01;31,993.01;49,609,559
Dec 3, 2021;34,125.88;34,370.63;33,356.64;33,356.64;33,356.64;31,348,030
Dec 2, 2021;34,405.59;34,440.56;33,986.02;33,986.02;33,986.02;23,362,338
Dec 1, 2021;34,615.38;34,615.38;34,195.80;34,265.73;34,265.73;20,293,844
Nov 30, 2021;34,230.77;34,930.07;33,916.08;34,230.77;34,230.77;32,776,028
Nov 29, 2021;33,706.29;34,195.80;33,706.29;33,846.15;33,846.15;31,466,148
Nov 26, 2021;34,475.52;34,930.07;34,265.73;34,300.70;34,300.70;38,209,027
Nov 25, 2021;34,055.95;34,510.49;34,055.95;34,440.56;34,440.56;37,833,366
Nov 24, 2021;34,615.38;34,755.25;33,916.08;34,020.98;34,020.98;38,873,262
Nov 23, 2021;34,195.80;34,825.18;33,986.02;34,650.35;34,650.35;24,734,566
Nov 22, 2021;33,706.29;34,405.59;33,566.43;34,020.98;34,020.98;33,694,946
Nov 19, 2021;34,685.32;34,755.25;33,496.50;33,566.43;33,566.43;69,781,425
Nov 18, 2021;35,944.05;35,944.05;34,685.32;34,930.07;34,930.07;87,199,111
Nov 17, 2021;36,363.64;36,783.21;35,944.05;35,944.05;35,944.05;45,582,536
Nov 16, 2021;37,272.73;37,482.52;36,363.64;36,363.64;36,363.64;58,579,949
Nov 15, 2021;38,111.89;38,181.82;37,272.73;37,482.52;37,482.52;48,097,477
Nov 12, 2021;37,692.31;38,321.68;37,622.38;38,181.82;38,181.82;33,692,658
Nov 11, 2021;38,461.54;38,671.33;37,482.52;37,762.24;37,762.24;78,086,865
Nov 10, 2021;39,510.49;39,580.42;38,601.40;38,671.33;38,671.33;62,227,164
Nov 9, 2021;39,720.28;40,279.72;39,440.56;39,510.49;39,510.49;35,345,738
Nov 8, 2021;39,790.21;39,860.14;39,300.70;39,720.28;39,720.28;30,781,321
Nov 5, 2021;39,370.63;39,860.14;38,951.05;39,580.42;39,580.42;27,756,585
Nov 4, 2021;38,881.12;39,790.21;38,881.12;39,370.63;39,370.63;22,542,662
Nov 3, 2021;39,300.70;39,370.63;38,671.33;38,881.12;38,881.12;43,281,237
Nov 2, 2021;38,811.19;39,440.56;38,601.40;38,811.19;38,811.19;36,701,235
Nov 1, 2021;39,930.07;39,930.07;38,951.05;38,951.05;38,951.05;65,663,454
Oct 29, 2021;40,559.44;40,629.37;39,930.07;39,930.07;39,930.07;34,863,685
Oct 28, 2021;40,489.51;40,699.30;40,069.93;40,559.44;40,559.44;31,405,945
Oct 27, 2021;39,370.63;40,489.51;39,370.63;40,489.51;40,489.51;42,433,819
Oct 26, 2021;38,321.68;39,370.63;37,902.10;39,370.63;39,370.63;40,667,340
Oct 25, 2021;39,510.49;39,650.35;38,531.47;38,531.47;38,531.47;59,292,661
Oct 22, 2021;40,139.86;40,419.58;39,650.35;39,650.35;39,650.35;28,621,020
Oct 21, 2021;40,000.00;40,699.30;39,580.42;40,000.00;40,000.00;57,166,823
Oct 20, 2021;40,139.86;40,209.79;39,020.98;39,790.21;39,790.21;49,551,644
Oct 19, 2021;40,279.72;40,559.44;39,930.07;40,000.00;40,000.00;36,879,842
Oct 18, 2021;40,279.72;40,839.16;40,209.79;40,489.51;40,489.51;30,703,386
Oct 15, 2021;40,069.93;40,349.65;39,860.14;40,069.93;40,069.93;27,646,475
Oct 14, 2021;39,720.28;40,139.86;39,650.35;39,720.28;39,720.28;29,400,227
Oct 13, 2021;39,860.14;40,139.86;39,510.49;39,720.28;39,720.28;23,720,339
Oct 12, 2021;40,069.93;40,279.72;39,720.28;39,860.14;39,860.14;27,496,039
Oct 11, 2021;39,230.77;40,069.93;38,951.05;40,000.00;40,000.00;38,342,660
Oct 8, 2021;39,020.98;39,300.70;38,601.40;38,951.05;38,951.05;33,021,988
Oct 7, 2021;39,440.56;39,650.35;38,811.19;38,881.12;38,881.12;39,571,531
Oct 6, 2021;39,020.98;39,370.63;38,741.26;39,230.77;39,230.77;41,080,896
Oct 5, 2021;38,811.19;39,090.91;38,531.47;38,671.33;38,671.33;39,362,894
Oct 4, 2021;37,692.31;39,090.91;37,692.31;38,811.19;38,811.19;64,994,643
Oct 1, 2021;36,993.01;37,552.45;36,853.15;37,342.66;37,342.66;56,302,745
Sep 30, 2021;37,552.45;37,552.45;36,923.08;36,993.01;36,993.01;35,115,937
Sep 29, 2021;36,853.15;37,482.52;36,783.21;37,272.73;37,272.73;50,419,511
Sep 28, 2021;35,384.62;36,853.15;35,384.62;36,783.21;36,783.21;51,765,856
Sep 27, 2021;35,944.05;36,363.64;35,524.48;35,524.48;35,524.48;41,594,123
Sep 24, 2021;35,664.34;36,153.85;35,454.55;35,524.48;35,524.48;23,732,851
Sep 23, 2021;35,874.13;36,293.71;35,594.41;35,664.34;35,664.34;25,534,951
Sep 22, 2021;35,524.48;35,734.27;35,384.62;35,594.41;35,594.41;21,169,290
Sep 21, 2021;35,384.62;35,804.20;35,104.89;35,524.48;35,524.48;42,519,905
Sep 20, 2021;36,643.36;36,643.36;35,594.41;35,874.13;35,874.13;46,229,182
Sep 17, 2021;35,944.05;36,363.64;35,874.13;36,223.78;36,223.78;38,716,749
Sep 16, 2021;36,363.64;36,573.43;35,874.13;35,874.13;35,874.13;26,857,258
Sep 15, 2021;35,034.96;36,363.64;34,895.11;36,083.92;36,083.92;41,535,464
Sep 14, 2021;35,524.48;35,664.34;35,104.89;35,174.82;35,174.82;33,186,152
Sep 13, 2021;36,013.98;36,013.98;35,454.55;35,524.48;35,524.48;40,382,055
Sep 10, 2021;36,363.64;36,503.50;35,944.05;36,013.98;36,013.98;26,650,480
Sep 9, 2021;36,083.92;36,643.36;36,013.98;36,293.71;36,293.71;54,029,331
Sep 8, 2021;35,454.55;36,293.71;35,244.75;35,874.13;35,874.13;47,533,056
Sep 7, 2021;36,083.92;36,363.64;35,384.62;35,454.55;35,454.55;46,397,064
Sep 6, 2021;34,615.38;35,944.05;34,545.45;35,804.20;35,804.20;69,972,330
Sep 1, 2021;34,265.73;34,650.35;34,195.80;34,405.59;34,405.59;21,543,664
Aug 31, 2021;34,265.73;34,755.25;34,125.88;34,475.52;34,475.52;37,069,317
Aug 30, 2021;33,566.43;34,090.91;33,321.68;34,055.95;34,055.95;25,955,458
Aug 27, 2021;33,216.79;33,461.54;32,692.31;33,286.71;33,286.71;37,748,138
Aug 26, 2021;33,986.02;33,986.02;33,251.75;33,356.64;33,356.64;26,091,507
Aug 25, 2021;33,531.47;33,916.08;33,146.85;33,846.15;33,846.15;23,454,287
Aug 24, 2021;33,286.71;33,741.26;33,216.79;33,391.61;33,391.61;31,583,551
Aug 23, 2021;34,265.73;34,265.73;33,216.79;33,216.79;33,216.79;49,272,365
Aug 20, 2021;35,524.48;35,664.34;33,706.29;34,265.73;34,265.73;76,768,062
Aug 19, 2021;35,384.62;35,874.13;35,244.75;35,594.41;35,594.41;40,773,875
Aug 18, 2021;35,314.68;35,594.41;34,895.11;35,244.75;35,244.75;36,198,447
Aug 17, 2021;34,720.28;35,594.41;34,685.32;35,244.75;35,244.75;66,704,351
Aug 16, 2021;34,265.73;34,615.38;34,230.77;34,580.42;34,580.42;34,048,585
Aug 13, 2021;33,846.15;34,055.95;33,356.64;34,020.98;34,020.98;37,513,761
Aug 12, 2021;34,195.80;34,265.73;33,846.15;33,846.15;33,846.15;33,701,381
Aug 11, 2021;34,825.18;34,825.18;34,230.77;34,230.77;34,230.77;31,432,757
Aug 10, 2021;35,034.96;35,314.68;34,335.66;34,545.45;34,545.45;37,600,419
Aug 9, 2021;33,636.36;34,755.25;33,531.47;34,755.25;34,755.25;39,141,816
Aug 6, 2021;33,986.02;34,335.66;33,776.22;33,846.15;33,846.15;27,418,204
Aug 5, 2021;33,181.82;34,265.73;33,111.89;34,125.88;34,125.88;43,517,902
Aug 4, 2021;33,251.75;33,566.43;33,041.96;33,216.79;33,216.79;33,098,493
Aug 3, 2021;33,076.92;33,321.68;32,692.31;33,041.96;33,041.96;38,419,666
Aug 2, 2021;32,937.06;33,496.50;32,797.20;33,041.96;33,041.96;34,284,535
Jul 30, 2021;32,937.06;33,286.71;32,937.06;33,076.92;33,076.92;33,230,196
Jul 29, 2021;32,832.17;33,356.64;32,727.27;32,937.06;32,937.06;47,001,668
Jul 28, 2021;32,377.62;32,937.06;32,307.69;32,657.34;32,657.34;30,337,735
Jul 27, 2021;32,167.83;32,727.27;31,958.04;32,307.69;32,307.69;26,035,008
Jul 26, 2021;31,818.18;32,237.76;31,223.78;31,888.11;31,888.11;34,790,598
Jul 23, 2021;32,727.27;32,867.13;32,027.97;32,027.97;32,027.97;39,461,278
Jul 22, 2021;32,657.34;33,356.64;32,377.62;33,006.99;33,006.99;30,709,106
Jul 21, 2021;33,216.79;33,426.57;32,587.41;32,692.31;32,692.31;30,510,050
Jul 20, 2021;31,468.53;33,076.92;31,083.92;33,076.92;33,076.92;57,475,989
Jul 19, 2021;31,923.08;32,097.90;30,769.23;30,979.02;30,979.02;55,116,918
Jul 16, 2021;32,657.34;33,181.82;32,517.48;32,692.31;32,692.31;32,048,958
Jul 15, 2021;31,188.81;32,762.24;31,188.81;32,517.48;32,517.48;42,067,095
Jul 14, 2021;32,097.90;32,167.83;31,013.99;31,468.53;31,468.53;41,099,200
Jul 13, 2021;31,818.18;32,167.83;31,153.85;31,818.18;31,818.18;39,091,051
Jul 12, 2021;32,657.34;32,797.20;30,769.23;31,433.57;31,433.57;105,363,543
Jul 9, 2021;33,916.08;34,335.66;32,167.83;33,076.92;33,076.92;62,867,661
Jul 8, 2021;34,895.11;35,034.96;33,986.02;34,265.73;34,265.73;42,354,311
Jul 7, 2021;34,265.73;34,895.11;33,461.54;34,895.11;34,895.11;60,256,910
Jul 6, 2021;35,734.27;36,503.50;33,566.43;33,566.43;33,566.43;66,856,217
Jul 5, 2021;36,573.43;36,573.43;35,524.48;35,804.20;35,804.20;57,930,729
Jul 2, 2021;37,062.94;37,342.66;36,503.50;36,573.43;36,573.43;44,042,140
Jul 1, 2021;36,153.85;36,993.01;36,083.92;36,923.08;36,923.08;58,426,367
Jun 30, 2021;36,293.71;36,503.50;35,944.05;36,013.98;36,013.98;29,780,836
Jun 29, 2021;36,713.29;36,783.21;36,153.85;36,223.78;36,223.78;28,441,712
Jun 28, 2021;35,874.13;36,713.29;35,524.48;36,643.36;36,643.36;59,918,000
Jun 25, 2021;35,454.55;35,804.20;34,825.18;35,454.55;35,454.55;38,560,235
Jun 24, 2021;35,944.05;36,153.85;35,314.68;35,384.62;35,384.62;29,135,105
Jun 23, 2021;36,083.92;36,293.71;35,734.27;35,944.05;35,944.05;26,682,655
Jun 22, 2021;36,013.98;36,643.36;35,804.20;36,153.85;36,153.85;27,707,822
Jun 21, 2021;36,363.64;36,713.29;35,804.20;35,804.20;35,804.20;32,447,843
Jun 18, 2021;36,293.71;37,272.73;35,944.05;36,433.57;36,433.57;42,875,260
Jun 17, 2021;35,594.41;36,293.71;35,594.41;35,944.05;35,944.05;29,232,917
Jun 16, 2021;36,923.08;37,062.94;36,013.98;36,223.78;36,223.78;42,562,805
Jun 15, 2021;37,062.94;37,482.52;36,853.15;37,202.80;37,202.80;31,215,040
Jun 14, 2021;37,412.59;37,972.03;36,923.08;37,482.52;37,482.52;41,666,624
Jun 11, 2021;36,433.57;37,202.80;36,083.92;37,132.87;37,132.87;41,690,362
Jun 10, 2021;35,104.89;36,783.21;34,965.04;36,083.92;36,083.92;41,917,446
Jun 9, 2021;34,895.11;35,944.05;34,265.73;35,174.82;35,174.82;59,118,773
Jun 8, 2021;36,573.43;36,993.01;34,965.04;34,965.04;34,965.04;57,735,677
Jun 7, 2021;38,181.82;38,461.54;36,363.64;36,853.15;36,853.15;50,059,008
Jun 4, 2021;38,111.89;38,671.33;37,972.03;38,111.89;38,111.89;45,887,555
Jun 3, 2021;37,762.24;38,181.82;37,062.94;37,972.03;37,972.03;54,095,898
Jun 2, 2021;38,461.54;38,811.19;37,062.94;37,762.24;37,762.24;57,274,502
Jun 1, 2021;38,181.82;39,370.63;37,762.24;38,811.19;38,811.19;47,924,161
May 31, 2021;36,853.15;36,853.15;36,223.78;36,853.15;36,853.15;87,413,897
May 28, 2021;34,757.84;34,861.43;34,291.63;34,757.84;34,757.84;59,400,326
May 27, 2021;35,068.64;35,120.43;34,291.63;34,602.43;34,602.43;41,614,243
May 26, 2021;34,913.23;35,120.43;34,809.64;35,120.43;35,120.43;34,216,181
May 25, 2021;33,825.43;35,120.43;33,773.63;34,913.23;34,913.23;51,839,136
May 24, 2021;33,980.83;34,239.84;33,670.04;33,877.23;33,877.23;50,620,026
May 21, 2021;34,239.84;34,395.23;33,877.23;33,980.83;33,980.83;52,609,792
May 20, 2021;34,291.63;34,550.63;33,929.04;34,498.84;34,498.84;50,496,280
May 19, 2021;33,152.03;34,550.63;32,893.03;34,239.84;34,239.84;58,701,677
May 18, 2021;32,375.03;32,996.63;32,375.03;32,841.23;32,841.23;75,571,931
May 17, 2021;31,805.23;32,323.23;31,390.83;32,064.23;32,064.23;71,706,877
May 14, 2021;32,116.03;32,375.03;31,598.03;31,805.23;31,805.23;63,612,677
May 13, 2021;32,323.23;32,634.03;31,857.03;31,857.03;31,857.03;53,618,478
May 12, 2021;31,908.83;32,478.63;31,753.43;32,478.63;32,478.63;60,830,633
May 11, 2021;32,789.43;32,789.43;32,116.03;32,116.03;32,116.03;57,259,015
May 10, 2021;31,494.43;32,789.43;31,494.43;32,634.03;32,634.03;55,119,827
May 7, 2021;30,665.63;31,857.03;30,613.83;31,494.43;31,494.43;57,254,188
May 6, 2021;30,717.43;31,235.43;30,458.43;30,769.23;30,769.23;43,454,974
May 5, 2021;31,080.03;31,235.43;30,717.43;30,717.43;30,717.43;49,651,493
May 4, 2021;29,681.43;31,287.23;29,526.03;30,976.43;30,976.43;63,698,777
Apr 29, 2021;29,267.03;30,406.63;29,215.23;30,095.83;30,095.83;53,817,899
Apr 28, 2021;29,163.43;29,267.03;28,749.03;29,008.03;29,008.03;31,770,430
Apr 27, 2021;28,541.83;29,215.23;28,179.23;29,163.43;29,163.43;45,404,779
Apr 26, 2021;29,267.03;29,318.83;28,490.03;28,541.83;28,541.83;50,050,914
Apr 23, 2021;28,749.03;29,215.23;28,386.43;29,215.23;29,215.23;55,813,650
Apr 22, 2021;29,267.03;29,992.23;28,490.03;28,490.03;28,490.03;63,879,858
Apr 20, 2021;30,044.03;30,354.83;29,008.03;29,629.63;29,629.63;74,014,017
Apr 19, 2021;28,593.63;29,940.43;28,334.63;29,940.43;29,940.43;67,235,645
Apr 16, 2021;28,023.83;28,852.63;27,713.03;28,282.83;28,282.83;55,275,426
Apr 15, 2021;27,713.03;28,334.63;27,195.03;28,231.03;28,231.03;61,926,771
Apr 14, 2021;25,951.83;27,609.43;25,848.23;27,454.03;27,454.03;55,894,344
Apr 13, 2021;26,677.03;26,677.03;25,951.83;25,951.83;25,951.83;52,040,293
Apr 12, 2021;25,848.23;26,677.03;25,770.53;26,521.63;26,521.63;52,336,626
Apr 9, 2021;25,537.43;25,848.23;25,407.93;25,666.93;25,666.93;39,648,994
Apr 8, 2021;25,641.03;25,692.83;25,382.03;25,563.33;25,563.33;23,441,095
Apr 7, 2021;25,589.23;25,692.83;25,330.22;25,615.13;25,615.13;28,020,048
Apr 6, 2021;25,537.43;25,666.93;25,433.83;25,589.23;25,589.23;28,056,534
Apr 5, 2021;25,641.03;25,692.83;25,356.13;25,537.43;25,537.43;30,536,262
Apr 2, 2021;25,278.43;25,537.43;25,174.82;25,407.93;25,407.93;32,487,418
Apr 1, 2021;24,346.02;25,123.03;24,320.13;25,123.03;25,123.03;54,482,376
Mar 31, 2021;24,061.13;24,527.32;24,009.32;24,242.42;24,242.42;32,584,329
Mar 30, 2021;24,087.02;24,216.52;23,879.82;24,061.13;24,061.13;26,706,150
Mar 29, 2021;24,087.02;24,138.82;23,905.72;23,983.42;23,983.42;26,556,168
Mar 26, 2021;23,569.02;23,931.62;23,335.92;23,931.62;23,931.62;56,452,123
Mar 25, 2021;23,672.62;23,698.52;23,206.42;23,310.02;23,310.02;39,341,658
Mar 24, 2021;23,853.92;24,009.32;23,361.82;23,543.12;23,543.12;46,268,099
Mar 23, 2021;24,164.72;24,397.82;24,035.22;24,138.82;24,138.82;24,183,758
Mar 22, 2021;24,501.42;24,579.13;24,190.63;24,216.52;24,216.52;21,573,529
Mar 19, 2021;24,138.82;24,579.13;24,138.82;24,423.72;24,423.72;38,419,072
Mar 18, 2021;24,190.63;24,216.52;24,009.32;24,138.82;24,138.82;26,064,644
Mar 17, 2021;23,905.72;24,061.13;23,853.92;23,983.42;23,983.42;25,273,719
Mar 16, 2021;24,138.82;24,138.82;23,724.42;23,879.82;23,879.82;34,203,246
Mar 15, 2021;24,138.82;24,294.22;24,035.22;24,087.02;24,087.02;25,386,266
Mar 12, 2021;24,138.82;24,138.82;23,931.62;24,061.13;24,061.13;26,686,651
Mar 11, 2021;23,776.22;24,164.72;23,724.42;24,035.22;24,035.22;33,825,062
Mar 10, 2021;23,750.32;23,750.32;23,387.72;23,620.82;23,620.82;31,394,755
Mar 9, 2021;23,828.02;23,931.62;23,335.92;23,750.32;23,750.32;32,219,658
Mar 8, 2021;24,138.82;24,294.22;23,828.02;23,983.42;23,983.42;36,843,012
Mar 5, 2021;23,646.72;23,879.82;23,361.82;23,828.02;23,828.02;43,989,917
Mar 4, 2021;24,294.22;24,294.22;23,310.02;23,776.22;23,776.22;55,235,657
Mar 3, 2021;24,112.92;24,371.92;24,087.02;24,242.42;24,242.42;44,358,834
Mar 2, 2021;24,242.42;24,397.82;23,931.62;24,190.63;24,190.63;46,541,844
Mar 1, 2021;23,957.52;23,983.42;23,724.42;23,931.62;23,931.62;42,718,489
Feb 26, 2021;22,636.62;23,672.62;22,584.82;23,620.82;23,620.82;83,284,085
Feb 25, 2021;22,792.02;22,999.22;22,610.72;22,869.72;22,869.72;42,339,145
Feb 24, 2021;22,610.72;22,999.22;22,429.42;22,584.82;22,584.82;53,074,463
Feb 23, 2021;22,377.62;22,662.52;22,248.12;22,429.42;22,429.42;34,597,840
Feb 22, 2021;22,507.12;22,999.22;22,274.02;22,481.22;22,481.22;41,371,579
Feb 19, 2021;22,429.42;22,740.22;22,325.82;22,507.12;22,507.12;34,105,215
Feb 18, 2021;22,481.22;22,792.02;22,248.12;22,714.32;22,714.32;41,734,899
Feb 17, 2021;21,989.12;22,507.12;21,911.42;22,507.12;22,507.12;46,859,412
Feb 9, 2021;21,186.22;21,704.22;20,953.12;21,652.42;21,652.42;50,511,145
Feb 8, 2021;22,015.02;22,066.82;20,720.02;21,186.22;21,186.22;64,224,645
Feb 5, 2021;21,730.12;22,118.62;21,600.62;22,015.02;22,015.02;47,628,137
Feb 4, 2021;21,756.02;21,859.62;21,522.92;21,652.42;21,652.42;44,935,090
Feb 3, 2021;21,341.62;21,937.32;21,238.02;21,756.02;21,756.02;69,013,829
Feb 2, 2021;19,943.02;20,979.02;19,813.52;20,979.02;20,979.02;57,918,281
Feb 1, 2021;20,202.02;20,642.32;19,787.62;19,865.32;19,865.32;45,314,046
Jan 29, 2021;19,166.02;20,694.12;19,166.02;20,279.72;20,279.72;77,963,357
Jan 28, 2021;19,476.82;20,227.92;19,425.02;19,425.02;19,425.02;96,615,925
Jan 27, 2021;21,445.22;21,963.22;20,461.02;20,875.42;20,875.42;55,084,499
Jan 26, 2021;22,584.82;22,584.82;21,548.82;21,911.42;21,911.42;47,146,476
Jan 25, 2021;22,403.52;23,543.12;22,325.82;22,636.62;22,636.62;66,343,948
Jan 22, 2021;22,947.42;23,154.62;22,558.92;22,610.72;22,610.72;30,306,146
Jan 21, 2021;22,196.32;22,895.62;21,652.42;22,895.62;22,895.62;41,447,254
Jan 20, 2021;21,756.02;22,248.12;20,720.02;21,600.62;21,600.62;74,194,267
Jan 19, 2021;23,102.82;23,102.82;21,497.02;21,548.82;21,548.82;55,827,626
Jan 18, 2021;23,051.02;23,232.32;22,921.52;23,102.82;23,102.82;37,171,390
Jan 15, 2021;22,947.42;23,335.92;22,947.42;23,051.02;23,051.02;28,548,812
Jan 14, 2021;23,154.62;23,154.62;22,714.32;23,025.12;23,025.12;34,415,022
Jan 13, 2021;23,413.62;23,543.12;22,999.22;23,154.62;23,154.62;31,623,906
Jan 12, 2021;22,377.62;23,258.22;22,222.22;23,258.22;23,258.22;44,090,302
Jan 11, 2021;22,325.82;22,429.42;22,066.82;22,299.92;22,299.92;32,133,364
Jan 8, 2021;22,222.22;22,429.42;22,066.82;22,144.52;22,144.52;39,682,199
Jan 7, 2021;22,351.72;22,377.62;21,885.52;22,170.42;22,170.42;49,936,243
Jan 6, 2021;22,015.02;22,429.42;21,911.42;22,170.42;22,170.42;38,259,806
Jan 5, 2021;21,652.42;22,170.42;21,600.62;21,937.32;21,937.32;3,597,310
Jan 4, 2021;21,756.02;22,274.02;21,574.72;21,911.42;21,911.42;33,634,328
Dec 31, 2020;21,186.22;21,626.52;21,082.62;21,471.12;21,471.12;23,431,713
Dec 30, 2020;21,548.82;21,548.82;21,108.52;21,186.22;21,186.22;43,141,847
Dec 29, 2020;21,367.52;21,678.32;21,263.92;21,548.82;21,548.82;26,537,694
Dec 28, 2020;21,652.42;21,730.12;21,238.02;21,522.92;21,522.92;41,225,980
Dec 25, 2020;20,720.02;21,160.32;20,461.02;21,108.52;21,108.52;44,145,745
Dec 24, 2020;21,030.82;21,134.42;19,994.82;20,694.12;20,694.12;36,320,271
Dec 23, 2020;20,435.12;21,341.62;20,409.22;20,720.02;20,720.02;54,352,472
Dec 22, 2020;19,968.92;20,435.12;19,839.42;20,383.32;20,383.32;51,047,669
Dec 21, 2020;20,202.02;20,227.92;19,865.32;19,968.92;19,968.92;31,725,257
Dec 18, 2020;19,735.82;20,072.52;19,632.22;19,994.82;19,994.82;38,826,040
Dec 17, 2020;19,891.22;20,020.72;19,502.72;19,502.72;19,502.72;59,246,773
Dec 16, 2020;20,098.42;20,383.32;19,943.02;20,098.42;20,098.42;36,491,023
Dec 15, 2020;20,227.92;20,279.72;19,943.02;19,994.82;19,994.82;39,771,985
Dec 14, 2020;20,409.22;20,461.02;20,176.12;20,331.52;20,331.52;30,055,064
Dec 11, 2020;19,684.02;20,098.42;19,528.62;20,098.42;20,098.42;34,673,864
Dec 10, 2020;19,943.02;19,994.82;19,269.62;19,476.82;19,476.82;82,601,788
Dec 9, 2020;19,943.02;19,994.82;19,735.82;19,943.02;19,943.02;31,591,473
Dec 8, 2020;19,787.62;20,098.42;19,684.02;19,891.22;19,891.22;40,201,405
Dec 7, 2020;19,191.92;19,891.22;19,088.32;19,787.62;19,787.62;49,585,470
Dec 4, 2020;19,191.92;19,295.52;19,010.62;19,140.12;19,140.12;38,036,851
Dec 3, 2020;18,414.92;19,088.32;18,285.42;19,088.32;19,088.32;45,766,766
Dec 2, 2020;18,440.82;18,466.72;18,181.82;18,285.42;18,285.42;34,254,096
Dec 1, 2020;18,078.22;18,440.82;17,896.92;18,440.82;18,440.82;42,283,276
Nov 30, 2020;18,777.52;18,855.22;18,389.02;18,389.02;18,389.02;80,630,709
Nov 27, 2020;18,130.02;18,855.22;18,130.02;18,777.52;18,777.52;32,112,746
Nov 26, 2020;18,181.82;18,337.22;17,767.42;18,181.82;18,181.82;64,871,363
Nov 25, 2020;19,062.42;19,114.22;18,233.62;18,440.82;18,440.82;115,245,945
Nov 24, 2020;19,554.52;19,943.02;18,803.42;19,425.02;19,425.02;99,491,230
Nov 23, 2020;18,492.62;19,606.32;18,389.02;19,425.02;19,425.02;48,033,811
Nov 20, 2020;18,285.42;18,492.62;18,104.12;18,492.62;18,492.62;35,310,851
Nov 19, 2020;17,974.62;18,389.02;17,845.12;18,233.62;18,233.62;51,222,205
Nov 18, 2020;17,404.82;17,922.82;17,275.32;17,922.82;17,922.82;42,693,393
Nov 17, 2020;16,835.02;17,275.32;16,783.22;17,275.32;17,275.32;31,329,890
Nov 16, 2020;16,731.42;16,964.52;16,524.22;16,705.52;16,705.52;49,302,073
Nov 13, 2020;16,317.02;16,550.12;16,291.12;16,550.12;16,550.12;23,478,025
Nov 12, 2020;16,213.42;16,317.02;16,187.52;16,291.12;16,291.12;18,926,099
Nov 11, 2020;16,213.42;16,368.82;16,135.72;16,213.42;16,213.42;28,116,359
Nov 10, 2020;16,627.82;16,679.62;16,213.42;16,213.42;16,213.42;39,913,395
Nov 9, 2020;15,954.42;16,317.02;15,902.62;16,317.02;16,317.02;35,825,407
Nov 6, 2020;15,695.42;15,902.62;15,643.62;15,747.22;15,747.22;25,888,969
Nov 5, 2020;15,876.72;15,928.52;15,669.52;15,669.52;15,669.52;22,390,535
Nov 4, 2020;15,902.62;16,058.02;15,721.32;15,876.72;15,876.72;35,354,018
Nov 3, 2020;16,058.02;16,213.42;15,824.92;15,902.62;15,902.62;33,824,328
Nov 2, 2020;15,824.92;15,902.62;15,721.32;15,850.82;15,850.82;20,113,608
Oct 30, 2020;15,954.42;16,006.22;15,488.22;15,824.92;15,824.92;37,571,429
Oct 29, 2020;15,514.12;15,928.52;15,514.12;15,850.82;15,850.82;40,325,325
Oct 28, 2020;16,135.72;16,394.72;15,643.62;15,747.22;15,747.22;49,542,767
Oct 27, 2020;15,850.82;16,420.62;15,824.92;16,265.22;16,265.22;49,269,331
Oct 26, 2020;16,058.02;16,576.02;15,902.62;15,954.42;15,954.42;39,394,264
Oct 23, 2020;15,436.42;16,006.22;15,358.72;16,006.22;16,006.22;58,082,931
Oct 22, 2020;15,022.01;15,332.82;14,970.21;15,332.82;15,332.82;25,515,456
Oct 21, 2020;15,255.12;15,332.82;15,022.01;15,073.82;15,073.82;22,601,500
Oct 20, 2020;14,892.51;15,203.32;14,866.62;15,203.32;15,203.32;27,853,639
Oct 19, 2020;15,099.71;15,151.52;14,944.32;14,970.21;14,970.21;21,118,008
Oct 16, 2020;15,125.62;15,281.02;14,996.12;15,073.82;15,073.82;33,434,463
Oct 15, 2020;15,540.02;15,540.02;15,047.92;15,047.92;15,047.92;59,257,004
Oct 14, 2020;14,478.11;14,685.31;14,400.41;14,685.31;14,685.31;31,932,611
Oct 13, 2020;14,607.61;14,633.51;14,452.21;14,504.01;14,504.01;20,590,305
Oct 12, 2020;14,840.71;14,892.51;14,529.91;14,633.51;14,633.51;27,526,496
Oct 9, 2020;14,607.61;14,866.62;14,504.01;14,763.01;14,763.01;18,560,925
Oct 8, 2020;14,504.01;14,555.81;14,348.61;14,555.81;14,555.81;39,632,526
Oct 7, 2020;14,555.81;14,659.42;14,400.41;14,400.41;14,400.41;30,855,121
Oct 6, 2020;14,219.11;14,633.51;14,089.61;14,633.51;14,633.51;45,578,524
Oct 5, 2020;13,908.31;14,193.21;13,908.31;14,167.31;14,167.31;24,693,699
Oct 2, 2020;14,011.91;14,115.51;13,468.01;13,830.61;13,830.61;39,513,414
Oct 1, 2020;13,778.81;14,089.61;13,727.01;13,986.01;13,986.01;33,130,717
Sep 30, 2020;13,649.31;13,752.91;13,519.81;13,675.21;13,675.21;25,068,467
Sep 29, 2020;13,701.11;13,882.41;13,649.31;13,649.31;13,649.31;36,287,414
Sep 28, 2020;13,364.41;13,675.21;13,312.61;13,675.21;13,675.21;34,465,465
Sep 25, 2020;13,364.41;13,364.41;13,209.01;13,338.51;13,338.51;20,066,019
Sep 24, 2020;13,312.61;13,416.21;13,209.01;13,286.71;13,286.71;24,006,131
Sep 23, 2020;13,286.71;13,416.21;13,234.91;13,364.41;13,364.41;24,429,472
Sep 22, 2020;13,209.01;13,312.61;13,157.21;13,234.91;13,234.91;29,837,575
Sep 21, 2020;13,416.21;13,442.11;13,260.81;13,312.61;13,312.61;22,670,767
Sep 18, 2020;13,234.91;13,312.61;13,209.01;13,312.61;13,312.61;24,586,267
Sep 17, 2020;12,820.51;13,209.01;12,794.61;13,157.21;13,157.21;52,582,203
Sep 16, 2020;12,820.51;12,846.41;12,742.81;12,794.61;12,794.61;13,488,866
Sep 15, 2020;12,820.51;12,924.11;12,768.71;12,794.61;12,794.61;17,488,880
Sep 14, 2020;12,691.01;12,820.51;12,691.01;12,742.81;12,742.81;24,562,348
Sep 11, 2020;12,716.91;12,768.71;12,665.11;12,665.11;12,665.11;22,533,644
Sep 10, 2020;12,794.61;12,872.31;12,691.01;12,716.91;12,716.91;27,811,264
Sep 9, 2020;12,639.21;12,924.11;12,613.31;12,691.01;12,691.01;37,900,308
Sep 8, 2020;12,742.81;12,794.61;12,665.11;12,768.71;12,768.71;24,285,900
Sep 7, 2020;12,950.01;13,001.81;12,691.01;12,691.01;12,691.01;27,860,299
Sep 4, 2020;12,768.71;13,001.81;12,768.71;12,924.11;12,924.11;36,921,563
Sep 3, 2020;12,950.01;13,053.61;12,898.21;12,950.01;12,950.01;28,275,896
Sep 1, 2020;12,716.91;12,924.11;12,665.11;12,846.41;12,846.41;33,989,810
Aug 31, 2020;12,535.61;12,846.41;12,535.61;12,716.91;12,716.91;25,828,467
Aug 28, 2020;12,691.01;12,691.01;12,561.51;12,587.41;12,587.41;22,400,651
Aug 27, 2020;12,535.61;12,613.31;12,483.81;12,587.41;12,587.41;17,583,610
Aug 26, 2020;12,691.01;12,716.91;12,535.61;12,535.61;12,535.61;33,623,304
Aug 25, 2020;12,898.21;12,975.91;12,716.91;12,716.91;12,716.91;20,748,086
Aug 24, 2020;12,691.01;12,924.11;12,639.21;12,846.41;12,846.41;28,323,734
Aug 21, 2020;12,483.81;12,639.21;12,457.91;12,613.31;12,613.31;17,318,493
Aug 20, 2020;12,561.51;12,613.31;12,432.01;12,483.81;12,483.81;20,042,681
Aug 19, 2020;12,535.61;12,639.21;12,483.81;12,561.51;12,561.51;18,163,957
Aug 18, 2020;12,639.21;12,639.21;12,483.81;12,509.71;12,509.71;10,934,351
Aug 17, 2020;12,457.91;12,587.41;12,406.11;12,587.41;12,587.41;16,386,951
Aug 14, 2020;12,691.01;12,742.81;12,380.21;12,483.81;12,483.81;29,644,891
Aug 13, 2020;12,691.01;12,742.81;12,587.41;12,691.01;12,691.01;15,179,230
Aug 12, 2020;12,587.41;12,691.01;12,483.81;12,587.41;12,587.41;17,319,325
Aug 11, 2020;12,639.21;12,716.91;12,483.81;12,561.51;12,561.51;18,872,398
Aug 10, 2020;12,665.11;12,820.51;12,587.41;12,587.41;12,587.41;29,857,537
Aug 7, 2020;12,432.01;12,587.41;12,406.11;12,535.61;12,535.61;23,479,530
Aug 6, 2020;12,483.81;12,639.21;12,328.41;12,457.91;12,457.91;26,611,573
Aug 5, 2020;11,914.01;12,613.31;11,862.21;12,483.81;12,483.81;51,830,004
Aug 4, 2020;12,017.61;12,069.41;11,810.41;11,914.01;11,914.01;21,980,845
Aug 3, 2020;11,240.61;11,914.01;11,240.61;11,862.21;11,862.21;33,264,655
Jul 31, 2020;11,111.11;11,421.91;11,111.11;11,240.61;11,240.61;14,861,451
Jul 30, 2020;11,344.21;11,551.41;11,318.31;11,447.81;11,447.81;22,185,593
Jul 29, 2020;11,551.41;11,810.41;10,955.71;11,266.51;11,266.51;36,186,989
Jul 28, 2020;11,439.18;11,870.84;11,309.68;11,806.09;11,806.09;32,847,649
Jul 27, 2020;11,244.93;11,719.76;11,137.01;11,201.76;11,201.76;42,705,221
Jul 24, 2020;12,086.68;12,108.26;11,352.84;11,590.26;11,590.26;49,316,891
Jul 23, 2020;12,129.85;12,173.01;11,957.18;12,173.01;12,173.01;23,576,430
Jul 22, 2020;12,216.18;12,259.35;12,065.10;12,129.85;12,129.85;17,285,378
Jul 21, 2020;12,129.85;12,194.60;12,000.35;12,129.85;12,129.85;28,302,641
Jul 20, 2020;12,302.51;12,388.85;12,086.68;12,086.68;12,086.68;28,083,189
Jul 17, 2020;12,388.85;12,410.43;12,324.10;12,324.10;12,324.10;15,830,253
Jul 16, 2020;12,173.01;12,475.18;12,065.10;12,345.68;12,345.68;43,848,232
Jul 15, 2020;12,173.01;12,259.35;12,108.26;12,108.26;12,108.26;15,245,890
Jul 14, 2020;11,849.26;12,065.10;11,827.68;12,043.51;12,043.51;13,337,405
Jul 13, 2020;11,892.43;12,021.93;11,762.93;11,935.60;11,935.60;34,751,870
Jul 10, 2020;12,086.68;12,194.60;11,914.01;11,978.76;11,978.76;36,032,163
Jul 9, 2020;12,129.85;12,216.18;12,065.10;12,151.43;12,151.43;18,042,790
Jul 8, 2020;12,151.43;12,280.93;12,043.51;12,108.26;12,108.26;21,210,556
Jul 7, 2020;11,978.76;12,475.18;11,957.18;12,237.76;12,237.76;66,414,071
Jul 6, 2020;11,957.18;11,978.76;11,849.26;11,914.01;11,914.01;22,667,068
Jul 3, 2020;11,957.18;11,978.76;11,827.68;11,870.84;11,870.84;19,995,732
Jul 2, 2020;11,870.84;11,978.76;11,827.68;11,914.01;11,914.01;30,117,697
Jul 1, 2020;11,655.01;11,870.84;11,611.84;11,827.68;11,827.68;26,601,585
Jun 30, 2020;11,568.68;11,827.68;11,460.76;11,568.68;11,568.68;35,736,402
Jun 29, 2020;11,611.84;11,655.01;11,331.26;11,503.93;11,503.93;28,675,035
Jun 26, 2020;11,827.68;11,914.01;11,655.01;11,741.34;11,741.34;21,692,339
Jun 25, 2020;11,525.51;12,000.35;11,460.76;11,784.51;11,784.51;57,335,940
Jun 24, 2020;11,655.01;11,806.09;11,568.68;11,655.01;11,655.01;15,270,469
Jun 23, 2020;11,784.51;11,957.18;11,547.09;11,655.01;11,655.01;27,712,327
Jun 22, 2020;11,827.68;12,000.35;11,633.43;11,784.51;11,784.51;22,540,447
Jun 19, 2020;11,655.01;11,806.09;11,655.01;11,806.09;11,806.09;24,400,190
Jun 18, 2020;11,201.76;11,590.26;11,158.59;11,568.68;11,568.68;20,977,019
Jun 17, 2020;11,309.68;11,417.59;11,180.18;11,331.26;11,331.26;16,670,507
Jun 16, 2020;11,223.34;11,396.01;11,072.26;11,309.68;11,309.68;21,068,571
Jun 15, 2020;11,352.84;11,439.18;10,942.76;10,964.34;10,964.34;26,299,987
Jun 12, 2020;10,575.84;11,439.18;10,575.84;11,439.18;11,439.18;49,207,501
Jun 11, 2020;11,590.26;11,719.76;11,007.51;11,007.51;11,007.51;53,188,115
Jun 10, 2020;11,655.01;11,827.68;11,503.93;11,655.01;11,655.01;22,963,342
Jun 9, 2020;12,065.10;12,086.68;11,633.43;11,698.18;11,698.18;43,305,244
Jun 8, 2020;11,870.84;12,129.85;11,784.51;11,957.18;11,957.18;40,412,900
Jun 5, 2020;11,439.18;11,784.51;11,309.68;11,676.59;11,676.59;31,695,859
Jun 4, 2020;11,655.01;11,827.68;11,482.34;11,482.34;11,482.34;33,656,027
Jun 3, 2020;11,676.59;11,741.34;11,482.34;11,633.43;11,633.43;27,943,106
Jun 2, 2020;12,000.35;12,000.35;11,633.43;11,676.59;11,676.59;26,615,417
Jun 1, 2020;12,000.35;12,000.35;11,849.26;11,935.60;11,935.60;18,585,825
May 29, 2020;11,784.51;11,957.18;11,655.01;11,827.68;11,827.68;30,633,303
May 28, 2020;11,870.84;11,914.01;11,611.84;11,741.34;11,741.34;33,790,783
May 27, 2020;12,345.68;12,345.68;11,741.34;11,741.34;11,741.34;46,955,604
May 26, 2020;11,806.09;12,259.35;11,784.51;12,259.35;12,259.35;27,112,186
May 25, 2020;11,870.84;12,000.35;11,719.76;11,784.51;11,784.51;26,035,987
May 22, 2020;11,374.43;11,849.26;11,331.26;11,762.93;11,762.93;41,785,740
May 21, 2020;11,374.43;11,460.76;11,266.51;11,439.18;11,439.18;26,672,890
May 20, 2020;11,223.34;11,482.34;11,072.26;11,417.59;11,417.59;27,448,164
May 19, 2020;11,396.01;11,590.26;11,244.93;11,288.09;11,288.09;44,786,710
May 18, 2020;10,554.26;10,834.84;10,360.01;10,834.84;10,834.84;33,212,907
May 15, 2020;10,338.43;10,381.59;10,101.01;10,144.18;10,144.18;21,722,896
May 14, 2020;10,273.68;10,403.18;10,230.51;10,338.43;10,338.43;15,330,446
May 13, 2020;10,122.59;10,446.34;10,057.84;10,403.18;10,403.18;23,046,022
May 12, 2020;10,208.93;10,316.84;10,101.01;10,208.93;10,208.93;25,268,590
May 11, 2020;10,230.51;10,403.18;10,057.84;10,338.43;10,338.43;16,958,066
May 8, 2020;10,273.68;10,424.76;10,101.01;10,101.01;10,101.01;29,667,791
