Date;Open;High;Low;Close;Adj Close;Volume
May 7, 2025;23,550.00;23,600.00;23,200.00;23,250.00;23,250.00;21,946,620
May 6, 2025;23,600.00;23,700.00;23,500.00;23,550.00;23,550.00;22,810,170
May 5, 2025;23,700.00;23,750.00;23,450.00;23,550.00;23,550.00;19,587,740
Apr 29, 2025;23,700.00;23,750.00;23,550.00;23,550.00;23,550.00;13,327,800
Apr 28, 2025;23,800.00;23,850.00;23,550.00;23,700.00;23,700.00;23,070,500
Apr 25, 2025;23,500.00;23,750.00;23,300.00;23,550.00;23,550.00;40,909,200
Apr 24, 2025;23,400.00;23,400.00;23,050.00;23,250.00;23,250.00;18,099,100
Apr 23, 2025;23,450.00;23,700.00;23,100.00;23,400.00;23,400.00;33,860,600
Apr 22, 2025;22,850.00;23,150.00;21,550.00;23,100.00;23,100.00;45,405,000
Apr 21, 2025;23,500.00;23,500.00;22,800.00;22,950.00;22,950.00;37,143,800
Apr 18, 2025;23,100.00;23,450.00;23,050.00;23,250.00;23,250.00;32,262,900
Apr 17, 2025;22,700.00;23,000.00;22,600.00;23,000.00;23,000.00;21,593,500
Apr 16, 2025;23,000.00;23,250.00;22,750.00;22,900.00;22,900.00;21,927,000
Apr 15, 2025;23,000.00;23,400.00;22,900.00;23,000.00;23,000.00;29,512,300
Apr 14, 2025;23,500.00;23,550.00;23,150.00;23,450.00;23,450.00;31,742,100
Apr 11, 2025;22,500.00;23,500.00;22,400.00;23,450.00;23,450.00;78,980,400
Apr 10, 2025;22,050.00;22,050.00;22,050.00;22,050.00;22,050.00;3,818,165
Apr 9, 2025;19,450.00;21,400.00;19,450.00;20,650.00;20,650.00;61,224,580
Apr 8, 2025;21,150.00;21,900.00;20,900.00;20,900.00;20,900.00;67,764,110
Apr 4, 2025;21,100.00;22,450.00;21,100.00;22,450.00;22,450.00;75,397,780
Apr 3, 2025;23,600.00;23,700.00;22,650.00;22,650.00;22,650.00;87,853,100
Apr 2, 2025;24,600.00;24,650.00;24,350.00;24,350.00;24,350.00;10,558,900
Apr 1, 2025;24,150.00;24,600.00;24,000.00;24,600.00;24,600.00;15,642,910
Mar 31, 2025;23,850.00;24,100.00;23,800.00;24,100.00;24,100.00;19,358,100
Mar 28, 2025;24,000.00;24,100.00;23,800.00;23,900.00;23,900.00;16,254,000
Mar 27, 2025;24,000.00;24,100.00;23,900.00;23,900.00;23,900.00;13,025,800
Mar 26, 2025;24,150.00;24,400.00;24,000.00;24,000.00;24,000.00;18,277,300
Mar 25, 2025;24,500.00;24,550.00;24,150.00;24,200.00;24,200.00;16,673,900
Mar 24, 2025;24,300.00;24,400.00;23,950.00;24,400.00;24,400.00;18,367,900
Mar 21, 2025;24,300.00;24,500.00;24,200.00;24,300.00;24,300.00;18,167,500
Mar 20, 2025;24,000.00;24,350.00;23,900.00;24,250.00;24,250.00;22,462,200
Mar 19, 2025;23,900.00;24,000.00;23,700.00;23,850.00;23,850.00;22,227,800
Mar 18, 2025;24,400.00;24,400.00;23,900.00;23,900.00;23,900.00;28,146,980
Mar 17, 2025;24,400.00;24,450.00;24,100.00;24,300.00;24,300.00;27,206,500
Mar 14, 2025;24,250.00;24,450.00;24,150.00;24,300.00;24,300.00;20,034,010
Mar 13, 2025;24,650.00;24,700.00;24,200.00;24,300.00;24,300.00;25,644,110
Mar 12, 2025;24,900.00;25,000.00;24,600.00;24,600.00;24,600.00;33,557,610
Mar 11, 2025;24,200.00;24,800.00;24,150.00;24,800.00;24,800.00;28,304,210
Mar 10, 2025;24,750.00;24,900.00;24,450.00;24,500.00;24,500.00;19,469,650
Mar 7, 2025;24,250.00;24,900.00;24,100.00;24,500.00;24,500.00;50,980,620
Mar 6, 2025;23,700.00;24,100.00;23,500.00;24,100.00;24,100.00;30,549,330
Mar 5, 2025;23,400.00;24,100.00;23,300.00;23,550.00;23,550.00;33,892,120
Mar 4, 2025;23,050.00;23,600.00;22,850.00;23,400.00;23,400.00;34,307,010
Mar 3, 2025;23,000.00;23,100.00;22,950.00;23,100.00;23,100.00;13,220,000
Feb 28, 2025;23,100.00;23,150.00;22,950.00;23,000.00;23,000.00;12,262,810
Feb 27, 2025;23,200.00;23,250.00;22,950.00;23,200.00;23,200.00;13,556,110
Feb 26, 2025;23,500.00;23,550.00;23,200.00;23,200.00;23,200.00;8,767,912
Feb 25, 2025;23,050.00;23,550.00;23,050.00;23,400.00;23,400.00;38,636,410
Feb 24, 2025;22,800.00;23,050.00;22,800.00;23,000.00;23,000.00;13,739,210
Feb 21, 2025;22,900.00;23,150.00;22,800.00;22,900.00;22,900.00;21,152,420
Feb 20, 2025;23,000.00;23,000.00;22,850.00;22,850.00;22,850.00;11,621,810
Feb 19, 2025;22,800.00;22,950.00;22,700.00;22,850.00;22,850.00;10,350,910
Feb 18, 2025;22,650.00;22,950.00;22,600.00;22,700.00;22,700.00;12,498,110
Feb 17, 2025;22,900.00;22,900.00;22,600.00;22,650.00;22,650.00;9,304,053
Feb 14, 2025;23,000.00;23,000.00;22,800.00;22,850.00;22,850.00;8,323,592
Feb 13, 2025;22,850.00;22,900.00;22,600.00;22,900.00;22,900.00;7,558,104
Feb 12, 2025;23,000.00;23,050.00;22,700.00;22,700.00;22,700.00;8,361,097
Feb 11, 2025;23,000.00;23,000.00;22,850.00;23,000.00;23,000.00;7,784,308
Feb 10, 2025;22,700.00;23,250.00;22,450.00;22,900.00;22,900.00;19,859,510
Feb 7, 2025;22,700.00;23,000.00;22,400.00;22,750.00;22,750.00;14,237,910
Feb 6, 2025;22,550.00;22,950.00;22,550.00;22,600.00;22,600.00;11,107,920
Feb 5, 2025;22,500.00;22,550.00;22,300.00;22,500.00;22,500.00;26,174,500
Feb 4, 2025;22,200.00;22,600.00;22,100.00;22,450.00;22,450.00;12,433,300
Feb 3, 2025;22,050.00;22,250.00;21,950.00;22,050.00;22,050.00;9,831,105
Jan 24, 2025;22,050.00;22,450.00;22,050.00;22,400.00;22,400.00;10,552,170
Jan 23, 2025;21,900.00;22,250.00;21,800.00;22,200.00;22,200.00;15,239,720
Jan 22, 2025;21,950.00;21,950.00;21,750.00;21,800.00;21,800.00;8,167,130
Jan 21, 2025;21,950.00;22,050.00;21,750.00;21,850.00;21,850.00;16,803,720
Jan 20, 2025;21,500.00;21,950.00;21,500.00;21,850.00;21,850.00;9,424,660
Jan 17, 2025;21,500.00;21,500.00;21,350.00;21,500.00;21,500.00;7,965,419
Jan 16, 2025;21,500.00;21,600.00;21,350.00;21,400.00;21,400.00;9,901,825
Jan 15, 2025;21,450.00;21,500.00;21,300.00;21,350.00;21,350.00;9,917,588
Jan 14, 2025;21,400.00;21,500.00;21,150.00;21,300.00;21,300.00;7,936,021
Jan 13, 2025;21,150.00;21,500.00;20,950.00;21,500.00;21,500.00;9,021,557
Jan 10, 2025;21,450.00;21,500.00;21,150.00;21,150.00;21,150.00;10,415,520
Jan 9, 2025;21,600.00;21,700.00;21,450.00;21,500.00;21,500.00;7,521,334
Jan 8, 2025;21,450.00;21,700.00;21,450.00;21,600.00;21,600.00;8,416,606
Jan 7, 2025;1.15:1 Stock Splits;;;;;
Jan 7, 2025;21,700.00;21,700.00;21,200.00;21,650.00;21,650.00;14,558,370
Jan 6, 2025;21,478.26;21,652.17;21,217.39;21,217.39;21,217.39;17,406,193
Jan 3, 2025;21,913.04;21,913.04;21,478.26;21,478.26;21,478.26;12,915,201
Jan 2, 2025;21,869.56;22,130.44;21,782.61;21,913.04;21,913.04;15,481,357
Dec 31, 2024;21,565.22;21,826.09;21,565.22;21,826.09;21,826.09;13,537,029
Dec 30, 2024;21,869.56;21,869.56;21,565.22;21,565.22;21,565.22;13,334,238
Dec 27, 2024;21,782.61;22,000.00;21,739.13;21,782.61;21,782.61;21,272,746
Dec 26, 2024;21,304.35;21,652.17;21,260.87;21,652.17;21,652.17;24,438,811
Dec 25, 2024;20,826.09;21,565.22;20,826.09;21,260.87;21,260.87;18,192,908
Dec 24, 2024;20,913.04;20,913.04;20,739.13;20,782.61;20,782.61;4,395,931
Dec 23, 2024;20,869.56;21,000.00;20,869.56;20,913.04;20,913.04;8,605,556
Dec 20, 2024;20,739.13;20,869.56;20,695.65;20,869.56;20,869.56;27,464,679
Dec 19, 2024;20,695.65;20,913.04;20,695.65;20,739.13;20,739.13;12,106,418
Dec 18, 2024;21,000.00;21,043.48;20,913.04;21,043.48;21,043.48;4,807,842
Dec 17, 2024;20,913.04;21,043.48;20,913.04;21,000.00;21,000.00;4,796,814
Dec 16, 2024;21,086.96;21,173.91;20,869.56;20,956.52;20,956.52;7,355,845
Dec 13, 2024;21,086.96;21,173.91;21,043.48;21,086.96;21,086.96;5,403,122
Dec 12, 2024;21,217.39;21,347.83;21,130.44;21,130.44;21,130.44;6,696,410
Dec 11, 2024;21,086.96;21,217.39;20,956.52;21,130.44;21,130.44;7,966,006
Dec 10, 2024;21,217.39;21,304.35;21,086.96;21,086.96;21,086.96;7,897,880
Dec 9, 2024;21,217.39;21,347.83;21,086.96;21,217.39;21,217.39;7,640,180
Dec 6, 2024;21,391.30;21,391.30;21,173.91;21,173.91;21,173.91;18,306,988
Dec 5, 2024;20,739.13;21,391.30;20,695.65;21,347.83;21,347.83;12,287,520
Dec 4, 2024;20,782.61;20,869.56;20,695.65;20,739.13;20,739.13;9,867,231
Dec 3, 2024;21,000.00;21,043.48;20,826.09;20,826.09;20,826.09;8,530,585
Dec 2, 2024;21,043.48;21,130.44;20,913.04;21,000.00;21,000.00;7,177,654
Nov 29, 2024;20,913.04;21,000.00;20,826.09;21,000.00;21,000.00;7,794,930
Nov 28, 2024;21,043.48;21,086.96;20,869.56;20,869.56;20,869.56;10,250,065
Nov 27, 2024;20,869.56;21,086.96;20,782.61;20,956.52;20,956.52;5,064,946
Nov 26, 2024;20,913.04;21,043.48;20,869.56;20,956.52;20,956.52;6,172,396
Nov 25, 2024;20,869.56;20,913.04;20,782.61;20,826.09;20,826.09;5,939,981
Nov 22, 2024;20,826.09;21,043.48;20,782.61;20,869.56;20,869.56;10,588,051
Nov 21, 2024;20,521.74;20,869.56;20,347.83;20,869.56;20,869.56;7,567,232
Nov 20, 2024;20,130.44;20,608.70;20,130.44;20,478.26;20,478.26;13,063,643
Nov 19, 2024;20,434.78;20,521.74;20,130.44;20,130.44;20,130.44;9,052,685
Nov 18, 2024;20,434.78;20,565.22;20,086.96;20,347.83;20,347.83;18,787,550
Nov 15, 2024;20,608.70;20,695.65;20,434.78;20,434.78;20,434.78;23,079,695
Nov 14, 2024;20,956.52;20,956.52;20,695.65;20,695.65;20,695.65;24,355,850
Nov 13, 2024;20,956.52;21,086.96;20,739.13;21,000.00;21,000.00;15,994,890
Nov 12, 2024;21,130.44;21,173.91;20,956.52;20,956.52;20,956.52;10,483,883
Nov 11, 2024;21,347.83;21,391.30;20,826.09;21,130.44;21,130.44;19,920,530
Nov 8, 2024;21,608.70;21,652.17;21,217.39;21,347.83;21,347.83;9,607,215
Nov 7, 2024;21,739.13;21,739.13;21,565.22;21,565.22;21,565.22;13,785,395
Nov 6, 2024;21,434.78;21,652.17;21,304.35;21,608.70;21,608.70;9,866,885
Nov 5, 2024;21,347.83;21,391.30;21,217.39;21,260.87;21,260.87;11,100,110
Nov 4, 2024;21,478.26;21,521.74;21,217.39;21,260.87;21,260.87;14,261,725
Nov 1, 2024;21,695.65;21,782.61;21,391.30;21,391.30;21,391.30;13,598,980
Oct 31, 2024;21,739.13;21,913.04;21,565.22;21,782.61;21,782.61;11,744,030
Oct 30, 2024;21,739.13;21,869.56;21,478.26;21,739.13;21,739.13;16,694,895
Oct 29, 2024;21,652.17;21,826.09;21,608.70;21,739.13;21,739.13;9,831,580
Oct 28, 2024;21,521.74;21,608.70;21,434.78;21,565.22;21,565.22;4,575,046
Oct 25, 2024;21,565.22;21,565.22;21,347.83;21,434.78;21,434.78;12,294,995
Oct 24, 2024;21,956.52;22,086.96;21,478.26;21,478.26;21,478.26;22,133,705
Oct 23, 2024;21,956.52;22,043.48;21,869.56;21,956.52;21,956.52;13,454,425
Oct 22, 2024;22,173.91;22,304.35;21,869.56;21,956.52;21,956.52;23,376,280
Oct 21, 2024;22,391.30;22,521.74;22,217.39;22,217.39;22,217.39;10,822,076
Oct 18, 2024;22,608.70;22,782.61;22,347.83;22,391.30;22,391.30;21,249,700
Oct 17, 2024;22,217.39;22,521.74;22,043.48;22,521.74;22,521.74;13,712,025
Oct 16, 2024;22,304.35;22,304.35;22,086.96;22,173.91;22,173.91;12,453,810
Oct 15, 2024;22,565.22;22,695.65;22,304.35;22,304.35;22,304.35;17,725,410
Oct 14, 2024;22,304.35;22,695.65;22,173.91;22,478.26;22,478.26;17,908,720
Oct 11, 2024;22,173.91;22,260.87;22,043.48;22,217.39;22,217.39;8,533,576
Oct 10, 2024;22,347.83;22,565.22;22,173.91;22,173.91;22,173.91;14,608,335
Oct 9, 2024;22,000.00;22,304.35;21,956.52;22,260.87;22,260.87;16,832,435
Oct 8, 2024;21,913.04;22,173.91;21,826.09;21,913.04;21,913.04;14,240,910
Oct 7, 2024;22,000.00;22,086.96;21,739.13;21,913.04;21,913.04;11,714,130
Oct 4, 2024;22,173.91;22,173.91;21,826.09;21,826.09;21,826.09;21,929,695
Oct 3, 2024;22,304.35;22,695.65;22,086.96;22,173.91;22,173.91;29,134,790
Oct 2, 2024;22,217.39;22,478.26;22,173.91;22,347.83;22,347.83;23,196,075
Oct 1, 2024;22,391.30;22,739.13;22,304.35;22,304.35;22,304.35;21,583,545
Sep 30, 2024;22,130.44;22,434.78;22,130.44;22,347.83;22,347.83;17,070,025
Sep 27, 2024;22,347.83;22,739.13;22,260.87;22,347.83;22,347.83;21,282,360
Sep 26, 2024;22,391.30;22,565.22;22,173.91;22,347.83;22,347.83;30,791,710
Sep 25, 2024;22,086.96;22,521.74;22,043.48;22,391.30;22,391.30;39,316,315
Sep 24, 2024;21,652.17;22,000.00;21,565.22;21,956.52;21,956.52;20,435,385
Sep 23, 2024;21,565.22;22,086.96;21,565.22;21,565.22;21,565.22;26,943,005
Sep 20, 2024;21,347.83;21,739.13;21,347.83;21,521.74;21,521.74;38,356,640
Sep 19, 2024;21,260.87;21,347.83;21,173.91;21,217.39;21,217.39;10,064,111
Sep 18, 2024;21,130.44;21,391.30;21,000.00;21,217.39;21,217.39;19,426,214
Sep 17, 2024;20,869.56;21,086.96;20,695.65;21,086.96;21,086.96;9,987,643
Sep 16, 2024;20,782.61;21,086.96;20,739.13;20,782.61;20,782.61;9,987,866
Sep 13, 2024;20,913.04;20,913.04;20,739.13;20,782.61;20,782.61;5,842,345
Sep 12, 2024;20,869.56;21,000.00;20,826.09;20,869.56;20,869.56;9,652,180
Sep 11, 2024;20,652.17;20,913.04;20,434.78;20,782.61;20,782.61;11,962,300
Sep 10, 2024;20,913.04;21,043.48;20,565.22;20,652.17;20,652.17;16,971,470
Sep 9, 2024;20,782.61;20,826.09;20,652.17;20,826.09;20,826.09;11,770,020
Sep 6, 2024;20,782.61;20,913.04;20,652.17;20,869.56;20,869.56;67,914,641
Sep 5, 2024;21,217.39;21,478.26;20,782.61;20,826.09;20,826.09;82,147,938
Sep 4, 2024;21,260.87;21,391.30;21,173.91;21,217.39;21,217.39;20,607,195
Aug 30, 2024;21,608.70;21,739.13;21,565.22;21,608.70;21,608.70;10,199,696
Aug 29, 2024;21,434.78;21,913.04;21,434.78;21,608.70;21,608.70;26,171,585
Aug 28, 2024;21,260.87;21,478.26;21,173.91;21,434.78;21,434.78;19,741,130
Aug 27, 2024;21,173.91;21,304.35;21,130.44;21,217.39;21,217.39;13,108,505
Aug 26, 2024;21,478.26;21,565.22;21,130.44;21,260.87;21,260.87;13,437,060
Aug 23, 2024;21,217.39;21,434.78;21,130.44;21,347.83;21,347.83;17,962,195
Aug 22, 2024;21,608.70;21,652.17;21,217.39;21,217.39;21,217.39;15,059,135
Aug 21, 2024;21,086.96;21,565.22;20,913.04;21,521.74;21,521.74;25,264,120
Aug 20, 2024;20,956.52;21,304.35;20,913.04;21,086.96;21,086.96;18,975,000
Aug 19, 2024;20,956.52;21,086.96;20,826.09;20,913.04;20,913.04;11,454,461
Aug 16, 2024;20,347.83;20,956.52;20,304.35;20,913.04;20,913.04;24,344,925
Aug 15, 2024;20,347.83;20,478.26;20,217.39;20,217.39;20,217.39;13,711,174
Aug 14, 2024;20,652.17;20,652.17;20,347.83;20,347.83;20,347.83;8,032,290
Aug 13, 2024;20,565.22;20,652.17;20,347.83;20,521.74;20,521.74;8,724,130
Aug 12, 2024;20,434.78;20,608.70;20,304.35;20,608.70;20,608.70;12,341,455
Aug 9, 2024;20,173.91;20,434.78;20,173.91;20,391.30;20,391.30;9,850,440
Aug 8, 2024;20,260.87;20,434.78;20,000.00;20,043.48;20,043.48;13,197,515
Aug 7, 2024;20,347.83;20,434.78;20,173.91;20,304.35;20,304.35;11,805,210
Aug 6, 2024;20,173.91;20,434.78;20,000.00;20,347.83;20,347.83;22,073,675
Aug 5, 2024;20,043.48;20,478.26;19,826.09;19,956.52;19,956.52;35,905,070
Aug 2, 2024;20,000.00;20,695.65;20,000.00;20,695.65;20,695.65;28,291,012
Aug 1, 2024;21,217.39;21,347.83;20,217.39;20,347.83;20,347.83;39,820,475
Jul 31, 2024;21,304.35;21,652.17;21,043.48;21,217.39;21,217.39;23,541,995
Jul 30, 2024;20,956.52;21,304.35;20,739.13;21,304.35;21,304.35;22,507,455
Jul 29, 2024;21,260.87;21,260.87;20,956.52;20,956.52;20,956.52;12,239,450
Jul 26, 2024;20,782.61;21,173.91;20,739.13;21,130.44;21,130.44;13,984,460
Jul 25, 2024;20,739.13;20,956.52;20,434.78;20,826.09;20,826.09;26,783,270
Jul 24, 2024;20,695.65;21,086.96;20,565.22;20,826.09;20,826.09;31,431,800
Jul 23, 2024;22,043.48;22,043.48;20,695.65;20,782.61;20,782.61;58,243,130
Jul 22, 2024;22,000.00;22,391.30;21,434.78;21,913.04;21,913.04;45,157,395
Jul 19, 2024;21,652.17;22,304.35;21,565.22;22,086.96;22,086.96;57,508,165
Jul 18, 2024;21,391.30;21,739.13;20,956.52;21,652.17;21,652.17;46,279,450
Jul 17, 2024;20,695.65;21,869.56;20,478.26;21,304.35;21,304.35;84,048,785
Jul 16, 2024;20,086.96;20,826.09;20,043.48;20,478.26;20,478.26;30,706,610
Jul 15, 2024;20,043.48;20,173.91;19,956.52;20,043.48;20,043.48;5,900,880
Jul 12, 2024;19,956.52;20,173.91;19,913.04;20,000.00;20,000.00;9,800,530
Jul 11, 2024;20,391.30;20,434.78;20,086.96;20,086.96;20,086.96;10,015,120
Jul 10, 2024;20,130.44;20,521.74;20,130.44;20,260.87;20,260.87;27,844,030
Jul 9, 2024;19,826.09;20,130.44;19,695.65;20,130.44;20,130.44;16,423,725
Jul 8, 2024;19,826.09;19,956.52;19,652.17;19,739.13;19,739.13;12,357,325
Jul 5, 2024;19,826.09;19,869.56;19,652.17;19,826.09;19,826.09;9,120,420
Jul 4, 2024;19,913.04;20,000.00;19,652.17;19,826.09;19,826.09;8,238,255
Jul 3, 2024;19,826.09;19,956.52;19,652.17;19,913.04;19,913.04;12,762,113
Jul 2, 2024;19,565.22;19,869.56;19,521.74;19,739.13;19,739.13;13,263,295
Jul 1, 2024;19,347.83;19,521.74;19,260.87;19,521.74;19,521.74;5,948,375
Jun 28, 2024;19,608.70;19,608.70;19,304.35;19,304.35;19,304.35;13,249,380
Jun 27, 2024;19,521.74;19,652.17;19,478.26;19,565.22;19,565.22;8,068,745
Jun 26, 2024;19,652.17;19,695.65;19,434.78;19,565.22;19,565.22;16,354,725
Jun 25, 2024;19,739.13;19,869.56;19,565.22;19,652.17;19,652.17;25,427,236
Jun 24, 2024;20,086.96;20,173.91;19,608.70;19,695.65;19,695.65;36,764,120
Jun 21, 2024;20,217.39;20,304.35;20,086.96;20,173.91;20,173.91;12,262,910
Jun 20, 2024;20,347.83;20,391.30;20,130.44;20,217.39;20,217.39;16,887,531
Jun 19, 2024;20,347.83;20,391.30;20,043.48;20,260.87;20,260.87;15,677,605
Jun 18, 2024;20,434.78;20,478.26;20,217.39;20,217.39;20,217.39;14,334,980
Jun 17, 2024;20,347.83;20,347.83;19,956.52;20,217.39;20,217.39;20,937,590
Jun 14, 2024;20,869.56;20,869.56;20,086.96;20,086.96;20,086.96;29,964,400
Jun 13, 2024;20,173.91;20,608.70;20,130.44;20,478.26;20,478.26;46,731,400
Jun 12, 2024;19,608.70;20,086.96;19,478.26;20,086.96;20,086.96;29,644,700
Jun 11, 2024;19,695.65;19,739.13;19,521.74;19,608.70;19,608.70;12,227,605
Jun 10, 2024;19,608.70;19,913.04;19,565.22;19,695.65;19,695.65;16,251,800
Jun 7, 2024;19,608.70;19,695.65;19,391.30;19,521.74;19,521.74;10,510,425
Jun 6, 2024;19,478.26;19,652.17;19,391.30;19,434.78;19,434.78;12,456,225
Jun 5, 2024;19,608.70;19,739.13;19,304.35;19,304.35;19,304.35;15,774,665
Jun 4, 2024;19,782.61;19,826.09;19,565.22;19,565.22;19,565.22;11,245,390
Jun 3, 2024;19,086.96;19,826.09;19,086.96;19,652.17;19,652.17;28,478,025
May 31, 2024;19,000.00;19,130.44;18,913.04;18,913.04;18,913.04;17,702,525
May 30, 2024;19,217.39;19,260.87;18,869.56;19,000.00;19,000.00;33,304,000
May 29, 2024;19,652.17;19,695.65;19,391.30;19,391.30;19,391.30;23,953,810
May 28, 2024;19,739.13;19,782.61;19,434.78;19,652.17;19,652.17;15,418,395
May 27, 2024;19,652.17;19,652.17;19,434.78;19,521.74;19,521.74;9,192,870
May 24, 2024;19,608.70;20,260.87;19,260.87;19,521.74;19,521.74;42,111,620
May 23, 2024;500 Dividend;;;;;
May 23, 2024;19,739.13;19,869.56;19,565.22;19,826.09;19,826.09;15,042,690
May 22, 2024;20,521.74;20,565.22;20,173.91;20,173.91;19,673.91;23,980,375
May 21, 2024;20,391.30;20,521.74;20,217.39;20,521.74;20,013.12;18,862,645
May 20, 2024;20,521.74;20,521.74;20,347.83;20,391.30;19,885.92;21,476,825
May 17, 2024;20,391.30;20,391.30;20,130.44;20,217.39;19,716.31;18,015,785
May 16, 2024;20,130.44;20,478.26;20,000.00;20,347.83;19,843.52;38,232,555
May 15, 2024;19,956.52;20,043.48;19,826.09;19,913.04;19,419.51;21,505,575
May 14, 2024;19,913.04;20,173.91;19,739.13;19,869.56;19,377.11;21,902,612
May 13, 2024;19,652.17;20,000.00;19,652.17;19,695.65;19,207.51;17,320,725
May 10, 2024;19,782.61;19,913.04;19,565.22;19,652.17;19,165.10;16,320,915
May 9, 2024;19,652.17;19,826.09;19,434.78;19,695.65;19,207.51;19,674,430
May 8, 2024;19,478.26;19,739.13;19,391.30;19,608.70;19,122.70;27,735,585
May 7, 2024;20,000.00;20,043.48;19,695.65;19,782.61;19,292.31;12,557,310
May 6, 2024;19,608.70;19,956.52;19,608.70;19,913.04;19,419.51;19,438,910
May 3, 2024;19,652.17;19,826.09;19,391.30;19,478.26;18,995.50;14,153,395
May 2, 2024;19,391.30;19,608.70;19,304.35;19,478.26;18,995.50;12,970,045
Apr 26, 2024;19,130.44;19,521.74;19,130.44;19,347.83;18,868.30;16,194,530
Apr 25, 2024;19,652.17;19,652.17;19,260.87;19,347.83;18,868.30;14,953,680
Apr 24, 2024;19,304.35;19,695.65;19,086.96;19,608.70;19,122.70;22,092,420
Apr 23, 2024;19,652.17;19,739.13;18,913.04;19,130.44;18,656.30;36,884,180
Apr 22, 2024;19,826.09;20,043.48;19,608.70;19,652.17;19,165.10;30,828,970
Apr 19, 2024;19,652.17;20,260.87;19,652.17;19,739.13;19,249.91;36,334,560
Apr 17, 2024;20,869.56;20,913.04;20,086.96;20,086.96;19,589.11;36,232,141
Apr 16, 2024;20,347.83;20,782.61;20,043.48;20,782.61;20,267.52;56,778,685
Apr 15, 2024;21,260.87;21,782.61;20,000.00;20,347.83;19,843.52;68,898,581
Apr 12, 2024;20,739.13;21,478.26;20,652.17;21,434.78;20,903.53;34,144,880
Apr 11, 2024;20,434.78;20,739.13;20,347.83;20,652.17;20,140.32;14,428,590
Apr 10, 2024;21,130.44;21,173.91;20,695.65;20,695.65;20,182.72;46,175,145
Apr 9, 2024;20,434.78;20,869.56;20,347.83;20,869.56;20,352.32;19,909,835
Apr 8, 2024;20,347.83;20,695.65;20,130.44;20,434.78;19,928.32;30,005,800
Apr 5, 2024;20,478.26;20,652.17;20,260.87;20,304.35;19,801.12;30,387,140
Apr 4, 2024;21,043.48;21,086.96;20,695.65;20,695.65;20,182.72;38,551,105
Apr 3, 2024;21,565.22;21,565.22;21,043.48;21,043.48;20,521.93;29,052,956
Apr 2, 2024;21,391.30;21,565.22;21,043.48;21,565.22;21,030.73;39,183,720
Apr 1, 2024;21,913.04;21,956.52;21,478.26;21,652.17;21,115.54;33,474,476
Mar 29, 2024;22,217.39;22,217.39;21,869.56;22,086.96;21,539.54;15,578,360
Mar 28, 2024;22,304.35;22,347.83;21,913.04;22,173.91;21,624.34;18,387,235
Mar 27, 2024;21,956.52;22,086.96;21,739.13;22,000.00;21,454.74;16,803,570
Mar 26, 2024;21,478.26;21,956.52;21,391.30;21,956.52;21,412.34;19,752,170
Mar 25, 2024;21,782.61;22,043.48;21,391.30;21,478.26;20,945.93;27,334,005
Mar 22, 2024;21,739.13;22,347.83;21,608.70;21,782.61;21,242.74;48,004,105
Mar 21, 2024;21,130.44;21,521.74;20,956.52;21,521.74;20,988.33;39,714,560
Mar 20, 2024;20,173.91;21,217.39;20,086.96;21,000.00;20,479.53;46,201,595
Mar 19, 2024;20,173.91;20,304.35;19,956.52;20,173.91;19,673.91;24,489,135
Mar 18, 2024;20,652.17;20,695.65;19,478.26;20,173.91;19,673.91;37,906,760
Mar 15, 2024;20,391.30;20,739.13;20,130.44;20,695.65;20,182.72;29,458,515
Mar 14, 2024;20,826.09;20,826.09;20,347.83;20,391.30;19,885.92;23,835,130
Mar 13, 2024;20,086.96;20,739.13;20,086.96;20,739.13;20,225.12;20,751,980
Mar 12, 2024;19,913.04;20,217.39;19,782.61;20,086.96;19,589.11;28,244,230
Mar 11, 2024;20,478.26;20,521.74;19,826.09;19,956.52;19,461.91;44,172,995
Mar 8, 2024;21,304.35;21,304.35;20,521.74;20,521.74;20,013.12;58,883,680
Mar 7, 2024;21,478.26;21,565.22;21,173.91;21,217.39;20,691.53;29,919,423
Mar 6, 2024;21,391.30;21,869.56;21,173.91;21,391.30;20,861.13;34,350,615
Mar 5, 2024;21,043.48;21,434.78;20,956.52;21,391.30;20,861.13;33,084,235
Mar 4, 2024;20,956.52;21,260.87;20,652.17;21,043.48;20,521.93;42,632,915
Mar 1, 2024;20,956.52;21,000.00;20,695.65;20,869.56;20,352.32;31,534,265
Feb 29, 2024;21,304.35;21,347.83;20,826.09;21,000.00;20,479.53;28,904,330
Feb 28, 2024;21,173.91;21,347.83;21,000.00;21,217.39;20,691.53;22,297,580
Feb 27, 2024;20,913.04;21,260.87;20,739.13;21,086.96;20,564.33;29,272,215
Feb 26, 2024;20,782.61;20,913.04;20,565.22;20,869.56;20,352.32;28,041,025
Feb 23, 2024;20,869.56;21,478.26;20,652.17;20,782.61;20,267.52;63,705,664
Feb 22, 2024;20,869.56;20,956.52;20,739.13;20,826.09;20,309.92;17,472,985
Feb 21, 2024;20,739.13;21,043.48;20,608.70;20,869.56;20,352.32;30,226,830
Feb 20, 2024;20,739.13;20,956.52;20,565.22;20,739.13;20,225.12;26,304,858
Feb 19, 2024;20,869.56;20,956.52;20,521.74;20,826.09;20,309.92;24,296,395
Feb 16, 2024;20,956.52;20,956.52;20,608.70;20,869.56;20,352.32;18,900,480
Feb 15, 2024;20,608.70;21,043.48;20,478.26;21,000.00;20,479.53;28,833,375
Feb 7, 2024;20,086.96;20,608.70;20,086.96;20,434.78;19,928.32;25,195,695
Feb 6, 2024;20,000.00;20,130.44;19,956.52;20,043.48;19,546.71;13,534,695
Feb 5, 2024;18,913.04;20,130.44;18,913.04;19,956.52;19,461.91;43,049,560
Feb 2, 2024;19,043.48;19,130.44;18,913.04;18,913.04;18,444.29;22,139,685
Feb 1, 2024;18,869.56;19,086.96;18,782.61;19,043.48;18,571.50;15,540,180
Jan 31, 2024;19,347.83;19,347.83;18,826.09;18,913.04;18,444.29;32,050,615
Jan 30, 2024;19,260.87;19,347.83;19,000.00;19,217.39;18,741.10;16,772,865
Jan 29, 2024;19,130.44;19,521.74;19,130.44;19,260.87;18,783.50;18,040,050
Jan 26, 2024;19,043.48;19,260.87;19,043.48;19,130.44;18,656.30;10,956,280
Jan 25, 2024;19,086.96;19,086.96;18,869.56;19,043.48;18,571.50;17,030,465
Jan 24, 2024;19,000.00;19,260.87;18,956.52;19,043.48;18,571.50;23,218,155
Jan 23, 2024;19,217.39;19,434.78;19,043.48;19,086.96;18,613.90;27,359,305
Jan 22, 2024;19,391.30;19,608.70;19,130.44;19,217.39;18,741.10;43,069,144
Jan 19, 2024;18,956.52;19,260.87;18,869.56;19,173.91;18,698.70;25,395,795
Jan 18, 2024;18,608.70;18,913.04;18,521.74;18,869.56;18,401.89;27,258,795
Jan 17, 2024;18,782.61;18,956.52;18,521.74;18,695.65;18,232.29;24,704,392
Jan 16, 2024;18,652.17;18,695.65;18,391.30;18,695.65;18,232.29;20,690,110
Jan 15, 2024;18,695.65;19,043.48;18,608.70;18,652.17;18,189.89;29,481,745
Jan 12, 2024;17,826.09;18,739.13;17,739.13;18,565.22;18,105.09;53,091,475
Jan 11, 2024;18,173.91;18,347.83;17,826.09;17,956.52;17,511.48;36,201,482
Jan 10, 2024;18,130.44;18,391.30;17,956.52;18,173.91;17,723.48;29,537,405
Jan 9, 2024;18,043.48;18,173.91;17,826.09;18,130.44;17,681.08;31,165,345
Jan 8, 2024;17,913.04;18,130.44;17,739.13;18,000.00;17,553.88;23,169,395
Jan 5, 2024;17,478.26;17,826.09;17,478.26;17,826.09;17,384.28;29,740,725
Jan 4, 2024;16,652.17;17,782.61;16,652.17;17,478.26;17,045.07;57,172,135
Jan 3, 2024;16,304.35;16,695.65;16,260.87;16,652.17;16,239.46;15,932,905
Jan 2, 2024;16,260.87;16,521.74;16,217.39;16,391.30;15,985.05;17,382,710
Dec 29, 2023;16,173.91;16,391.30;16,130.43;16,217.39;15,815.45;16,731,591
Dec 28, 2023;16,000.00;16,173.91;15,956.52;16,130.43;15,730.65;13,503,415
Dec 27, 2023;16,086.96;16,086.96;15,956.52;16,000.00;15,603.45;6,652,175
Dec 26, 2023;16,000.00;16,086.96;15,913.04;16,043.48;15,645.85;7,864,160
Dec 25, 2023;15,956.52;16,130.43;15,913.04;16,000.00;15,603.45;7,824,255
Dec 22, 2023;15,782.61;16,043.48;15,739.13;15,913.04;15,518.65;11,314,045
Dec 21, 2023;15,739.13;15,782.61;15,652.17;15,782.61;15,391.44;5,128,195
Dec 20, 2023;15,782.61;15,826.09;15,695.65;15,782.61;15,391.44;14,413,295
Dec 19, 2023;15,652.17;15,826.09;15,608.70;15,782.61;15,391.44;9,198,194
Dec 18, 2023;15,695.65;15,782.61;15,608.70;15,652.17;15,264.24;33,798,270
Dec 15, 2023;15,695.65;15,826.09;15,652.17;15,695.65;15,306.64;14,531,676
Dec 14, 2023;15,782.61;15,826.09;15,652.17;15,695.65;15,306.64;12,115,365
Dec 13, 2023;15,869.57;15,956.52;15,695.65;15,695.65;15,306.64;11,664,565
Dec 12, 2023;15,782.61;15,869.57;15,739.13;15,869.57;15,476.25;8,113,480
Dec 11, 2023;15,826.09;15,869.57;15,695.65;15,782.61;15,391.44;21,471,569
Dec 8, 2023;15,869.57;15,956.52;15,782.61;15,826.09;15,433.84;9,797,310
Dec 7, 2023;15,782.61;15,956.52;15,695.65;15,869.57;15,476.25;21,384,020
Dec 6, 2023;15,695.65;15,782.61;15,652.17;15,739.13;15,349.04;8,282,584
Dec 5, 2023;15,695.65;15,739.13;15,608.70;15,695.65;15,306.64;9,449,090
Dec 4, 2023;15,478.26;15,739.13;15,478.26;15,695.65;15,306.64;20,107,635
Dec 1, 2023;15,521.74;15,521.74;15,391.30;15,478.26;15,094.64;5,071,845
Nov 30, 2023;15,521.74;15,608.70;15,434.78;15,478.26;15,094.64;6,516,590
Nov 29, 2023;15,478.26;15,565.22;15,391.30;15,521.74;15,137.04;6,308,325
Nov 28, 2023;15,304.35;15,565.22;15,173.91;15,521.74;15,137.04;9,274,290
Nov 27, 2023;15,521.74;15,608.70;15,260.87;15,304.35;14,925.04;8,199,156
Nov 24, 2023;15,565.22;15,652.17;15,304.35;15,521.74;15,137.04;10,239,255
Nov 23, 2023;15,739.13;15,782.61;15,565.22;15,565.22;15,179.44;8,081,395
Nov 22, 2023;15,782.61;15,782.61;15,608.70;15,695.65;15,306.64;9,712,095
Nov 21, 2023;15,826.09;15,869.57;15,608.70;15,739.13;15,349.04;7,026,385
Nov 20, 2023;15,434.78;15,869.57;15,434.78;15,652.17;15,264.24;15,268,550
Nov 17, 2023;16,173.91;16,173.91;15,565.22;15,826.09;15,433.84;21,065,585
Nov 16, 2023;16,043.48;16,130.43;15,956.52;16,086.96;15,688.25;8,132,570
Nov 15, 2023;16,260.87;16,304.35;16,043.48;16,130.43;15,730.65;17,031,845
Nov 14, 2023;15,782.61;16,217.39;15,782.61;16,043.48;15,645.85;15,909,560
Nov 13, 2023;15,652.17;15,782.61;15,521.74;15,739.13;15,349.04;8,741,758
Nov 10, 2023;15,826.09;16,000.00;15,608.70;15,652.17;15,264.24;37,988,007
Nov 9, 2023;16,000.00;16,086.96;15,869.57;15,956.52;15,561.05;12,470,025
Nov 8, 2023;15,478.26;16,000.00;15,391.30;15,956.52;15,561.05;13,028,580
Nov 7, 2023;15,608.70;15,652.17;15,391.30;15,478.26;15,094.64;6,039,685
Nov 6, 2023;15,304.35;15,652.17;15,260.87;15,608.70;15,221.84;9,969,810
Nov 3, 2023;15,478.26;15,521.74;15,130.43;15,130.43;14,755.43;15,181,380
Nov 2, 2023;15,086.96;15,434.78;15,043.48;15,391.30;15,009.84;7,966,280
Nov 1, 2023;14,956.52;15,043.48;14,869.57;14,956.52;14,585.83;7,014,771
Oct 31, 2023;14,956.52;15,043.48;14,739.13;14,869.57;14,501.03;7,578,615
Oct 30, 2023;15,000.00;15,173.91;14,782.61;14,782.61;14,416.23;5,189,260
Oct 27, 2023;15,000.00;15,217.39;14,913.04;15,173.91;14,797.83;12,016,235
Oct 26, 2023;15,347.83;15,347.83;14,826.09;14,956.52;14,585.83;18,767,333
Oct 25, 2023;15,608.70;15,695.65;15,478.26;15,478.26;15,094.64;6,195,625
Oct 24, 2023;15,478.26;15,652.17;15,434.78;15,565.22;15,179.44;5,943,316
Oct 23, 2023;15,608.70;15,652.17;15,391.30;15,478.26;15,094.64;4,495,034
Oct 20, 2023;15,347.83;15,652.17;15,217.39;15,608.70;15,221.84;8,483,946
Oct 19, 2023;15,434.78;15,565.22;15,304.35;15,347.83;14,967.44;7,246,759
Oct 18, 2023;15,739.13;15,826.09;15,304.35;15,434.78;15,052.24;13,743,558
Oct 17, 2023;15,913.04;16,043.48;15,739.13;15,739.13;15,349.04;7,025,746
Oct 16, 2023;16,043.48;16,043.48;15,826.09;15,826.09;15,433.84;7,467,881
Oct 13, 2023;15,913.04;16,086.96;15,869.57;16,043.48;15,645.85;7,474,106
Oct 12, 2023;16,086.96;16,130.43;15,956.52;15,956.52;15,561.05;6,663,583
Oct 11, 2023;16,000.00;16,086.96;15,913.04;16,086.96;15,688.25;8,502,874
Oct 10, 2023;16,000.00;16,130.43;15,956.52;16,043.48;15,645.85;9,625,190
Oct 9, 2023;15,782.61;15,913.04;15,652.17;15,913.04;15,518.65;13,624,314
Oct 6, 2023;15,695.65;15,826.09;15,608.70;15,782.61;15,391.44;5,653,764
Oct 5, 2023;15,826.09;15,913.04;15,652.17;15,695.65;15,306.64;9,249,651
Oct 4, 2023;15,695.65;15,869.57;15,608.70;15,782.61;15,391.44;8,524,346
Oct 3, 2023;16,000.00;16,086.96;15,652.17;15,695.65;15,306.64;18,301,790
Oct 2, 2023;16,130.43;16,260.87;16,000.00;16,173.91;15,773.05;5,249,806
Sep 29, 2023;16,086.96;16,217.39;16,086.96;16,086.96;15,688.25;5,424,584
Sep 28, 2023;15,956.52;16,130.43;15,826.09;16,086.96;15,688.25;13,266,308
Sep 27, 2023;15,782.61;16,086.96;15,782.61;16,086.96;15,688.25;10,216,393
Sep 26, 2023;15,782.61;16,043.48;15,739.13;15,869.57;15,476.25;12,914,615
Sep 25, 2023;16,260.87;16,304.35;15,739.13;15,739.13;15,349.04;15,989,841
Sep 22, 2023;16,304.35;16,347.83;15,913.04;16,260.87;15,857.85;30,573,382
Sep 21, 2023;16,695.65;16,826.09;16,391.30;16,478.26;16,069.86;14,796,728
Sep 20, 2023;16,565.22;16,695.65;16,478.26;16,695.65;16,281.86;12,941,870
Sep 19, 2023;16,652.17;16,695.65;16,434.78;16,521.74;16,112.25;13,274,956
Sep 18, 2023;16,869.56;16,869.56;16,521.74;16,652.17;16,239.46;18,153,417
Sep 15, 2023;16,695.65;17,130.44;16,608.70;16,869.56;16,451.46;31,431,788
Sep 14, 2023;16,608.70;16,826.09;16,521.74;16,652.17;16,239.46;19,684,803
Sep 13, 2023;16,782.61;16,826.09;16,434.78;16,565.22;16,154.66;18,038,969
Sep 12, 2023;16,391.30;16,739.13;16,304.35;16,739.13;16,324.26;12,785,803
Sep 11, 2023;16,826.09;16,826.09;16,304.35;16,304.35;15,900.25;17,702,525
Sep 8, 2023;16,782.61;16,826.09;16,608.70;16,608.70;16,197.06;13,013,089
Sep 7, 2023;16,739.13;17,043.48;16,652.17;16,782.61;16,366.66;26,294,692
Sep 6, 2023;16,695.65;16,739.13;16,434.78;16,739.13;16,324.26;16,392,951
Sep 5, 2023;16,173.91;16,739.13;16,130.43;16,652.17;16,239.46;25,618,745
Aug 31, 2023;16,000.00;16,130.43;16,000.00;16,086.96;15,688.25;8,585,031
Aug 30, 2023;15,913.04;16,086.96;15,869.57;16,000.00;15,603.45;8,514,072
Aug 29, 2023;15,869.57;15,956.52;15,782.61;15,869.57;15,476.25;11,041,980
Aug 28, 2023;15,869.57;15,913.04;15,695.65;15,826.09;15,433.84;8,850,648
Aug 25, 2023;15,826.09;15,826.09;15,739.13;15,739.13;15,349.04;5,692,299
Aug 24, 2023;15,739.13;15,956.52;15,652.17;15,869.57;15,476.25;7,698,932
Aug 23, 2023;15,913.04;15,913.04;15,652.17;15,652.17;15,264.24;7,327,135
Aug 22, 2023;15,913.04;15,913.04;15,434.78;15,826.09;15,433.84;10,414,156
Aug 21, 2023;15,652.17;15,956.52;15,521.74;15,782.61;15,391.44;11,261,119
Aug 18, 2023;16,347.83;16,347.83;15,565.22;15,739.13;15,349.04;26,537,411
Aug 17, 2023;16,521.74;16,521.74;16,391.30;16,391.30;15,985.05;9,100,037
Aug 16, 2023;16,434.78;16,695.65;16,347.83;16,521.74;16,112.25;11,284,356
Aug 15, 2023;16,478.26;16,521.74;16,347.83;16,478.26;16,069.86;6,584,449
Aug 14, 2023;16,478.26;16,608.70;16,304.35;16,478.26;16,069.86;9,304,825
Aug 11, 2023;16,521.74;16,565.22;16,217.39;16,434.78;16,027.46;9,975,077
Aug 10, 2023;16,695.65;16,695.65;16,434.78;16,434.78;16,027.46;10,718,109
Aug 9, 2023;16,695.65;16,739.13;16,521.74;16,652.17;16,239.46;12,309,956
Aug 8, 2023;16,956.52;16,956.52;16,652.17;16,695.65;16,281.86;10,686,945
Aug 7, 2023;16,652.17;16,869.56;16,565.22;16,826.09;16,409.06;17,955,858
Aug 4, 2023;16,391.30;16,652.17;16,347.83;16,521.74;16,112.25;17,121,717
Aug 3, 2023;16,478.26;16,608.70;16,347.83;16,391.30;15,985.05;14,410,144
Aug 2, 2023;16,391.30;16,478.26;16,304.35;16,434.78;16,027.46;7,081,000
Aug 1, 2023;16,434.78;16,826.09;16,391.30;16,391.30;15,985.05;20,726,185
Jul 31, 2023;16,391.30;16,434.78;16,260.87;16,391.30;15,985.05;11,472,286
Jul 28, 2023;16,130.43;16,260.87;16,130.43;16,260.87;15,857.85;8,076,868
Jul 27, 2023;16,304.35;16,347.83;16,086.96;16,173.91;15,773.05;10,881,592
Jul 26, 2023;16,347.83;16,391.30;16,217.39;16,304.35;15,900.25;6,821,859
Jul 25, 2023;16,304.35;16,608.70;16,260.87;16,347.83;15,942.65;11,640,794
Jul 24, 2023;16,217.39;16,304.35;16,130.43;16,304.35;15,900.25;10,287,893
Jul 21, 2023;16,130.43;16,217.39;16,000.00;16,217.39;15,815.45;9,873,621
Jul 20, 2023;16,000.00;16,086.96;15,913.04;16,043.48;15,645.85;7,418,207
Jul 19, 2023;16,173.91;16,260.87;16,000.00;16,000.00;15,603.45;13,738,360
Jul 18, 2023;16,173.91;16,217.39;16,043.48;16,173.91;15,773.05;8,881,220
Jul 17, 2023;16,304.35;16,391.30;16,086.96;16,173.91;15,773.05;12,657,245
Jul 14, 2023;16,217.39;16,304.35;16,000.00;16,217.39;15,815.45;21,304,555
Jul 13, 2023;15,916.82;16,068.05;15,803.40;15,954.63;15,559.20;23,728,295
Jul 12, 2023;16,030.25;16,105.86;15,803.40;15,879.02;15,485.46;17,371,434
Jul 11, 2023;15,689.98;16,030.25;15,689.98;16,030.25;15,632.94;22,999,068
Jul 10, 2023;15,576.56;15,765.60;15,538.75;15,689.98;15,301.11;22,254,765
Jul 7, 2023;15,274.10;15,463.14;15,198.49;15,463.14;15,079.89;15,760,100
Jul 6, 2023;15,463.14;15,538.75;15,236.29;15,274.10;14,895.54;21,408,233
Jul 5, 2023;15,500.95;15,614.37;15,349.72;15,425.33;15,043.02;17,395,107
Jul 4, 2023;15,274.10;15,387.52;15,198.49;15,387.52;15,006.15;10,153,890
Jul 3, 2023;15,349.72;15,387.52;15,198.49;15,274.10;14,895.54;14,640,868
Jun 30, 2023;15,349.72;15,425.33;15,236.29;15,274.10;14,895.54;8,840,780
Jun 29, 2023;15,652.17;15,652.17;15,349.72;15,349.72;14,969.28;20,114,854
Jun 28, 2023;15,274.10;15,727.79;15,198.49;15,652.17;15,264.24;29,717,104
Jun 27, 2023;15,311.91;15,349.72;15,122.87;15,198.49;14,821.80;18,700,679
Jun 26, 2023;15,274.10;15,538.75;15,085.07;15,274.10;14,895.54;19,683,164
Jun 23, 2023;15,236.29;15,349.72;15,160.68;15,274.10;14,895.54;16,278,652
Jun 22, 2023;15,198.49;15,387.52;15,047.26;15,047.26;14,674.32;19,585,167
Jun 21, 2023;14,896.03;15,009.45;14,858.22;15,009.45;14,637.45;9,515,916
Jun 20, 2023;14,820.42;14,858.22;14,706.99;14,858.22;14,489.97;8,645,051
Jun 19, 2023;14,896.03;14,971.64;14,782.61;14,782.61;14,416.23;9,304,845
Jun 16, 2023;15,009.45;15,274.10;14,896.03;14,896.03;14,526.84;18,436,708
Jun 15, 2023;14,933.84;15,009.45;14,858.22;14,896.03;14,526.84;12,563,088
Jun 14, 2023;15,198.49;15,274.10;14,933.84;14,933.84;14,563.71;14,733,046
Jun 13, 2023;15,425.33;15,425.33;15,236.29;15,349.72;14,969.28;15,928,454
Jun 12, 2023;15,349.72;15,425.33;15,122.87;15,387.52;15,006.15;12,172,026
Jun 9, 2023;15,198.49;15,311.91;15,122.87;15,311.91;14,932.41;14,997,017
Jun 8, 2023;15,387.52;15,463.14;15,122.87;15,122.87;14,748.06;20,788,377
Jun 7, 2023;15,463.14;15,538.75;15,311.91;15,387.52;15,006.15;18,719,194
Jun 6, 2023;15,047.26;15,463.14;14,971.64;15,463.14;15,079.89;30,454,926
Jun 5, 2023;15,047.26;15,198.49;14,933.84;14,971.64;14,600.58;27,057,688
Jun 2, 2023;14,442.34;15,009.45;14,404.54;14,896.03;14,526.84;46,671,289
Jun 1, 2023;14,064.27;14,215.50;14,026.46;14,215.50;13,863.18;11,685,874
May 31, 2023;14,215.50;14,253.31;14,064.27;14,064.27;13,715.70;9,182,911
May 30, 2023;14,215.50;14,253.31;14,102.08;14,177.69;13,826.31;8,816,049
May 29, 2023;14,064.27;14,177.69;13,988.66;14,177.69;13,826.31;9,456,800
May 26, 2023;13,988.66;13,988.66;13,913.04;13,950.85;13,605.09;5,269,633
May 25, 2023;14,064.27;14,064.27;13,950.85;13,950.85;13,605.09;6,750,893
May 24, 2023;14,215.50;14,253.31;14,026.46;14,064.27;13,715.70;7,333,660
May 23, 2023;14,291.12;14,366.73;14,139.89;14,177.69;13,826.31;9,830,274
May 22, 2023;14,139.89;14,291.12;14,102.08;14,253.31;13,900.05;10,920,015
May 19, 2023;14,064.27;14,139.89;14,026.46;14,102.08;13,752.57;5,334,568
May 18, 2023;14,026.46;14,102.08;13,950.85;14,064.27;13,715.70;8,807,188
May 17, 2023;14,177.69;14,215.50;13,950.85;13,950.85;13,605.09;12,413,646
May 16, 2023;14,253.31;14,328.92;14,139.89;14,215.50;13,863.18;13,486,722
May 15, 2023;14,177.69;14,442.34;14,139.89;14,253.31;13,900.05;23,634,926
May 12, 2023;14,026.46;14,102.08;13,913.04;14,102.08;13,752.57;9,758,595
May 11, 2023;14,064.27;14,102.08;13,950.85;13,988.66;13,641.96;10,116,728
May 10, 2023;13,837.43;13,988.66;13,799.62;13,988.66;13,641.96;9,096,817
May 9, 2023;13,837.43;13,875.24;13,761.81;13,837.43;13,494.47;7,942,406
May 8, 2023;13,761.81;13,837.43;13,724.01;13,799.62;13,457.61;9,056,574
May 5, 2023;13,761.81;13,799.62;13,686.20;13,686.20;13,346.99;15,034,853
May 4, 2023;13,875.24;13,950.85;13,724.01;13,761.81;13,420.73;9,830,595
Apr 28, 2023;13,988.66;14,026.46;13,875.24;13,950.85;13,605.09;9,291,620
Apr 27, 2023;13,913.04;13,950.85;13,837.43;13,913.04;13,568.22;5,004,736
Apr 26, 2023;13,799.62;13,875.24;13,686.20;13,875.24;13,531.35;11,881,075
Apr 25, 2023;13,913.04;13,913.04;13,724.01;13,799.62;13,457.61;9,178,017
Apr 24, 2023;13,648.39;13,837.43;13,610.59;13,799.62;13,457.61;7,544,333
Apr 21, 2023;13,724.01;13,799.62;13,648.39;13,648.39;13,310.13;9,119,695
Apr 20, 2023;13,686.20;13,761.81;13,648.39;13,724.01;13,383.87;5,438,649
Apr 19, 2023;13,799.62;13,837.43;13,686.20;13,686.20;13,346.99;5,497,897
Apr 18, 2023;13,875.24;13,913.04;13,648.39;13,724.01;13,383.87;8,277,342
Apr 17, 2023;13,761.81;13,875.24;13,724.01;13,799.62;13,457.61;8,064,472
Apr 14, 2023;14,064.27;14,139.89;13,837.43;13,837.43;13,494.47;12,108,281
Apr 13, 2023;14,139.89;14,177.69;13,988.66;14,026.46;13,678.83;9,061,770
Apr 12, 2023;14,215.50;14,215.50;14,026.46;14,139.89;13,789.44;10,983,494
Apr 11, 2023;14,064.27;14,215.50;13,950.85;14,177.69;13,826.31;8,777,300
Apr 10, 2023;14,139.89;14,366.73;14,064.27;14,064.27;13,715.70;18,086,642
Apr 7, 2023;13,988.66;14,064.27;13,875.24;14,064.27;13,715.70;11,299,043
Apr 6, 2023;14,253.31;14,291.12;13,988.66;13,988.66;13,641.96;16,537,598
Apr 5, 2023;14,177.69;14,253.31;14,064.27;14,215.50;13,863.18;13,079,921
Apr 4, 2023;14,177.69;14,215.50;14,064.27;14,177.69;13,826.31;15,490,442
Apr 3, 2023;13,988.66;14,139.89;13,913.04;14,139.89;13,789.44;27,159,918
Mar 31, 2023;13,837.43;13,913.04;13,724.01;13,799.62;13,457.61;17,382,278
Mar 30, 2023;13,913.04;13,988.66;13,799.62;13,799.62;13,457.61;11,874,066
Mar 29, 2023;13,724.01;13,913.04;13,686.20;13,837.43;13,494.47;16,117,704
Mar 28, 2023;13,648.39;13,837.43;13,610.59;13,610.59;13,273.25;16,688,495
Mar 27, 2023;13,459.36;13,610.59;13,383.74;13,572.78;13,236.38;10,763,166
Mar 24, 2023;13,383.74;13,572.78;13,308.13;13,421.55;13,088.90;27,253,815
Mar 23, 2023;13,081.29;13,194.71;13,081.29;13,156.90;12,830.81;8,724,003
Mar 22, 2023;13,232.51;13,270.32;13,119.09;13,156.90;12,830.81;10,248,449
Mar 21, 2023;13,194.71;13,232.51;13,005.67;13,119.09;12,793.94;10,662,259
Mar 20, 2023;13,308.13;13,308.13;13,081.29;13,081.29;12,757.07;8,467,041
Mar 17, 2023;13,383.74;13,383.74;13,194.71;13,194.71;12,867.68;6,871,181
Mar 16, 2023;13,383.74;13,383.74;13,156.90;13,194.71;12,867.68;10,447,194
Mar 15, 2023;13,308.13;13,497.16;13,232.51;13,459.36;13,125.77;16,393,392
Mar 14, 2023;13,232.51;13,270.32;13,005.67;13,005.67;12,683.33;18,009,805
Mar 13, 2023;13,119.09;13,308.13;13,119.09;13,232.51;12,904.55;15,616,873
Mar 10, 2023;13,459.36;13,459.36;13,308.13;13,421.55;13,088.90;8,919,733
Mar 9, 2023;13,345.94;13,572.78;13,308.13;13,459.36;13,125.77;14,386,366
Mar 8, 2023;13,081.29;13,308.13;13,005.67;13,308.13;12,978.29;10,329,386
Mar 7, 2023;13,156.90;13,308.13;13,119.09;13,156.90;12,830.81;12,336,876
Mar 6, 2023;13,156.90;13,383.74;13,081.29;13,081.29;12,757.07;9,771,275
Mar 3, 2023;13,232.51;13,232.51;12,967.86;12,967.86;12,646.46;8,809,437
Mar 2, 2023;13,345.94;13,383.74;13,119.09;13,156.90;12,830.81;5,165,817
Mar 1, 2023;12,967.86;13,345.94;12,854.44;13,345.94;13,015.16;8,898,309
Feb 28, 2023;13,119.09;13,345.94;12,967.86;13,043.48;12,720.20;11,794,187
Feb 27, 2023;13,194.71;13,232.51;13,043.48;13,043.48;12,720.20;13,571,362
Feb 24, 2023;13,724.01;13,799.62;13,383.74;13,383.74;13,052.03;15,066,052
Feb 23, 2023;13,610.59;13,761.81;13,383.74;13,724.01;13,383.87;22,296,027
Feb 22, 2023;13,913.04;13,988.66;13,799.62;13,799.62;13,457.61;15,043,569
Feb 21, 2023;14,366.73;14,442.34;14,064.27;14,064.27;13,715.70;11,719,730
Feb 20, 2023;13,686.20;14,291.12;13,686.20;14,291.12;13,936.92;13,743,076
Feb 17, 2023;13,799.62;13,913.04;13,686.20;13,686.20;13,346.99;16,416,310
Feb 16, 2023;13,686.20;13,875.24;13,648.39;13,799.62;13,457.61;15,983,999
Feb 15, 2023;13,421.55;13,799.62;13,421.55;13,610.59;13,273.25;30,895,451
Feb 14, 2023;13,610.59;13,724.01;13,459.36;13,497.16;13,162.64;10,918,956
Feb 13, 2023;13,761.81;13,761.81;13,421.55;13,610.59;13,273.25;15,300,928
Feb 10, 2023;14,026.46;14,064.27;13,837.43;13,837.43;13,494.47;9,917,427
Feb 9, 2023;13,913.04;14,139.89;13,875.24;13,950.85;13,605.09;8,476,960
Feb 8, 2023;13,988.66;14,139.89;13,799.62;13,913.04;13,568.22;9,403,504
Feb 7, 2023;14,253.31;14,253.31;13,875.24;13,875.24;13,531.35;13,580,447
Feb 6, 2023;14,064.27;14,291.12;13,988.66;14,139.89;13,789.44;9,464,868
Feb 3, 2023;14,328.92;14,442.34;14,064.27;14,064.27;13,715.70;16,143,493
Feb 2, 2023;14,442.34;14,442.34;14,026.46;14,328.92;13,973.79;16,363,133
Feb 1, 2023;14,896.03;15,085.07;14,291.12;14,291.12;13,936.92;20,975,775
Jan 31, 2023;14,517.96;14,782.61;14,177.69;14,782.61;14,416.23;19,962,476
Jan 30, 2023;14,971.64;14,971.64;14,555.77;14,555.77;14,195.01;17,017,533
Jan 27, 2023;15,047.26;15,198.49;14,858.22;14,896.03;14,526.84;12,926,644
Jan 19, 2023;14,744.80;14,933.84;14,669.19;14,820.42;14,453.10;14,769,944
Jan 18, 2023;14,744.80;14,782.61;14,517.96;14,782.61;14,416.23;13,291,257
Jan 17, 2023;14,139.89;14,669.19;14,064.27;14,669.19;14,305.62;25,195,741
Jan 16, 2023;13,837.43;14,026.46;13,761.81;13,988.66;13,641.96;10,425,928
Jan 13, 2023;13,913.04;14,026.46;13,799.62;13,799.62;13,457.61;10,579,338
Jan 12, 2023;13,837.43;13,913.04;13,724.01;13,799.62;13,457.61;10,566,907
Jan 11, 2023;13,799.62;13,950.85;13,761.81;13,799.62;13,457.61;8,551,814
Jan 10, 2023;13,761.81;13,875.24;13,686.20;13,761.81;13,420.73;8,464,793
Jan 9, 2023;13,988.66;13,988.66;13,761.81;13,799.62;13,457.61;7,870,065
Jan 6, 2023;13,648.39;14,177.69;13,610.59;13,799.62;13,457.61;14,832,498
Jan 5, 2023;13,610.59;13,799.62;13,459.36;13,761.81;13,420.73;10,245,275
Jan 4, 2023;13,686.20;13,799.62;13,572.78;13,572.78;13,236.38;10,289,314
Jan 3, 2023;13,005.67;13,610.59;13,005.67;13,610.59;13,273.25;11,350,488
Dec 30, 2022;13,270.32;13,270.32;12,930.06;12,930.06;12,609.59;5,526,595
Dec 29, 2022;13,081.29;13,308.13;13,081.29;13,156.90;12,830.81;5,928,370
Dec 28, 2022;13,081.29;13,308.13;12,892.25;13,194.71;12,867.68;6,659,316
Dec 27, 2022;12,741.02;13,081.29;12,665.41;13,043.48;12,720.20;8,869,214
Dec 26, 2022;13,383.74;13,421.55;12,703.21;12,703.21;12,388.37;17,478,160
Dec 23, 2022;13,572.78;13,572.78;13,308.13;13,421.55;13,088.90;7,317,524
Dec 22, 2022;13,534.97;13,837.43;13,383.74;13,610.59;13,273.25;10,980,453
Dec 21, 2022;13,497.16;13,534.97;12,930.06;13,383.74;13,052.03;13,360,424
Dec 20, 2022;13,837.43;13,950.85;13,156.90;13,308.13;12,978.29;24,271,710
Dec 19, 2022;14,215.50;14,555.77;13,875.24;13,875.24;13,531.35;19,259,964
Dec 16, 2022;14,139.89;14,442.34;14,139.89;14,215.50;13,863.18;15,692,520
Dec 15, 2022;13,610.59;14,517.96;13,610.59;14,328.92;13,973.79;32,127,624
Dec 14, 2022;13,875.24;13,913.04;13,610.59;13,724.01;13,383.87;21,463,910
Dec 13, 2022;13,421.55;13,610.59;13,232.51;13,610.59;13,273.25;11,244,820
Dec 12, 2022;13,761.81;13,913.04;13,345.94;13,383.74;13,052.03;20,380,783
Dec 9, 2022;13,761.81;13,837.43;13,421.55;13,761.81;13,420.73;13,341,512
Dec 8, 2022;13,383.74;13,988.66;13,270.32;13,686.20;13,346.99;18,842,318
Dec 7, 2022;13,345.94;13,534.97;13,043.48;13,081.29;12,757.07;16,716,400
Dec 6, 2022;14,366.73;14,404.54;13,383.74;13,383.74;13,052.03;29,279,224
Dec 5, 2022;14,366.73;14,593.57;14,177.69;14,366.73;14,010.66;26,360,599
Dec 2, 2022;13,459.36;14,215.50;13,270.32;14,215.50;13,863.18;21,595,234
Dec 1, 2022;13,383.74;13,913.04;13,194.71;13,459.36;13,125.77;36,740,504
Nov 30, 2022;13,081.29;13,270.32;12,816.63;13,156.90;12,830.81;18,209,502
Nov 29, 2022;13,005.67;13,194.71;12,703.21;13,005.67;12,683.33;21,979,950
Nov 28, 2022;12,438.56;13,005.67;12,400.76;13,005.67;12,683.33;20,505,098
Nov 25, 2022;11,947.07;12,249.53;11,909.26;12,249.53;11,945.93;13,536,184
Nov 24, 2022;11,833.65;11,984.88;11,644.61;11,871.46;11,577.23;12,421,184
Nov 23, 2022;11,947.07;12,173.91;11,871.46;11,871.46;11,577.23;10,357,291
Nov 22, 2022;11,871.46;12,438.56;11,795.84;11,947.07;11,650.97;27,341,629
Nov 21, 2022;12,022.68;12,173.91;11,795.84;11,871.46;11,577.23;18,651,878
Nov 18, 2022;11,720.23;12,249.53;11,342.16;11,871.46;11,577.23;18,661,929
Nov 17, 2022;11,606.81;12,022.68;11,417.77;11,871.46;11,577.23;20,753,595
Nov 16, 2022;10,170.13;11,417.77;9,981.10;11,417.77;11,134.79;35,071,377
Nov 15, 2022;11,342.16;11,493.38;10,699.43;10,699.43;10,434.25;35,680,692
Nov 14, 2022;12,060.49;12,060.49;11,417.77;11,493.38;11,208.53;18,257,641
Nov 11, 2022;12,287.33;12,627.60;12,060.49;12,098.30;11,798.45;21,070,863
Nov 10, 2022;12,741.02;12,778.83;11,947.07;11,947.07;11,650.97;26,629,992
Nov 9, 2022;13,081.29;13,270.32;12,778.83;12,816.63;12,498.98;12,733,902
Nov 8, 2022;12,665.41;13,194.71;12,551.99;13,005.67;12,683.33;20,939,539
Nov 7, 2022;13,308.13;13,421.55;12,816.63;12,816.63;12,498.98;28,137,245
Nov 4, 2022;13,119.09;13,534.97;12,476.37;13,534.97;13,199.51;36,898,411
Nov 3, 2022;13,345.94;13,610.59;13,308.13;13,345.94;13,015.16;14,256,285
Nov 2, 2022;13,610.59;13,761.81;13,459.36;13,534.97;13,199.51;13,876,728
Nov 1, 2022;13,610.59;13,913.04;13,497.16;13,610.59;13,273.25;27,823,019
Oct 31, 2022;13,383.74;13,534.97;12,854.44;13,383.74;13,052.03;21,620,044
Oct 28, 2022;13,459.36;13,724.01;13,156.90;13,345.94;13,015.16;26,610,419
Oct 27, 2022;12,476.37;13,232.51;12,476.37;13,232.51;12,904.55;25,582,651
Oct 26, 2022;12,400.76;12,703.21;12,287.33;12,400.76;12,093.41;9,647,505
Oct 25, 2022;11,909.26;12,589.79;11,720.23;12,400.76;12,093.41;22,530,242
Oct 24, 2022;12,325.14;12,438.56;11,682.42;11,795.84;11,503.49;26,878,357
Oct 21, 2022;13,043.48;13,043.48;12,173.91;12,173.91;11,872.19;29,367,964
Oct 20, 2022;13,194.71;13,232.51;12,967.86;12,967.86;12,646.46;10,200,971
Oct 19, 2022;13,383.74;13,459.36;13,043.48;13,232.51;12,904.55;7,392,642
Oct 18, 2022;13,572.78;13,761.81;13,194.71;13,270.32;12,941.42;17,138,674
Oct 17, 2022;13,383.74;13,459.36;12,930.06;13,232.51;12,904.55;14,089,200
Oct 14, 2022;13,534.97;13,837.43;13,308.13;13,459.36;13,125.77;22,743,826
Oct 13, 2022;12,967.86;13,270.32;12,854.44;13,156.90;12,830.81;21,911,444
Oct 12, 2022;12,211.72;12,967.86;12,211.72;12,967.86;12,646.46;22,761,692
Oct 11, 2022;13,081.29;13,081.29;12,136.11;12,136.11;11,835.32;32,305,381
Oct 10, 2022;12,816.63;13,156.90;12,514.18;13,043.48;12,720.20;22,349,192
Oct 7, 2022;13,270.32;13,459.36;12,741.02;12,816.63;12,498.98;66,010,339
Oct 6, 2022;14,480.15;14,480.15;13,648.39;13,686.20;13,346.99;14,101,024
Oct 5, 2022;14,442.34;14,706.99;14,404.54;14,517.96;14,158.14;7,947,037
Oct 4, 2022;14,517.96;14,517.96;13,988.66;14,215.50;13,863.18;25,479,681
Oct 3, 2022;15,047.26;15,047.26;14,064.27;14,139.89;13,789.44;16,505,593
Sep 30, 2022;14,896.03;15,122.87;14,593.57;15,122.87;14,748.06;12,335,354
Sep 29, 2022;15,274.10;15,311.91;14,971.64;14,971.64;14,600.58;6,337,552
Sep 28, 2022;15,122.87;15,311.91;15,085.07;15,085.07;14,711.19;4,716,035
Sep 27, 2022;15,387.52;15,387.52;15,122.87;15,274.10;14,895.54;6,120,133
Sep 26, 2022;15,576.56;15,803.40;15,047.26;15,198.49;14,821.80;16,090,593
Sep 23, 2022;16,030.25;16,143.67;15,879.02;15,879.02;15,485.46;7,827,613
Sep 22, 2022;15,879.02;16,068.05;15,765.60;16,068.05;15,669.81;13,853,187
Sep 21, 2022;16,030.25;16,030.25;15,841.21;16,030.25;15,632.94;7,039,403
Sep 20, 2022;16,143.67;16,143.67;15,841.21;16,143.67;15,743.55;14,871,644
Sep 19, 2022;16,408.32;16,483.93;15,879.02;15,879.02;15,485.46;12,517,462
Sep 16, 2022;16,824.20;16,899.81;16,446.13;16,483.93;16,075.39;9,860,163
Sep 15, 2022;16,975.43;17,051.04;16,672.97;16,748.58;16,333.48;7,344,900
Sep 14, 2022;16,672.97;16,975.43;16,635.16;16,937.62;16,517.83;9,435,587
Sep 13, 2022;17,126.65;17,202.27;17,013.23;17,051.04;16,628.44;6,916,280
Sep 12, 2022;17,391.30;17,391.30;17,088.85;17,088.85;16,665.31;4,300,902
Sep 9, 2022;17,353.50;17,353.50;16,824.20;17,164.46;16,739.05;11,438,963
Sep 8, 2022;17,466.92;17,580.34;17,202.27;17,240.08;16,812.79;10,581,190
Sep 7, 2022;17,920.61;17,996.22;17,391.30;17,391.30;16,960.27;30,190,823
Sep 6, 2022;17,844.99;18,071.83;17,807.18;17,882.80;17,439.58;9,111,099
Sep 5, 2022;17,920.61;18,071.83;17,807.18;17,844.99;17,402.71;8,887,596
Aug 31, 2022;17,882.80;18,109.64;17,807.18;17,958.41;17,513.32;9,519,487
Aug 30, 2022;17,807.18;18,071.83;17,731.57;17,882.80;17,439.58;20,477,986
Aug 29, 2022;17,429.11;17,769.38;17,315.69;17,693.76;17,255.23;17,722,293
Aug 26, 2022;17,958.41;18,071.83;17,844.99;17,844.99;17,402.71;19,669,674
Aug 25, 2022;17,693.76;17,882.80;17,580.34;17,882.80;17,439.58;15,475,498
Aug 24, 2022;17,580.34;17,693.76;17,504.73;17,618.15;17,181.49;9,674,881
Aug 23, 2022;17,240.08;17,580.34;17,240.08;17,542.53;17,107.75;8,900,292
Aug 22, 2022;17,618.15;17,731.57;17,391.30;17,466.92;17,034.01;14,468,546
Aug 19, 2022;17,454.32;17,454.32;17,328.29;17,391.30;16,960.27;14,561,201
Aug 18, 2022;17,454.32;17,548.83;17,359.80;17,422.81;16,990.99;15,418,519
Aug 17, 2022;17,202.27;17,548.83;17,202.27;17,485.82;17,052.45;25,081,900
Aug 16, 2022;17,202.27;17,265.28;17,107.75;17,170.76;16,745.19;12,280,047
Aug 15, 2022;17,202.27;17,391.30;17,170.76;17,233.78;16,806.64;13,854,033
Aug 12, 2022;16,887.21;17,076.24;16,824.20;17,044.74;16,622.29;11,323,245
Aug 11, 2022;17,296.79;17,328.29;16,855.70;16,887.21;16,468.67;19,517,243
Aug 10, 2022;17,265.28;17,296.79;17,076.24;17,139.26;16,714.47;10,294,392
Aug 9, 2022;17,265.28;17,391.30;17,139.26;17,233.78;16,806.64;18,220,823
Aug 8, 2022;17,013.23;17,139.26;16,887.21;17,076.24;16,653.02;15,943,795
Aug 5, 2022;16,950.22;16,981.73;16,729.68;16,981.73;16,560.84;11,889,804
Aug 4, 2022;16,981.73;17,139.26;16,887.21;16,981.73;16,560.84;20,492,613
Aug 3, 2022;16,761.19;16,950.22;16,509.14;16,950.22;16,530.12;16,713,173
Aug 2, 2022;16,666.67;16,918.71;16,572.15;16,824.20;16,407.22;17,316,550
Aug 1, 2022;16,194.08;16,698.17;16,162.57;16,698.17;16,284.32;19,465,824
Jul 29, 2022;16,194.08;16,225.58;16,068.05;16,162.57;15,761.99;16,502,419
Jul 28, 2022;15,910.52;16,225.58;15,816.00;16,099.56;15,700.54;15,034,444
Jul 27, 2022;15,752.99;15,816.00;15,595.46;15,689.98;15,301.11;10,325,180
Jul 26, 2022;15,910.52;16,036.55;15,816.00;15,847.51;15,454.74;5,916,812
Jul 25, 2022;16,036.55;16,099.56;15,879.02;15,910.52;15,516.19;5,990,607
Jul 22, 2022;16,131.06;16,320.10;16,099.56;16,099.56;15,700.54;12,299,408
Jul 21, 2022;16,068.05;16,225.58;16,068.05;16,131.06;15,731.26;10,602,588
Jul 20, 2022;16,068.05;16,162.57;16,005.04;16,099.56;15,700.54;11,556,216
Jul 19, 2022;15,973.54;16,005.04;15,752.99;15,879.02;15,485.46;8,172,256
Jul 18, 2022;16,068.05;16,194.08;16,005.04;16,005.04;15,608.36;11,338,480
Jul 15, 2022;16,068.05;16,194.08;16,005.04;16,036.55;15,639.09;29,050,193
Jul 14, 2022;15,847.51;16,099.56;15,847.51;16,068.05;15,669.81;13,723,106
Jul 13, 2022;15,942.03;16,225.58;15,816.00;15,942.03;15,546.91;16,955,984
Jul 12, 2022;15,437.93;15,879.02;15,343.42;15,784.50;15,393.29;9,864,474
Jul 11, 2022;15,689.98;15,784.50;15,311.91;15,374.92;14,993.86;17,212,125
Jul 8, 2022;15,942.03;15,942.03;15,721.49;15,784.50;15,393.29;9,509,780
Jul 7, 2022;15,689.98;15,973.54;15,437.93;15,816.00;15,424.01;10,430,716
Jul 6, 2022;15,752.99;16,099.56;15,658.48;15,689.98;15,301.11;20,980,616
Jul 5, 2022;15,532.45;16,257.09;15,437.93;16,036.55;15,639.09;37,687,282
Jul 4, 2022;15,343.42;15,532.45;15,185.89;15,500.95;15,116.76;10,601,636
Jul 1, 2022;14,965.34;15,374.92;14,776.31;15,248.90;14,870.96;13,079,895
Jun 30, 2022;15,595.46;15,689.98;15,248.90;15,248.90;14,870.96;13,889,582
Jun 29, 2022;15,469.44;15,816.00;15,343.42;15,563.96;15,178.21;15,805,885
Jun 28, 2022;14,933.84;15,879.02;14,902.33;15,563.96;15,178.21;23,493,313
Jun 27, 2022;14,996.85;15,248.90;14,870.83;15,185.89;14,809.51;11,349,430
Jun 24, 2022;15,248.90;15,248.90;14,933.84;14,933.84;14,563.71;6,114,393
Jun 23, 2022;14,650.28;15,154.38;14,650.28;15,154.38;14,778.79;9,203,489
Jun 22, 2022;14,272.21;15,059.86;14,272.21;14,776.31;14,410.08;18,810,552
Jun 21, 2022;14,177.69;14,429.74;13,894.14;14,146.19;13,795.58;25,710,034
Jun 20, 2022;14,681.79;14,902.33;13,768.12;14,177.69;13,826.31;15,550,695
Jun 17, 2022;14,902.33;15,185.89;14,618.78;14,681.79;14,317.91;49,169,703
Jun 16, 2022;15,752.99;16,005.04;15,689.98;15,689.98;15,301.11;12,620,300
Jun 15, 2022;15,910.52;16,068.05;15,248.90;15,689.98;15,301.11;29,066,539
Jun 14, 2022;15,752.99;16,320.10;15,752.99;16,068.05;15,669.81;14,195,556
Jun 13, 2022;16,887.21;16,887.21;16,131.06;16,162.57;15,761.99;28,955,291
Jun 10, 2022;17,328.29;17,643.35;17,296.79;17,328.29;16,898.82;10,021,746
Jun 9, 2022;17,737.87;17,737.87;17,328.29;17,517.33;17,083.17;8,792,297
Jun 8, 2022;17,139.26;17,706.36;16,981.73;17,611.85;17,175.35;19,252,055
Jun 7, 2022;17,202.27;17,202.27;16,635.16;16,981.73;16,560.84;9,901,610
Jun 6, 2022;17,265.28;17,359.80;16,950.22;17,170.76;16,745.19;11,016,795
Jun 3, 2022;17,170.76;17,265.28;16,792.69;17,265.28;16,837.37;8,203,837
Jun 2, 2022;17,359.80;17,548.83;17,139.26;17,139.26;16,714.47;11,105,826
Jun 1, 2022;17,391.30;17,643.35;17,359.80;17,391.30;16,960.27;7,237,354
May 31, 2022;17,643.35;17,643.35;17,328.29;17,485.82;17,052.45;8,479,182
May 30, 2022;17,800.88;17,800.88;17,580.34;17,706.36;17,267.52;13,202,094
May 27, 2022;17,454.32;17,737.87;17,359.80;17,643.35;17,206.07;13,510,131
May 26, 2022;17,832.39;17,832.39;17,422.81;17,422.81;16,990.99;12,205,349
May 25, 2022;17,013.23;17,800.88;17,013.23;17,674.86;17,236.79;17,628,872
May 24, 2022;16,698.17;16,918.71;16,477.63;16,918.71;16,499.39;12,421,023
May 23, 2022;17,013.23;17,076.24;16,446.13;16,572.15;16,161.42;15,584,340
May 20, 2022;16,887.21;17,170.76;16,761.19;17,013.23;16,591.57;9,205,869
May 19, 2022;16,509.14;17,044.74;16,383.11;16,855.70;16,437.94;10,022,381
May 18, 2022;16,887.21;17,328.29;16,635.16;16,792.69;16,376.49;13,943,382
May 17, 2022;15,532.45;16,572.15;15,469.44;16,572.15;16,161.42;19,452,493
May 16, 2022;15,879.02;15,973.54;15,437.93;15,500.95;15,116.76;11,951,855
May 13, 2022;16,383.11;16,509.14;15,185.89;15,185.89;14,809.51;33,250,982
May 12, 2022;17,013.23;17,202.27;16,162.57;16,162.57;15,761.99;22,576,344
May 11, 2022;17,044.74;17,328.29;16,824.20;17,328.29;16,898.82;10,607,984
May 10, 2022;16,257.09;17,044.74;15,816.00;17,044.74;16,622.29;17,364,477
May 9, 2022;17,391.30;17,517.33;16,477.63;16,509.14;16,099.97;28,482,999
May 6, 2022;17,958.41;18,147.45;17,643.35;17,643.35;17,206.07;14,047,965
May 5, 2022;18,462.51;18,462.51;17,800.88;18,273.47;17,820.57;11,004,892
May 4, 2022;18,777.57;18,809.07;18,210.46;18,210.46;17,759.12;12,497,307
Apr 29, 2022;18,494.01;18,840.58;18,462.51;18,777.57;18,312.18;13,547,901
Apr 28, 2022;18,777.57;18,840.58;18,525.52;18,557.03;18,097.10;10,685,429
Apr 27, 2022;18,431.00;18,746.06;18,178.95;18,714.56;18,250.73;11,698,579
Apr 26, 2022;17,643.35;18,557.03;17,013.23;18,494.01;18,035.65;23,457,764
Apr 25, 2022;19,029.62;19,218.65;17,580.34;17,706.36;17,267.52;30,106,865
Apr 22, 2022;19,092.63;19,407.69;18,777.57;18,903.59;18,435.08;18,176,704
Apr 21, 2022;18,588.53;19,250.16;18,336.48;18,903.59;18,435.08;20,003,817
Apr 20, 2022;18,525.52;18,935.10;18,367.99;18,588.53;18,127.82;20,690,353
Apr 19, 2022;19,218.65;19,439.19;18,462.51;18,462.51;18,004.92;20,870,637
Apr 18, 2022;19,722.75;19,722.75;18,998.11;19,092.63;18,619.43;29,660,236
Apr 15, 2022;20,352.87;20,384.37;19,722.75;19,785.76;19,295.38;27,660,299
Apr 14, 2022;20,604.91;20,730.94;20,352.87;20,352.87;19,848.43;12,547,774
Apr 13, 2022;20,321.36;20,667.93;20,289.86;20,541.90;20,032.78;21,838,707
Apr 12, 2022;20,919.97;20,951.48;20,289.86;20,321.36;19,817.71;25,116,893
Apr 8, 2022;21,266.54;21,424.07;20,856.96;20,919.97;20,401.48;18,137,823
Apr 7, 2022;21,140.52;21,676.12;21,109.01;21,235.04;20,708.73;38,255,745
Apr 6, 2022;20,573.41;21,109.01;20,478.89;21,014.49;20,493.66;26,737,458
Apr 5, 2022;20,762.45;20,919.97;20,573.41;20,573.41;20,063.51;15,852,701
Apr 4, 2022;21,266.54;21,266.54;20,793.95;20,793.95;20,278.58;19,381,872
Apr 1, 2022;20,793.95;21,109.01;20,667.93;20,982.99;20,462.93;25,807,159
Mar 31, 2022;20,573.41;20,856.96;20,573.41;20,762.45;20,247.86;30,477,224
Mar 30, 2022;20,100.82;21,046.00;20,037.81;20,573.41;20,063.51;51,268,669
Mar 29, 2022;19,943.29;20,163.83;19,848.77;20,163.83;19,664.08;14,084,963
Mar 28, 2022;20,037.81;20,132.32;19,596.72;19,848.77;19,356.83;25,299,477
Mar 25, 2022;20,195.34;20,289.86;20,037.81;20,037.81;19,541.18;14,895,470
Mar 24, 2022;20,195.34;20,384.37;20,163.83;20,195.34;19,694.81;15,941,415
Mar 23, 2022;20,478.89;20,604.91;20,258.35;20,258.35;19,756.26;17,725,837
Mar 22, 2022;20,289.86;20,604.91;20,289.86;20,447.38;19,940.61;18,238,597
Mar 21, 2022;20,352.87;20,352.87;20,037.81;20,289.86;19,786.98;18,874,032
Mar 18, 2022;20,478.89;20,510.40;20,163.83;20,226.84;19,725.53;22,494,138
Mar 17, 2022;20,447.38;20,636.42;20,289.86;20,321.36;19,817.71;17,781,541
Mar 16, 2022;20,258.35;20,415.88;20,100.82;20,226.84;19,725.53;17,816,138
Mar 15, 2022;20,100.82;20,100.82;19,754.25;19,911.78;19,418.28;13,832,926
Mar 14, 2022;19,848.77;20,163.83;19,659.73;19,943.29;19,449.00;28,313,508
Mar 11, 2022;19,565.22;19,974.79;19,565.22;19,817.27;19,326.11;17,901,201
Mar 10, 2022;19,722.75;20,006.30;19,533.71;19,565.22;19,080.30;19,589,610
Mar 9, 2022;19,533.71;19,722.75;19,061.12;19,376.18;18,895.95;38,365,407
Mar 8, 2022;20,037.81;20,163.83;19,533.71;19,533.71;19,049.58;44,866,553
Mar 7, 2022;20,289.86;20,573.41;20,163.83;20,289.86;19,786.98;31,926,155
Mar 4, 2022;20,793.95;20,982.99;20,541.90;20,730.94;20,217.13;27,289,734
Mar 3, 2022;20,730.94;20,982.99;19,911.78;20,856.96;20,340.03;48,360,809
Mar 2, 2022;21,298.05;21,298.05;20,415.88;20,478.89;19,971.33;82,913,767
Mar 1, 2022;21,802.14;21,991.18;21,329.55;21,424.07;20,893.09;27,661,251
Feb 28, 2022;21,455.58;21,928.17;21,424.07;21,676.12;21,138.89;20,836,675
Feb 25, 2022;21,707.63;21,991.18;21,487.08;21,487.08;20,954.54;26,756,978
Feb 24, 2022;21,424.07;21,928.17;20,919.97;21,424.07;20,893.09;47,948,665
Feb 23, 2022;21,802.14;21,991.18;21,518.59;21,644.61;21,108.16;27,666,805
Feb 22, 2022;20,478.89;21,676.12;20,226.84;21,676.12;21,138.89;60,734,648
Feb 21, 2022;20,541.90;20,730.94;20,069.31;20,573.41;20,063.51;29,864,642
Feb 18, 2022;20,730.94;20,825.46;20,510.40;20,573.41;20,063.51;24,730,697
Feb 17, 2022;20,573.41;20,919.97;20,541.90;20,919.97;20,401.48;14,869,872
Feb 16, 2022;20,762.45;20,825.46;20,321.36;20,573.41;20,063.51;15,557,540
Feb 15, 2022;20,258.35;20,730.94;20,132.32;20,604.91;20,094.23;32,915,649
Feb 14, 2022;21,109.01;21,298.05;20,163.83;20,163.83;19,664.08;45,241,561
Feb 11, 2022;21,266.54;21,518.59;21,235.04;21,392.56;20,862.36;22,746,312
Feb 10, 2022;20,919.97;21,550.09;20,825.46;21,266.54;20,739.46;37,955,644
Feb 9, 2022;21,298.05;21,518.59;20,982.99;20,982.99;20,462.93;35,342,013
Feb 8, 2022;21,172.02;21,518.59;20,982.99;21,298.05;20,770.19;30,173,789
Feb 7, 2022;21,613.11;21,739.13;21,140.52;21,298.05;20,770.19;28,645,667
Jan 28, 2022;20,982.99;21,550.09;20,919.97;21,235.04;20,708.73;40,286,312
Jan 27, 2022;20,793.95;21,014.49;20,510.40;20,793.95;20,278.58;32,455,419
Jan 26, 2022;20,762.45;21,361.06;20,667.93;20,982.99;20,462.93;47,839,638
Jan 25, 2022;20,163.83;20,604.91;20,100.82;20,541.90;20,032.78;33,513,472
Jan 24, 2022;20,069.31;20,793.95;19,943.29;20,226.84;19,725.53;54,209,380
Jan 21, 2022;19,029.62;20,352.87;18,966.60;20,037.81;19,541.18;82,097,097
Jan 20, 2022;18,714.56;19,218.65;18,431.00;19,029.62;18,557.98;26,677,152
Jan 19, 2022;19,029.62;19,407.69;18,651.54;18,651.54;18,189.27;20,246,152
Jan 18, 2022;18,714.56;19,124.13;18,588.53;18,840.58;18,373.63;23,183,689
Jan 17, 2022;18,714.56;19,376.18;18,588.53;18,588.53;18,127.82;48,757,718
Jan 14, 2022;18,588.53;18,998.11;18,431.00;18,683.05;18,220.00;15,861,588
Jan 13, 2022;18,714.56;19,439.19;18,620.04;18,714.56;18,250.73;56,089,341
Jan 12, 2022;17,769.38;18,399.50;17,674.86;18,399.50;17,943.47;24,422,819
Jan 11, 2022;17,800.88;17,958.41;17,580.34;17,580.34;17,144.62;14,306,560
Jan 10, 2022;17,989.92;18,115.94;17,706.36;17,706.36;17,267.52;20,628,302
Jan 7, 2022;17,863.89;18,178.95;17,832.39;18,021.42;17,574.77;16,388,949
Jan 6, 2022;17,958.41;18,021.42;17,737.87;17,863.89;17,421.15;21,029,178
Jan 5, 2022;18,336.48;18,367.99;18,052.93;18,084.44;17,636.22;16,491,151
Jan 4, 2022;18,399.50;18,525.52;18,304.98;18,336.48;17,882.02;15,999,181
Dec 31, 2021;18,084.44;18,494.01;17,958.41;18,210.46;17,759.12;21,153,599
Dec 30, 2021;18,021.42;18,115.94;17,832.39;17,926.91;17,482.60;8,944,490
Dec 29, 2021;17,926.91;18,178.95;17,800.88;17,832.39;17,390.42;15,975,218
Dec 28, 2021;17,863.89;17,895.40;17,674.86;17,832.39;17,390.42;12,128,647
Dec 27, 2021;17,832.39;17,895.40;17,580.34;17,737.87;17,298.25;6,912,019
Dec 24, 2021;17,170.76;17,737.87;17,170.76;17,737.87;17,298.25;12,285,522
Dec 23, 2021;17,517.33;17,548.83;17,076.24;17,202.27;16,775.92;16,655,088
Dec 22, 2021;17,611.85;17,674.86;17,359.80;17,422.81;16,990.99;14,656,421
Dec 21, 2021;17,706.36;17,769.38;17,548.83;17,611.85;17,175.35;10,743,196
Dec 20, 2021;17,769.38;17,800.88;17,580.34;17,580.34;17,144.62;14,015,749
Dec 17, 2021;17,832.39;17,895.40;17,706.36;17,769.38;17,328.97;12,442,714
Dec 16, 2021;18,147.45;18,147.45;17,769.38;17,800.88;17,359.70;12,682,669
Dec 15, 2021;17,800.88;18,052.93;17,769.38;17,958.41;17,513.32;11,204,061
Dec 14, 2021;17,863.89;18,021.42;17,769.38;17,800.88;17,359.70;10,709,552
Dec 13, 2021;17,863.89;17,958.41;17,832.39;17,895.40;17,451.87;14,409,801
Dec 10, 2021;18,052.93;18,084.44;17,800.88;17,863.89;17,421.15;10,039,679
Dec 9, 2021;17,706.36;18,021.42;17,706.36;17,989.92;17,544.05;7,863,902
Dec 8, 2021;17,769.38;18,084.44;17,674.86;17,895.40;17,451.87;12,168,639
Dec 7, 2021;17,454.32;17,769.38;17,422.81;17,737.87;17,298.25;12,811,057
Dec 6, 2021;17,832.39;17,989.92;17,013.23;17,328.29;16,898.82;26,393,714
Dec 3, 2021;18,462.51;18,525.52;17,832.39;17,832.39;17,390.42;19,745,612
Dec 2, 2021;18,683.05;18,714.56;18,336.48;18,336.48;17,882.02;13,293,029
Dec 1, 2021;18,273.47;18,588.53;18,147.45;18,588.53;18,127.82;17,854,702
Nov 30, 2021;18,998.11;19,029.62;18,210.46;18,273.47;17,820.57;38,554,419
Nov 29, 2021;18,714.56;18,872.09;18,525.52;18,777.57;18,312.18;29,656,110
Nov 26, 2021;19,596.72;19,628.23;18,998.11;19,092.63;18,619.43;36,932,568
Nov 25, 2021;19,722.75;19,817.27;19,376.18;19,470.70;18,988.13;34,668,015
Nov 24, 2021;18,210.46;19,470.70;18,115.94;19,470.70;18,988.13;68,235,604
Nov 23, 2021;18,494.01;18,525.52;18,178.95;18,210.46;17,759.12;18,972,902
Nov 22, 2021;17,926.91;18,588.53;17,895.40;18,399.50;17,943.47;38,064,512
Nov 19, 2021;17,769.38;18,241.97;17,643.35;17,832.39;17,390.42;29,315,381
Nov 18, 2021;18,084.44;18,084.44;17,832.39;17,832.39;17,390.42;24,968,271
Nov 17, 2021;18,052.93;18,084.44;17,895.40;18,084.44;17,636.22;11,150,262
Nov 16, 2021;18,147.45;18,241.97;17,958.41;18,052.93;17,605.50;22,893,585
Nov 15, 2021;18,084.44;18,273.47;17,926.91;18,021.42;17,574.77;19,996,041
Nov 12, 2021;17,643.35;17,989.92;17,643.35;17,989.92;17,544.05;16,453,857
Nov 11, 2021;18,021.42;18,021.42;17,643.35;17,706.36;17,267.52;25,389,936
Nov 10, 2021;18,147.45;18,147.45;17,989.92;18,021.42;17,574.77;17,009,148
Nov 9, 2021;18,021.42;18,241.97;17,958.41;18,021.42;17,574.77;19,619,604
Nov 8, 2021;18,052.93;18,147.45;17,895.40;17,958.41;17,513.32;22,160,074
Nov 5, 2021;18,241.97;18,241.97;18,021.42;18,052.93;17,605.50;13,193,841
Nov 4, 2021;18,431.00;18,494.01;18,178.95;18,210.46;17,759.12;17,162,928
Nov 3, 2021;17,895.40;18,588.53;17,895.40;18,367.99;17,912.75;44,571,529
Nov 2, 2021;17,832.39;17,958.41;17,800.88;17,895.40;17,451.87;16,584,626
Nov 1, 2021;18,021.42;18,084.44;17,832.39;17,895.40;17,451.87;16,905,358
Oct 29, 2021;17,958.41;18,021.42;17,769.38;17,958.41;17,513.32;17,380,030
Oct 28, 2021;18,052.93;18,052.93;17,863.89;17,958.41;17,513.32;14,448,682
Oct 27, 2021;17,643.35;17,895.40;17,611.85;17,895.40;17,451.87;16,198,826
Oct 26, 2021;17,454.32;17,611.85;17,391.30;17,611.85;17,175.35;10,850,160
Oct 25, 2021;17,611.85;17,643.35;17,391.30;17,391.30;16,960.27;14,845,115
Oct 22, 2021;17,737.87;17,737.87;17,548.83;17,580.34;17,144.62;12,027,396
Oct 21, 2021;17,958.41;17,958.41;17,580.34;17,580.34;17,144.62;16,170,736
Oct 20, 2021;17,958.41;17,958.41;17,517.33;17,769.38;17,328.97;14,184,447
Oct 19, 2021;17,958.41;17,958.41;17,706.36;17,769.38;17,328.97;16,058,535
Oct 18, 2021;18,115.94;18,115.94;17,863.89;17,895.40;17,451.87;13,380,790
Oct 15, 2021;18,115.94;18,115.94;17,863.89;17,895.40;17,451.87;12,995,625
Oct 14, 2021;18,115.94;18,147.45;17,958.41;17,958.41;17,513.32;21,121,383
Oct 13, 2021;18,336.48;18,336.48;18,021.42;18,021.42;17,574.77;17,102,622
Oct 12, 2021;18,367.99;18,367.99;17,989.92;18,115.94;17,666.95;26,025,054
Oct 11, 2021;17,517.33;18,147.45;17,485.82;18,147.45;17,697.67;40,005,572
Oct 8, 2021;17,422.81;17,517.33;17,359.80;17,454.32;17,021.72;12,903,897
Oct 7, 2021;17,580.34;17,580.34;17,359.80;17,422.81;16,990.99;10,328,037
Oct 6, 2021;17,328.29;17,359.80;17,107.75;17,328.29;16,898.82;15,959,982
Oct 5, 2021;17,044.74;17,265.28;17,044.74;17,265.28;16,837.37;15,017,939
Oct 4, 2021;17,296.79;17,328.29;16,950.22;17,076.24;16,653.02;19,413,771
Oct 1, 2021;17,580.34;17,611.85;17,170.76;17,296.79;16,868.10;28,720,747
Sep 30, 2021;17,517.33;17,737.87;17,485.82;17,548.83;17,113.89;11,715,710
Sep 29, 2021;17,643.35;17,769.38;17,485.82;17,517.33;17,083.17;18,530,446
Sep 28, 2021;17,643.35;17,706.36;17,517.33;17,643.35;17,206.07;12,045,964
Sep 27, 2021;18,210.46;18,273.47;17,643.35;17,643.35;17,206.07;15,185,050
Sep 24, 2021;17,643.35;18,178.95;17,580.34;18,084.44;17,636.22;49,399,025
Sep 23, 2021;17,643.35;17,769.38;17,517.33;17,580.34;17,144.62;18,708,984
Sep 22, 2021;17,643.35;17,737.87;17,454.32;17,643.35;17,206.07;14,763,543
Sep 21, 2021;17,580.34;17,706.36;17,422.81;17,643.35;17,206.07;18,172,578
Sep 20, 2021;17,737.87;17,958.41;17,706.36;17,800.88;17,359.70;28,937,675
Sep 17, 2021;17,643.35;17,643.35;17,422.81;17,548.83;17,113.89;15,420,402
Sep 16, 2021;17,328.29;17,517.33;17,328.29;17,517.33;17,083.17;15,506,894
Sep 15, 2021;17,328.29;17,391.30;17,139.26;17,296.79;16,868.10;19,010,355
Sep 14, 2021;17,454.32;17,643.35;17,391.30;17,391.30;16,960.27;17,567,296
Sep 13, 2021;17,611.85;17,832.39;17,485.82;17,580.34;17,144.62;22,008,198
Sep 10, 2021;17,895.40;17,895.40;17,769.38;17,769.38;17,328.97;13,451,253
Sep 9, 2021;17,769.38;17,958.41;17,643.35;17,895.40;17,451.87;16,656,993
Sep 8, 2021;18,147.45;18,147.45;17,769.38;17,832.39;17,390.42;14,845,432
Sep 7, 2021;17,958.41;18,178.95;17,863.89;18,021.42;17,574.77;32,468,433
Sep 6, 2021;17,611.85;17,863.89;17,454.32;17,832.39;17,390.42;28,429,359
Sep 1, 2021;17,580.34;17,769.38;17,454.32;17,580.34;17,144.62;20,231,076
Aug 31, 2021;18,021.42;18,084.44;17,580.34;17,580.34;17,144.62;16,557,805
Aug 30, 2021;17,706.36;18,210.46;17,643.35;17,895.40;17,451.87;25,774,005
Aug 27, 2021;17,485.82;17,674.86;17,170.76;17,643.35;17,206.07;34,703,801
Aug 26, 2021;18,021.42;18,052.93;17,643.35;17,706.36;17,267.52;23,460,271
Aug 25, 2021;17,769.38;18,021.42;17,548.83;18,021.42;17,574.77;33,625,197
Aug 24, 2021;18,021.42;18,115.94;17,706.36;17,989.92;17,544.05;22,480,489
Aug 23, 2021;18,588.53;18,746.06;17,989.92;18,021.42;17,574.77;34,906,858
Aug 20, 2021;19,533.71;19,533.71;18,557.03;18,840.58;18,373.63;53,410,326
Aug 19, 2021;19,407.69;19,596.72;19,092.63;19,596.72;19,111.03;33,647,891
Aug 18, 2021;19,533.71;19,754.25;19,533.71;19,596.72;19,111.03;19,773,543
Aug 17, 2021;19,817.27;20,037.81;19,533.71;19,659.73;19,172.48;29,452,974
Aug 16, 2021;18,651.54;19,659.73;18,588.53;19,533.71;19,049.58;50,744,483
Aug 13, 2021;18,588.53;18,714.56;18,336.48;18,651.54;18,189.27;17,868,826
Aug 12, 2021;18,777.57;18,903.59;18,588.53;18,588.53;18,127.82;15,585,768
Aug 11, 2021;18,714.56;19,029.62;18,588.53;18,714.56;18,250.73;30,997,601
Aug 10, 2021;18,935.10;19,029.62;18,588.53;18,683.05;18,220.00;21,900,123
Aug 9, 2021;18,462.51;18,840.58;18,336.48;18,840.58;18,373.63;19,575,645
Aug 6, 2021;18,903.59;18,966.60;18,651.54;18,683.05;18,220.00;20,484,361
Aug 5, 2021;18,651.54;18,903.59;18,525.52;18,903.59;18,435.08;26,453,068
Aug 4, 2021;18,588.53;18,809.07;18,557.03;18,714.56;18,250.73;26,142,016
Aug 3, 2021;18,210.46;18,525.52;18,147.45;18,462.51;18,004.92;28,284,783
Aug 2, 2021;18,210.46;18,336.48;18,021.42;18,147.45;17,697.67;19,599,481
Jul 30, 2021;17,958.41;18,399.50;17,895.40;18,210.46;17,759.12;29,928,280
Jul 29, 2021;17,580.34;17,895.40;17,517.33;17,895.40;17,451.87;25,933,167
Jul 28, 2021;17,296.79;17,548.83;17,233.78;17,391.30;16,960.27;9,778,776
Jul 27, 2021;17,265.28;17,485.82;17,202.27;17,265.28;16,837.37;18,514,100
Jul 26, 2021;17,202.27;17,422.81;16,887.21;17,139.26;16,714.47;25,367,084
Jul 23, 2021;17,706.36;17,895.40;17,485.82;17,485.82;17,052.45;17,629,983
Jul 22, 2021;17,643.35;17,958.41;17,328.29;17,863.89;17,421.15;16,659,532
Jul 21, 2021;17,706.36;18,021.42;17,580.34;17,643.35;17,206.07;19,440,273
Jul 20, 2021;17,454.32;17,580.34;16,698.17;17,580.34;17,144.62;24,164,455
Jul 19, 2021;17,643.35;18,084.44;17,076.24;17,107.75;16,683.74;34,545,974
Jul 16, 2021;18,588.53;18,651.54;18,241.97;18,336.48;17,882.02;21,251,358
Jul 15, 2021;18,021.42;18,557.03;17,958.41;18,462.51;18,004.92;25,608,308
Jul 14, 2021;18,777.57;18,809.07;17,832.39;18,178.95;17,728.40;32,645,224
Jul 13, 2021;18,966.60;19,281.66;18,462.51;18,777.57;18,312.18;22,616,813
Jul 12, 2021;19,911.78;20,037.81;18,210.46;18,777.57;18,312.18;53,555,060
Jul 9, 2021;19,440.36;19,883.78;19,230.32;19,533.71;19,049.58;75,751,246
Jul 8, 2021;19,650.40;19,930.45;19,417.02;19,650.40;19,163.38;44,945,386
Jul 7, 2021;19,136.97;19,650.40;18,436.84;19,650.40;19,163.38;67,338,060
Jul 6, 2021;20,210.51;20,280.52;18,716.89;18,716.89;18,253.00;47,072,625
Jul 5, 2021;20,303.86;20,327.20;19,720.41;20,117.16;19,618.56;55,155,874
Jul 2, 2021;20,443.88;20,443.88;20,233.84;20,280.52;19,777.88;38,052,054
Jul 1, 2021;20,257.18;20,397.21;19,953.79;20,280.52;19,777.88;54,548,276
Jun 30, 2021;20,303.86;20,747.28;20,233.84;20,233.84;19,732.36;55,693,844
Jun 29, 2021;20,163.83;20,443.88;19,837.10;20,280.52;19,777.88;40,320,480
Jun 28, 2021;19,883.78;20,210.51;19,837.10;20,117.16;19,618.56;39,944,908
Jun 25, 2021;19,603.72;19,697.08;19,277.00;19,650.40;19,163.38;40,178,006
Jun 24, 2021;19,813.76;19,953.79;19,463.70;19,603.72;19,117.86;48,253,758
Jun 23, 2021;19,720.41;19,813.76;19,370.35;19,557.05;19,072.34;50,831,768
Jun 22, 2021;19,136.97;19,813.76;19,090.29;19,603.72;19,117.86;79,962,661
Jun 21, 2021;18,856.92;19,113.63;18,716.89;18,973.61;18,503.35;40,703,549
Jun 18, 2021;19,136.97;19,136.97;18,880.25;18,926.93;18,457.84;55,968,720
Jun 17, 2021;17,736.70;18,670.21;17,690.03;18,623.54;18,161.96;57,094,106
Jun 16, 2021;18,320.15;18,460.17;18,040.09;18,063.43;17,615.74;44,417,701
Jun 15, 2021;18,343.48;18,646.88;18,040.09;18,343.48;17,888.85;53,326,651
Jun 14, 2021;18,390.16;18,623.54;18,156.78;18,343.48;17,888.85;53,539,909
Jun 11, 2021;17,830.05;18,646.88;17,620.01;18,390.16;17,934.37;53,600,241
Jun 10, 2021;17,970.08;18,180.12;17,596.68;17,690.03;17,251.59;34,079,523
Jun 9, 2021;17,316.62;18,110.11;17,153.26;17,993.42;17,547.46;65,615,958
Jun 8, 2021;18,436.84;18,646.88;17,316.62;17,409.97;16,978.48;65,204,607
Jun 7, 2021;19,370.35;19,370.35;18,203.46;18,553.53;18,093.69;67,908,165
Jun 4, 2021;19,230.32;19,930.45;19,183.64;19,393.69;18,913.02;70,478,249
Jun 3, 2021;18,670.21;19,206.98;18,600.20;19,206.98;18,730.95;65,705,084
Jun 2, 2021;17,690.03;18,063.43;17,550.00;17,970.08;17,524.70;51,747,665
Jun 1, 2021;18,016.76;18,133.45;17,783.38;17,830.05;17,388.15;34,989,207
May 31, 2021;17,736.70;17,876.73;17,269.95;17,736.70;17,297.11;66,854,893
May 28, 2021;17,083.25;17,596.68;16,896.54;17,596.68;17,160.55;56,995,382
May 27, 2021;17,503.33;17,620.01;16,826.53;17,036.57;16,614.33;61,442,894
May 26, 2021;17,153.26;17,503.33;17,083.25;17,503.33;17,069.52;74,249,817
May 25, 2021;16,243.09;16,709.84;16,219.75;16,709.84;16,295.70;49,391,613
May 24, 2021;16,243.09;16,336.44;16,056.38;16,219.75;15,817.75;44,671,452
May 21, 2021;16,056.38;16,453.13;15,986.37;16,173.07;15,772.23;43,936,935
May 20, 2021;16,196.41;16,219.75;15,986.37;16,103.06;15,703.95;38,876,682
May 19, 2021;15,729.66;16,103.06;15,589.63;16,103.06;15,703.95;63,638,691
May 18, 2021;15,332.91;15,636.30;15,216.22;15,542.95;15,157.73;50,214,314
May 17, 2021;15,636.30;15,636.30;15,309.58;15,356.25;14,975.65;41,226,736
May 14, 2021;15,589.63;15,589.63;15,332.91;15,402.93;15,021.17;46,844,454
May 13, 2021;15,309.58;15,776.33;15,309.58;15,379.59;14,998.41;57,625,048
May 12, 2021;15,192.89;15,496.28;15,146.21;15,496.28;15,112.21;45,398,515
May 11, 2021;15,496.28;15,589.63;15,262.90;15,262.90;14,884.62;54,386,307
May 10, 2021;14,749.47;15,612.97;14,726.13;15,496.28;15,112.21;78,670,548
May 7, 2021;14,609.44;14,796.14;14,562.77;14,749.47;14,383.91;53,202,175
May 6, 2021;14,796.14;14,982.85;14,632.78;14,749.47;14,383.91;40,840,452
May 5, 2021;14,726.13;15,122.87;14,702.79;14,796.14;14,429.43;60,941,494
May 4, 2021;13,815.96;14,632.78;13,815.96;14,586.10;14,224.59;67,609,227
Apr 29, 2021;14,236.04;14,446.08;14,166.02;14,166.02;13,814.93;41,145,966
Apr 28, 2021;13,815.96;14,376.06;13,815.96;14,119.35;13,769.41;37,873,373
Apr 27, 2021;13,815.96;13,979.32;13,629.26;13,815.96;13,473.54;22,114,153
Apr 26, 2021;14,142.69;14,142.69;13,769.28;13,815.96;13,473.54;31,110,730
Apr 23, 2021;13,629.26;14,142.69;13,582.58;14,142.69;13,792.17;36,239,755
Apr 22, 2021;14,189.36;14,236.04;13,629.26;13,629.26;13,291.46;29,446,474
Apr 20, 2021;14,329.39;14,469.42;14,049.34;14,236.04;13,883.21;28,346,540
Apr 19, 2021;14,212.70;14,376.06;13,979.32;14,236.04;13,883.21;30,400,293
Apr 16, 2021;14,189.36;14,306.05;13,909.31;14,096.01;13,746.65;39,766,871
Apr 15, 2021;14,586.10;14,586.10;14,259.38;14,282.71;13,928.72;40,767,823
Apr 14, 2021;14,376.06;14,632.78;14,282.71;14,586.10;14,224.59;32,619,871
Apr 13, 2021;14,842.82;14,842.82;14,422.74;14,516.09;14,156.32;48,612,618
Apr 12, 2021;14,749.47;14,819.48;14,632.78;14,772.81;14,406.67;35,890,536
Apr 9, 2021;14,516.09;14,679.46;14,399.40;14,632.78;14,270.11;37,183,719
Apr 8, 2021;14,842.82;14,842.82;14,469.42;14,562.77;14,201.84;48,261,876
Apr 7, 2021;14,702.79;14,959.51;14,679.46;14,842.82;14,474.95;50,742,642
Apr 6, 2021;14,329.39;14,679.46;14,236.04;14,656.12;14,292.87;72,051,450
Apr 5, 2021;14,119.35;14,189.36;13,909.31;14,189.36;13,837.69;56,962,388
Apr 2, 2021;13,815.96;13,862.63;13,652.59;13,815.96;13,473.54;38,329,287
Apr 1, 2021;13,185.84;13,629.26;13,162.50;13,629.26;13,291.46;42,506,635
Mar 31, 2021;13,232.51;13,325.87;13,115.83;13,139.16;12,813.52;22,570,067
Mar 30, 2021;13,185.84;13,395.88;13,045.81;13,209.18;12,881.79;28,481,515
Mar 29, 2021;12,905.79;13,209.18;12,835.77;13,185.84;12,859.03;36,534,128
Mar 26, 2021;12,742.42;12,952.46;12,485.71;12,835.77;12,517.64;31,089,305
Mar 25, 2021;12,929.12;13,069.15;12,835.77;12,859.11;12,540.40;28,279,911
Mar 24, 2021;13,069.15;13,139.16;12,789.10;12,882.45;12,563.16;34,978,495
Mar 23, 2021;13,372.54;13,395.88;13,185.84;13,232.51;12,904.55;34,119,157
Mar 22, 2021;13,629.26;13,652.59;13,302.53;13,372.54;13,041.11;34,641,059
Mar 19, 2021;13,535.91;13,699.27;13,535.91;13,629.26;13,291.46;21,394,505
Mar 18, 2021;13,675.93;13,699.27;13,535.91;13,629.26;13,291.46;29,682,572
Mar 17, 2021;13,372.54;13,535.91;13,372.54;13,535.91;13,200.42;30,390,867
Mar 16, 2021;13,582.58;13,605.92;13,232.51;13,372.54;13,041.11;27,465,993
Mar 15, 2021;13,255.85;13,489.23;13,162.50;13,489.23;13,154.91;52,647,280
Mar 12, 2021;13,255.85;13,279.19;13,139.16;13,185.84;12,859.03;36,127,276
Mar 11, 2021;13,185.84;13,302.53;13,115.83;13,185.84;12,859.03;36,488,493
Mar 10, 2021;12,789.10;13,115.83;12,649.07;13,045.81;12,722.48;55,318,272
Mar 9, 2021;12,695.75;12,859.11;12,602.39;12,742.42;12,426.61;26,787,909
Mar 8, 2021;12,929.12;12,999.14;12,719.08;12,882.45;12,563.16;31,728,612
Mar 5, 2021;12,649.07;12,835.77;12,509.04;12,765.76;12,449.37;42,154,244
Mar 4, 2021;13,069.15;13,162.50;12,555.72;12,672.41;12,358.33;56,031,494
Mar 3, 2021;13,069.15;13,255.85;13,022.47;13,069.15;12,745.24;38,497,469
Mar 2, 2021;13,372.54;13,395.88;13,069.15;13,115.83;12,790.76;31,992,519
Mar 1, 2021;13,092.49;13,279.19;13,022.47;13,232.51;12,904.55;47,274,016
Feb 26, 2021;12,509.04;12,975.80;12,462.37;12,905.79;12,585.92;51,750,064
Feb 25, 2021;12,742.42;12,812.43;12,532.38;12,742.42;12,426.61;41,247,731
Feb 24, 2021;12,905.79;12,975.80;12,555.72;12,602.39;12,290.05;45,503,280
Feb 23, 2021;12,485.71;12,835.77;12,415.69;12,789.10;12,472.13;78,677,661
Feb 22, 2021;12,532.38;12,672.41;12,275.67;12,462.37;12,153.49;42,639,467
Feb 19, 2021;12,088.96;12,789.10;12,042.29;12,532.38;12,221.77;64,754,308
Feb 18, 2021;12,135.64;12,275.67;11,948.94;12,228.99;11,925.90;50,061,942
Feb 17, 2021;11,738.90;12,042.29;11,668.88;12,042.29;11,743.83;39,571,051
Feb 9, 2021;11,202.13;11,552.20;11,108.78;11,552.20;11,265.88;36,279,819
Feb 8, 2021;11,575.53;11,762.23;11,132.12;11,155.45;10,878.97;49,841,313
Feb 5, 2021;11,295.48;11,575.53;11,225.47;11,552.20;11,265.88;26,268,793
Feb 4, 2021;11,342.16;11,365.49;11,108.78;11,225.47;10,947.25;23,758,912
Feb 3, 2021;11,062.10;11,365.49;10,922.08;11,318.82;11,038.29;43,809,459
Feb 2, 2021;10,548.67;10,922.08;10,245.28;10,898.74;10,628.62;32,714,782
Feb 1, 2021;10,735.37;10,968.75;10,245.28;10,268.62;10,014.12;34,824,452
Jan 29, 2021;9,941.89;10,968.75;9,941.89;10,945.41;10,674.14;42,627,684
Jan 28, 2021;10,502.00;10,735.37;10,431.98;10,431.98;10,173.43;55,456,246
Jan 27, 2021;11,575.53;11,785.57;11,132.12;11,202.13;10,924.49;48,843,575
Jan 26, 2021;11,738.90;11,948.94;11,085.44;11,948.94;11,652.79;43,399,823
Jan 25, 2021;11,855.59;12,042.29;11,738.90;11,762.23;11,470.71;23,406,051
Jan 22, 2021;11,995.61;12,112.30;11,808.91;11,948.94;11,652.79;26,567,450
Jan 21, 2021;11,668.88;12,042.29;11,388.83;12,042.29;11,743.83;32,639,367
Jan 20, 2021;11,388.83;11,552.20;10,688.70;11,388.83;11,106.56;51,123,355
Jan 19, 2021;12,228.99;12,228.99;11,388.83;11,388.83;11,106.56;51,324,317
Jan 18, 2021;12,485.71;12,532.38;12,228.99;12,228.99;11,925.90;30,719,089
Jan 15, 2021;12,555.72;12,695.75;12,392.35;12,485.71;12,176.25;45,897,063
Jan 14, 2021;12,275.67;12,322.34;12,065.63;12,322.34;12,016.94;45,288,821
Jan 13, 2021;12,205.65;12,415.69;12,088.96;12,135.64;11,834.86;40,186,791
Jan 12, 2021;12,299.00;12,369.02;11,995.61;12,205.65;11,903.14;36,425,077
Jan 11, 2021;12,602.39;12,695.75;12,228.99;12,299.00;11,994.18;50,222,455
Jan 8, 2021;12,228.99;12,765.76;12,135.64;12,415.69;12,107.98;55,407,612
Jan 7, 2021;11,902.26;12,112.30;11,785.57;12,088.96;11,789.34;43,432,603
Jan 6, 2021;11,902.26;12,135.64;11,668.88;11,808.91;11,516.23;48,332,171
Jan 5, 2021;11,272.14;11,738.90;11,178.79;11,738.90;11,447.96;73,153,740
Jan 4, 2021;10,922.08;11,365.49;10,782.05;11,178.79;10,901.73;92,781,790
Dec 31, 2020;10,758.71;10,782.05;10,712.04;10,735.37;10,469.30;30,561,315
Dec 30, 2020;10,688.70;10,805.39;10,688.70;10,688.70;10,423.78;28,918,979
Dec 29, 2020;10,758.71;10,758.71;10,665.36;10,712.04;10,446.54;24,530,855
Dec 28, 2020;10,968.75;10,968.75;10,665.36;10,758.71;10,492.06;35,708,914
Dec 25, 2020;10,642.02;10,805.39;10,548.67;10,782.05;10,514.82;27,654,031
Dec 24, 2020;10,758.71;10,805.39;10,315.29;10,642.02;10,378.27;35,160,555
Dec 23, 2020;10,875.40;10,898.74;10,688.70;10,688.70;10,423.78;30,076,522
Dec 22, 2020;10,922.08;11,062.10;10,735.37;10,828.72;10,560.34;49,072,920
Dec 21, 2020;10,875.40;11,062.10;10,758.71;10,852.06;10,583.10;58,909,442
Dec 18, 2020;10,502.00;10,782.05;10,338.63;10,782.05;10,514.82;38,568,742
Dec 17, 2020;10,315.29;10,408.64;10,175.27;10,315.29;10,059.63;36,860,823
Dec 16, 2020;10,105.25;10,455.32;10,035.24;10,385.31;10,127.91;42,861,830
Dec 15, 2020;10,198.60;10,198.60;9,988.56;10,035.24;9,786.52;29,530,477
Dec 14, 2020;10,081.92;10,221.94;10,081.92;10,198.60;9,945.84;30,044,237
Dec 11, 2020;9,871.88;10,035.24;9,731.85;10,035.24;9,786.52;18,706,002
Dec 10, 2020;10,011.90;10,058.58;9,801.86;9,825.20;9,581.69;31,713,738
Dec 9, 2020;10,035.24;10,151.93;9,965.23;9,988.56;9,741.00;27,627,336
Dec 8, 2020;9,755.19;10,058.58;9,708.51;9,965.23;9,718.24;40,870,569
Dec 7, 2020;9,778.52;9,825.20;9,708.51;9,755.19;9,513.41;17,682,211
Dec 4, 2020;9,801.86;9,871.88;9,731.85;9,778.52;9,536.17;41,597,931
Dec 3, 2020;10,058.58;10,058.58;9,731.85;9,801.86;9,558.93;48,091,846
Dec 2, 2020;9,755.19;9,988.56;9,731.85;9,965.23;9,718.24;40,944,762
Dec 1, 2020;9,358.44;9,731.85;9,358.44;9,731.85;9,490.65;45,189,835
Nov 30, 2020;9,521.81;9,615.16;9,428.46;9,498.47;9,263.06;40,027,922
Nov 27, 2020;9,101.73;9,335.11;9,055.05;9,335.11;9,103.74;37,867,863
Nov 26, 2020;8,985.04;9,101.73;8,961.70;9,101.73;8,876.15;26,668,075
Nov 25, 2020;9,148.41;9,148.41;9,008.38;9,078.39;8,853.39;15,035,346
Nov 24, 2020;9,055.05;9,101.73;8,961.70;9,031.72;8,807.87;18,564,305
Nov 23, 2020;9,008.38;9,055.05;8,891.69;8,961.70;8,739.59;19,310,966
Nov 20, 2020;9,078.39;9,101.73;8,985.04;9,008.38;8,785.11;17,541,947
Nov 19, 2020;9,218.42;9,241.76;9,055.05;9,101.73;8,876.15;28,724,165
Nov 18, 2020;9,171.74;9,335.11;9,078.39;9,171.74;8,944.42;24,234,213
Nov 17, 2020;8,938.37;9,125.07;8,915.03;9,125.07;8,898.91;21,308,268
Nov 16, 2020;9,101.73;9,148.41;8,868.35;8,891.69;8,671.31;42,994,894
Nov 13, 2020;8,775.00;9,008.38;8,775.00;9,008.38;8,785.11;34,516,131
Nov 12, 2020;8,541.62;8,728.33;8,518.29;8,728.33;8,512.00;26,710,475
Nov 11, 2020;8,494.95;8,564.96;8,424.93;8,518.29;8,307.16;20,039,016
Nov 10, 2020;8,588.30;8,634.97;8,448.27;8,448.27;8,238.89;15,116,756
Nov 9, 2020;8,448.27;8,541.62;8,424.93;8,518.29;8,307.16;10,734,635
Nov 6, 2020;8,541.62;8,588.30;8,378.26;8,401.60;8,193.37;8,553,898
Nov 5, 2020;8,634.97;8,658.31;8,494.95;8,541.62;8,329.92;15,389,255
Nov 4, 2020;8,681.65;8,681.65;8,494.95;8,611.64;8,398.20;11,053,303
Nov 3, 2020;8,448.27;8,564.96;8,401.60;8,518.29;8,307.16;8,844,715
Nov 2, 2020;8,378.26;8,401.60;8,308.25;8,401.60;8,193.37;7,910,371
Oct 30, 2020;8,354.92;8,378.26;8,214.89;8,308.25;8,102.33;13,409,931
Oct 29, 2020;8,168.22;8,354.92;8,168.22;8,308.25;8,102.33;13,369,055
Oct 28, 2020;8,284.91;8,378.26;8,168.22;8,191.56;7,988.53;17,284,918
Oct 27, 2020;8,588.30;8,588.30;8,354.92;8,354.92;8,147.85;21,122,558
Oct 26, 2020;8,775.00;8,798.34;8,588.30;8,588.30;8,375.44;19,853,821
Oct 23, 2020;8,868.35;8,868.35;8,704.99;8,798.34;8,580.28;14,516,643
Oct 22, 2020;8,704.99;8,775.00;8,588.30;8,775.00;8,557.52;15,546,105
Oct 21, 2020;8,821.68;8,891.69;8,658.31;8,658.31;8,443.72;22,496,663
Oct 20, 2020;8,541.62;8,751.66;8,518.29;8,728.33;8,512.00;27,636,249
Oct 19, 2020;8,401.60;8,564.96;8,401.60;8,518.29;8,307.16;23,223,765
Oct 16, 2020;8,284.91;8,354.92;8,261.57;8,331.58;8,125.09;20,289,726
Oct 15, 2020;8,261.57;8,261.57;8,191.56;8,214.89;8,011.29;17,056,935
Oct 14, 2020;8,121.54;8,284.91;8,121.54;8,238.23;8,034.05;10,548,606
Oct 13, 2020;8,214.89;8,214.89;8,098.21;8,168.22;7,965.77;9,078,497
Oct 12, 2020;8,238.23;8,284.91;8,144.88;8,191.56;7,988.53;11,629,599
Oct 9, 2020;8,238.23;8,261.57;8,191.56;8,191.56;7,988.53;9,197,941
Oct 8, 2020;8,354.92;8,354.92;8,214.89;8,238.23;8,034.05;17,313,603
Oct 7, 2020;8,284.91;8,308.25;8,214.89;8,214.89;8,011.29;19,997,818
Oct 6, 2020;8,378.26;8,378.26;8,261.57;8,331.58;8,125.09;21,157,139
Oct 5, 2020;8,168.22;8,308.25;8,168.22;8,261.57;8,056.81;29,458,059
Oct 2, 2020;8,076.90;8,117.48;7,975.43;8,056.60;7,856.92;32,369,677
Oct 1, 2020;8,076.90;8,117.48;7,995.72;8,056.60;7,856.92;19,627,628
Sep 30, 2020;7,975.43;8,036.31;7,934.84;8,016.02;7,817.34;14,540,709
Sep 29, 2020;8,117.48;8,137.78;7,975.43;7,975.43;7,777.76;21,181,705
Sep 28, 2020;8,016.02;8,158.07;7,975.43;8,117.48;7,916.30;23,444,055
Sep 25, 2020;7,995.72;8,016.02;7,853.67;7,955.13;7,757.97;16,100,796
Sep 24, 2020;7,853.67;7,975.43;7,792.79;7,955.13;7,757.97;36,734,973
Sep 23, 2020;7,833.37;7,873.96;7,752.20;7,792.79;7,599.65;24,689,121
Sep 22, 2020;7,731.90;7,813.08;7,711.61;7,792.79;7,599.65;24,563,784
Sep 21, 2020;7,711.61;7,813.08;7,650.73;7,731.90;7,540.27;28,619,772
Sep 18, 2020;7,386.91;7,630.44;7,366.62;7,610.14;7,421.53;29,426,649
Sep 17, 2020;7,326.03;7,488.38;7,326.03;7,346.32;7,164.25;18,258,215
Sep 16, 2020;7,326.03;7,366.62;7,305.74;7,346.32;7,164.25;6,440,364
Sep 15, 2020;7,366.62;7,407.20;7,326.03;7,346.32;7,164.25;13,808,066
Sep 14, 2020;7,305.74;7,407.20;7,285.44;7,366.62;7,184.04;11,285,953
Sep 11, 2020;7,224.56;7,265.15;7,163.68;7,244.85;7,065.29;10,424,257
Sep 10, 2020;7,265.15;7,305.74;7,224.56;7,224.56;7,045.50;7,709,674
Sep 9, 2020;7,143.39;7,224.56;7,143.39;7,204.27;7,025.71;9,153,275
Sep 8, 2020;7,224.56;7,244.85;7,123.09;7,224.56;7,045.50;8,575,584
Sep 7, 2020;7,366.62;7,366.62;7,183.97;7,183.97;7,005.92;18,858,815
Sep 4, 2020;7,244.85;7,346.32;7,244.85;7,326.03;7,144.46;13,252,378
Sep 3, 2020;7,386.91;7,447.79;7,346.32;7,386.91;7,203.83;12,198,182
Sep 1, 2020;7,326.03;7,346.32;7,265.15;7,346.32;7,164.25;19,841,940
Aug 31, 2020;7,305.74;7,386.91;7,265.15;7,285.44;7,104.88;9,648,647
Aug 28, 2020;7,305.74;7,366.62;7,265.15;7,265.15;7,085.09;14,882,904
Aug 27, 2020;7,265.15;7,305.74;7,204.27;7,265.15;7,085.09;8,863,849
Aug 26, 2020;7,305.74;7,366.62;7,265.15;7,265.15;7,085.09;14,368,954
Aug 25, 2020;7,265.15;7,427.50;7,244.85;7,326.03;7,144.46;30,432,475
Aug 24, 2020;7,062.21;7,244.85;7,062.21;7,224.56;7,045.50;20,558,753
Aug 21, 2020;6,920.16;7,021.62;6,899.86;7,021.62;6,847.60;20,044,432
Aug 20, 2020;6,920.16;6,960.74;6,879.57;6,920.16;6,748.64;10,338,983
Aug 19, 2020;6,899.86;6,920.16;6,859.27;6,920.16;6,748.64;9,606,493
Aug 18, 2020;6,940.45;6,960.74;6,859.27;6,899.86;6,728.85;6,686,993
Aug 17, 2020;6,960.74;6,981.04;6,838.98;6,940.45;6,768.43;9,505,178
Aug 14, 2020;6,859.27;6,981.04;6,838.98;6,960.74;6,788.22;14,005,588
Aug 13, 2020;6,879.57;6,899.86;6,818.69;6,879.57;6,709.06;6,728,384
Aug 12, 2020;6,696.92;6,859.27;6,696.92;6,838.98;6,669.48;16,337,077
Aug 11, 2020;6,717.22;6,737.51;6,656.34;6,696.92;6,530.94;10,666,599
Aug 10, 2020;6,696.92;6,717.22;6,636.04;6,676.63;6,511.15;9,104,217
Aug 7, 2020;6,636.04;6,676.63;6,615.75;6,615.75;6,451.78;5,034,656
Aug 6, 2020;6,696.92;6,717.22;6,636.04;6,636.04;6,471.57;7,515,279
Aug 5, 2020;6,656.34;6,717.22;6,575.16;6,717.22;6,550.74;8,741,986
Aug 4, 2020;6,615.75;6,696.92;6,575.16;6,656.34;6,491.36;6,299,978
Aug 3, 2020;6,372.23;6,575.16;6,372.23;6,575.16;6,412.20;10,336,274
Jul 31, 2020;6,372.23;6,453.40;6,291.05;6,392.52;6,234.08;6,954,860
Jul 30, 2020;6,412.81;6,453.40;6,372.23;6,433.11;6,273.67;7,492,241
Jul 29, 2020;6,453.40;6,453.40;6,230.17;6,351.93;6,194.50;12,051,856
Jul 28, 2020;6,453.40;6,636.04;6,291.05;6,615.75;6,451.78;17,312,006
Jul 27, 2020;6,453.40;6,534.57;6,230.17;6,230.17;6,075.76;27,511,328
Jul 24, 2020;6,899.86;6,899.86;6,656.34;6,696.92;6,530.94;20,420,409
Jul 23, 2020;6,960.74;6,981.04;6,879.57;6,920.16;6,748.64;10,369,264
Jul 22, 2020;7,062.21;7,062.21;6,960.74;6,960.74;6,788.22;6,836,299
Jul 21, 2020;7,021.62;7,021.62;6,960.74;7,021.62;6,847.60;10,020,094
Jul 20, 2020;7,102.80;7,123.09;6,981.04;6,981.04;6,808.02;7,530,185
Jul 17, 2020;7,102.80;7,123.09;7,062.21;7,102.80;6,926.76;11,600,289
Jul 16, 2020;7,102.80;7,102.80;7,021.62;7,102.80;6,926.76;9,322,982
Jul 15, 2020;7,021.62;7,062.21;6,981.04;7,021.62;6,847.60;7,246,205
Jul 14, 2020;6,960.74;6,981.04;6,899.86;6,960.74;6,788.22;9,796,363
Jul 13, 2020;7,001.33;7,062.21;6,960.74;6,981.04;6,808.02;6,216,081
Jul 10, 2020;7,062.21;7,062.21;6,981.04;7,001.33;6,827.81;5,674,128
Jul 9, 2020;7,001.33;7,102.80;6,981.04;7,082.50;6,906.97;9,307,950
Jul 8, 2020;6,920.16;6,981.04;6,920.16;6,960.74;6,788.22;4,475,371
Jul 7, 2020;6,960.74;6,981.04;6,899.86;6,940.45;6,768.43;14,160,427
Jul 6, 2020;6,859.27;6,960.74;6,838.98;6,899.86;6,728.85;8,305,350
Jul 3, 2020;6,859.27;6,879.57;6,818.69;6,838.98;6,669.48;3,058,751
Jul 2, 2020;6,859.27;6,879.57;6,798.39;6,838.98;6,669.48;6,475,300
Jul 1, 2020;6,757.81;6,859.27;6,737.51;6,859.27;6,689.27;30,134,229
Jun 30, 2020;6,899.86;6,940.45;6,717.22;6,737.51;6,570.53;8,375,765
Jun 29, 2020;6,981.04;7,021.62;6,798.39;6,838.98;6,669.48;14,735,742
Jun 26, 2020;7,082.50;7,102.80;7,001.33;7,041.92;6,867.39;4,925,905
Jun 25, 2020;7,062.21;7,082.50;7,021.62;7,041.92;6,867.39;6,674,796
Jun 24, 2020;7,143.39;7,224.56;7,102.80;7,123.09;6,946.55;14,140,337
Jun 23, 2020;7,102.80;7,163.68;7,082.50;7,102.80;6,926.76;21,767,919
Jun 22, 2020;7,123.09;7,204.27;7,082.50;7,102.80;6,926.76;6,462,291
Jun 19, 2020;7,062.21;7,102.80;7,021.62;7,102.80;6,926.76;7,667,075
Jun 18, 2020;7,041.92;7,062.21;6,981.04;7,021.62;6,847.60;9,154,308
Jun 17, 2020;7,062.21;7,102.80;7,001.33;7,021.62;6,847.60;7,378,463
Jun 16, 2020;7,001.33;7,102.80;6,960.74;7,062.21;6,887.18;15,711,684
Jun 15, 2020;7,183.97;7,204.27;6,859.27;6,899.86;6,728.85;22,231,809
Jun 12, 2020;6,940.45;7,163.68;6,940.45;7,163.68;6,986.13;26,270,203
Jun 11, 2020;7,589.85;7,650.73;7,102.80;7,102.80;6,926.76;24,281,112
Jun 10, 2020;7,326.03;7,650.73;7,285.44;7,549.26;7,362.16;25,364,920
Jun 9, 2020;7,366.62;7,386.91;7,326.03;7,346.32;7,164.25;16,443,169
Jun 8, 2020;7,366.62;7,427.50;7,326.03;7,346.32;7,164.25;20,780,276
Jun 5, 2020;7,285.44;7,305.74;7,224.56;7,265.15;7,085.09;17,051,779
Jun 4, 2020;7,366.62;7,427.50;7,305.74;7,305.74;7,124.67;23,769,696
Jun 3, 2020;7,305.74;7,346.32;7,265.15;7,326.03;7,144.46;13,776,676
Jun 2, 2020;7,305.74;7,427.50;7,265.15;7,265.15;7,085.09;34,611,035
Jun 1, 2020;7,001.33;7,326.03;7,001.33;7,244.85;7,065.29;43,143,558
May 29, 2020;7,021.62;7,021.62;6,960.74;6,981.04;6,808.02;11,246,652
May 28, 2020;7,041.92;7,102.80;7,001.33;7,021.62;6,847.60;8,474,444
May 27, 2020;7,224.56;7,224.56;7,021.62;7,021.62;6,847.60;28,871,229
May 26, 2020;7,062.21;7,143.39;7,041.92;7,143.39;6,966.34;24,167,504
May 25, 2020;7,001.33;7,082.50;6,981.04;7,021.62;6,847.60;11,197,057
May 22, 2020;7,102.80;7,163.68;6,981.04;7,001.33;6,827.81;19,230,608
May 21, 2020;7,041.92;7,163.68;7,001.33;7,143.39;6,966.34;21,517,721
May 20, 2020;7,001.33;7,062.21;6,960.74;7,021.62;6,847.60;10,494,920
May 19, 2020;7,062.21;7,102.80;7,001.33;7,062.21;6,887.18;24,897,316
May 18, 2020;6,879.57;6,940.45;6,818.69;6,920.16;6,748.64;11,809,193
May 15, 2020;7,062.21;7,082.50;6,879.57;6,879.57;6,709.06;19,836,558
May 14, 2020;7,021.62;7,123.09;6,940.45;7,021.62;6,847.60;18,579,763
May 13, 2020;7,062.21;7,163.68;6,899.86;7,102.80;6,926.76;27,190,610
May 12, 2020;6,818.69;6,981.04;6,737.51;6,981.04;6,808.02;29,425,389
May 11, 2020;6,859.27;6,899.86;6,696.92;6,818.69;6,649.69;36,640,560
May 8, 2020;6,656.34;6,899.86;6,656.34;6,737.51;6,570.53;35,230,590
